RunId,iteration,Step,estrategia,avances,rescatistas,rng,Rescatados,Perdidas,Danio,Fuegos,Paredes,Puertas,Rescatando,Pasos,Avances,Estado
0,0,1.0,mejorada,1,2,7138484576005690179,0,0,0,10,0,0,2,1,1,en_curso
0,0,2.0,mejorada,1,2,7138484576005690179,0,0,0,6,0,0,2,2,1,en_curso
0,0,3.0,mejorada,1,2,7138484576005690179,0,0,0,4,0,4,2,3,1,en_curso
0,0,4.0,mejorada,1,2,7138484576005690179,0,0,0,3,0,5,2,4,1,en_curso
0,0,5.0,mejorada,1,2,7138484576005690179,0,0,0,0,0,6,2,5,1,en_curso
0,0,6.0,mejorada,1,2,7138484576005690179,0,0,0,3,0,6,2,6,1,en_curso
0,0,7.0,mejorada,1,2,7138484576005690179,0,0,0,0,0,7,2,7,1,en_curso
0,0,8.0,mejorada,1,2,7138484576005690179,1,0,0,0,0,7,2,8,1,en_curso
0,0,9.0,mejorada,1,2,7138484576005690179,1,1,1,9,1,7,1,9,1,en_curso
0,0,10.0,mejorada,1,2,7138484576005690179,1,1,1,5,1,7,1,10,1,en_curso
0,0,11.0,mejorada,1,2,7138484576005690179,3,1,4,8,4,7,2,11,1,en_curso
0,0,12.0,mejorada,1,2,7138484576005690179,3,1,8,7,8,7,2,12,1,en_curso
0,0,13.0,mejorada,1,2,7138484576005690179,4,1,8,6,8,7,2,13,1,en_curso
0,0,14.0,mejorada,1,2,7138484576005690179,4,1,12,3,10,7,2,14,1,en_curso
0,0,15.0,mejorada,1,2,7138484576005690179,7,1,12,4,10,7,2,15,1,ganado
1,0,1.0,mejorada,1,3,7138484576005690179,0,0,0,10,0,0,3,1,1,en_curso
1,0,2.0,mejorada,1,3,7138484576005690179,0,0,0,6,0,0,2,2,1,en_curso
1,0,3.0,mejorada,1,3,7138484576005690179,0,0,0,4,0,4,3,3,1,en_curso
1,0,4.0,mejorada,1,3,7138484576005690179,0,0,0,5,0,5,3,4,1,en_curso
1,0,5.0,mejorada,1,3,7138484576005690179,0,0,0,4,0,6,3,5,1,en_curso
1,0,6.0,mejorada,1,3,7138484576005690179,0,0,0,1,0,6,3,6,1,en_curso
1,0,7.0,mejorada,1,3,7138484576005690179,0,1,0,7,0,6,3,7,1,en_curso
1,0,8.0,mejorada,1,3,7138484576005690179,2,1,2,10,2,6,3,8,1,en_curso
1,0,9.0,mejorada,1,3,7138484576005690179,2,1,2,7,2,6,2,9,1,en_curso
1,0,10.0,mejorada,1,3,7138484576005690179,3,2,9,12,6,7,2,10,1,en_curso
1,0,11.0,mejorada,1,3,7138484576005690179,4,2,9,11,6,7,1,11,1,en_curso
1,0,12.0,mejorada,1,3,7138484576005690179,4,2,9,8,6,7,2,12,1,en_curso
1,0,13.0,mejorada,1,3,7138484576005690179,4,4,9,9,6,7,3,13,1,perdido
2,0,1.0,mejorada,1,4,7138484576005690179,0,0,0,10,0,0,4,1,1,en_curso
2,0,2.0,mejorada,1,4,7138484576005690179,0,0,0,6,0,0,2,2,1,en_curso
2,0,3.0,mejorada,1,4,7138484576005690179,0,0,0,5,0,5,4,3,1,en_curso
2,0,4.0,mejorada,1,4,7138484576005690179,0,0,0,4,0,5,4,4,1,en_curso
2,0,5.0,mejorada,1,4,7138484576005690179,0,0,0,8,0,7,4,5,1,en_curso
2,0,6.0,mejorada,1,4,7138484576005690179,1,0,0,9,0,7,4,6,1,en_curso
2,0,7.0,mejorada,1,4,7138484576005690179,1,0,6,15,4,7,3,7,1,en_curso
2,0,8.0,mejorada,1,4,7138484576005690179,1,2,9,21,6,7,3,8,1,en_curso
2,0,9.0,mejorada,1,4,7138484576005690179,3,2,13,20,8,7,2,9,1,en_curso
2,0,10.0,mejorada,1,4,7138484576005690179,3,4,20,18,13,7,1,10,1,perdido
3,1,1.0,mejorada,1,2,4047939128787533792,0,0,0,10,0,0,2,1,1,en_curso
3,1,2.0,mejorada,1,2,4047939128787533792,0,0,6,10,6,0,0,2,1,en_curso
3,1,3.0,mejorada,1,2,4047939128787533792,0,0,9,10,6,2,0,3,1,en_curso
3,1,4.0,mejorada,1,2,4047939128787533792,0,0,11,10,8,3,1,4,1,en_curso
3,1,5.0,mejorada,1,2,4047939128787533792,0,1,11,6,8,5,1,5,1,en_curso
3,1,6.0,mejorada,1,2,4047939128787533792,0,1,13,7,8,5,2,6,1,en_curso
3,1,7.0,mejorada,1,2,4047939128787533792,0,1,13,8,8,5,2,7,1,en_curso
3,1,8.0,mejorada,1,2,4047939128787533792,2,1,13,6,8,5,2,8,1,en_curso
3,1,9.0,mejorada,1,2,4047939128787533792,3,1,15,9,10,5,2,9,1,en_curso
3,1,10.0,mejorada,1,2,4047939128787533792,4,1,20,12,14,5,1,10,1,en_curso
3,1,11.0,mejorada,1,2,4047939128787533792,4,1,24,10,15,5,0,11,1,perdido
4,1,1.0,mejorada,1,3,4047939128787533792,0,0,0,10,0,0,3,1,1,en_curso
4,1,2.0,mejorada,1,3,4047939128787533792,0,0,6,10,6,0,0,2,1,en_curso
4,1,3.0,mejorada,1,3,4047939128787533792,0,0,9,10,6,2,0,3,1,en_curso
4,1,4.0,mejorada,1,3,4047939128787533792,0,0,11,10,8,3,1,4,1,en_curso
4,1,5.0,mejorada,1,3,4047939128787533792,0,1,11,6,8,5,2,5,1,en_curso
4,1,6.0,mejorada,1,3,4047939128787533792,0,2,12,7,9,6,3,6,1,en_curso
4,1,7.0,mejorada,1,3,4047939128787533792,0,3,12,9,9,6,2,7,1,en_curso
4,1,8.0,mejorada,1,3,4047939128787533792,0,4,17,10,12,6,1,8,1,perdido
5,1,1.0,mejorada,1,4,4047939128787533792,0,0,0,10,0,0,4,1,1,en_curso
5,1,2.0,mejorada,1,4,4047939128787533792,0,0,6,10,6,0,0,2,1,en_curso
5,1,3.0,mejorada,1,4,4047939128787533792,0,0,9,10,6,2,0,3,1,en_curso
5,1,4.0,mejorada,1,4,4047939128787533792,0,0,11,10,8,3,1,4,1,en_curso
5,1,5.0,mejorada,1,4,4047939128787533792,0,1,11,6,8,5,2,5,1,en_curso
5,1,6.0,mejorada,1,4,4047939128787533792,0,2,12,7,9,6,4,6,1,en_curso
5,1,7.0,mejorada,1,4,4047939128787533792,0,3,12,11,9,6,1,7,1,en_curso
5,1,8.0,mejorada,1,4,4047939128787533792,0,4,17,16,12,6,1,8,1,perdido
6,2,1.0,mejorada,1,2,7919168045412322065,0,0,0,10,0,0,2,1,1,en_curso
6,2,2.0,mejorada,1,2,7919168045412322065,0,0,3,5,3,1,2,2,1,en_curso
6,2,3.0,mejorada,1,2,7919168045412322065,0,0,8,5,5,7,2,3,1,en_curso
6,2,4.0,mejorada,1,2,7919168045412322065,0,0,12,8,6,7,2,4,1,en_curso
6,2,5.0,mejorada,1,2,7919168045412322065,0,1,14,8,8,7,2,5,1,en_curso
6,2,6.0,mejorada,1,2,7919168045412322065,0,1,16,9,8,7,2,6,1,en_curso
6,2,7.0,mejorada,1,2,7919168045412322065,0,1,16,9,8,7,1,7,1,en_curso
6,2,8.0,mejorada,1,2,7919168045412322065,1,3,24,13,13,8,1,8,1,perdido
7,2,1.0,mejorada,1,3,7919168045412322065,0,0,0,10,0,0,3,1,1,en_curso
7,2,2.0,mejorada,1,3,7919168045412322065,0,0,3,6,3,1,3,2,1,en_curso
7,2,3.0,mejorada,1,3,7919168045412322065,1,0,8,9,8,4,2,3,1,en_curso
7,2,4.0,mejorada,1,3,7919168045412322065,1,0,11,8,9,6,3,4,1,en_curso
7,2,5.0,mejorada,1,3,7919168045412322065,1,0,14,9,10,7,3,5,1,en_curso
7,2,6.0,mejorada,1,3,7919168045412322065,1,1,14,9,10,7,3,6,1,en_curso
7,2,7.0,mejorada,1,3,7919168045412322065,2,1,14,6,10,7,3,7,1,en_curso
7,2,8.0,mejorada,1,3,7919168045412322065,4,1,14,6,10,7,3,8,1,en_curso
7,2,9.0,mejorada,1,3,7919168045412322065,7,1,14,10,10,7,3,9,1,ganado
8,2,1.0,mejorada,1,4,7919168045412322065,0,0,0,10,0,0,4,1,1,en_curso
8,2,2.0,mejorada,1,4,7919168045412322065,0,0,3,6,3,1,3,2,1,en_curso
8,2,3.0,mejorada,1,4,7919168045412322065,1,0,8,9,8,4,2,3,1,en_curso
8,2,4.0,mejorada,1,4,7919168045412322065,1,0,12,8,10,4,4,4,1,en_curso
8,2,5.0,mejorada,1,4,7919168045412322065,1,0,24,12,16,6,2,5,1,perdido
9,3,1.0,mejorada,1,2,6432084778622665797,0,0,0,10,0,0,2,1,1,en_curso
9,3,2.0,mejorada,1,2,6432084778622665797,0,0,0,4,0,0,1,2,1,en_curso
9,3,3.0,mejorada,1,2,6432084778622665797,0,0,2,5,2,5,2,3,1,en_curso
9,3,4.0,mejorada,1,2,6432084778622665797,0,0,2,3,2,7,2,4,1,en_curso
9,3,5.0,mejorada,1,2,6432084778622665797,0,0,2,2,2,7,2,5,1,en_curso
9,3,6.0,mejorada,1,2,6432084778622665797,0,1,2,2,2,7,2,6,1,en_curso
9,3,7.0,mejorada,1,2,6432084778622665797,1,1,2,1,2,7,2,7,1,en_curso
9,3,8.0,mejorada,1,2,6432084778622665797,1,1,2,0,2,8,2,8,1,en_curso
9,3,9.0,mejorada,1,2,6432084778622665797,1,1,2,1,2,8,2,9,1,en_curso
9,3,10.0,mejorada,1,2,6432084778622665797,1,1,2,2,2,8,2,10,1,en_curso
9,3,11.0,mejorada,1,2,6432084778622665797,2,4,12,12,10,8,2,11,1,perdido
10,3,1.0,mejorada,1,3,6432084778622665797,0,0,0,10,0,0,3,1,1,en_curso
10,3,2.0,mejorada,1,3,6432084778622665797,0,0,0,5,0,0,2,2,1,en_curso
10,3,3.0,mejorada,1,3,6432084778622665797,0,0,4,8,4,6,3,3,1,en_curso
10,3,4.0,mejorada,1,3,6432084778622665797,0,0,4,10,4,6,1,4,1,en_curso
10,3,5.0,mejorada,1,3,6432084778622665797,0,0,4,8,4,6,2,5,1,en_curso
10,3,6.0,mejorada,1,3,6432084778622665797,0,0,6,9,5,6,1,6,1,en_curso
10,3,7.0,mejorada,1,3,6432084778622665797,0,0,9,11,8,7,1,7,1,en_curso
10,3,8.0,mejorada,1,3,6432084778622665797,2,0,9,7,8,7,1,8,1,en_curso
10,3,9.0,mejorada,1,3,6432084778622665797,2,0,9,5,8,7,3,9,1,en_curso
10,3,10.0,mejorada,1,3,6432084778622665797,3,1,11,12,8,7,1,10,1,en_curso
10,3,11.0,mejorada,1,3,6432084778622665797,3,2,14,8,11,7,0,11,1,en_curso
10,3,12.0,mejorada,1,3,6432084778622665797,5,2,26,9,16,8,3,12,1,perdido
11,3,1.0,mejorada,1,4,6432084778622665797,0,0,0,10,0,0,4,1,1,en_curso
11,3,2.0,mejorada,1,4,6432084778622665797,0,0,0,7,0,1,3,2,1,en_curso
11,3,3.0,mejorada,1,4,6432084778622665797,0,0,4,9,4,7,3,3,1,en_curso
11,3,4.0,mejorada,1,4,6432084778622665797,0,0,4,9,4,7,0,4,1,en_curso
11,3,5.0,mejorada,1,4,6432084778622665797,0,0,4,8,4,7,1,5,1,en_curso
11,3,6.0,mejorada,1,4,6432084778622665797,0,0,10,10,7,7,1,6,1,en_curso
11,3,7.0,mejorada,1,4,6432084778622665797,0,0,16,13,12,7,0,7,1,en_curso
11,3,8.0,mejorada,1,4,6432084778622665797,0,0,18,11,14,7,0,8,1,en_curso
11,3,9.0,mejorada,1,4,6432084778622665797,0,2,24,12,17,7,0,9,1,perdido
12,4,1.0,mejorada,1,2,868632717012091125,0,0,0,10,0,0,2,1,1,en_curso
12,4,2.0,mejorada,1,2,868632717012091125,0,0,0,7,0,0,1,2,1,en_curso
12,4,3.0,mejorada,1,2,868632717012091125,0,0,3,9,3,4,2,3,1,en_curso
12,4,4.0,mejorada,1,2,868632717012091125,0,0,3,6,3,6,2,4,1,en_curso
12,4,5.0,mejorada,1,2,868632717012091125,0,0,7,9,7,6,2,5,1,en_curso
12,4,6.0,mejorada,1,2,868632717012091125,0,0,7,4,7,6,1,6,1,en_curso
12,4,7.0,mejorada,1,2,868632717012091125,1,0,7,5,7,6,2,7,1,en_curso
12,4,8.0,mejorada,1,2,868632717012091125,2,0,10,6,9,6,2,8,1,en_curso
12,4,9.0,mejorada,1,2,868632717012091125,2,0,10,7,9,7,2,9,1,en_curso
12,4,10.0,mejorada,1,2,868632717012091125,2,0,10,5,9,7,2,10,1,en_curso
12,4,11.0,mejorada,1,2,868632717012091125,2,1,10,7,9,7,2,11,1,en_curso
12,4,12.0,mejorada,1,2,868632717012091125,2,1,12,5,11,7,2,12,1,en_curso
12,4,13.0,mejorada,1,2,868632717012091125,2,1,20,6,16,7,2,13,1,en_curso
12,4,14.0,mejorada,1,2,868632717012091125,2,1,20,4,16,7,2,14,1,en_curso
12,4,15.0,mejorada,1,2,868632717012091125,4,1,20,7,16,7,2,15,1,en_curso
12,4,16.0,mejorada,1,2,868632717012091125,6,1,25,10,19,7,2,16,1,perdido
13,4,1.0,mejorada,1,3,868632717012091125,0,0,0,10,0,0,3,1,1,en_curso
13,4,2.0,mejorada,1,3,868632717012091125,0,0,0,7,0,0,1,2,1,en_curso
13,4,3.0,mejorada,1,3,868632717012091125,0,0,3,9,3,4,2,3,1,en_curso
13,4,4.0,mejorada,1,3,868632717012091125,0,0,3,7,3,6,3,4,1,en_curso
13,4,5.0,mejorada,1,3,868632717012091125,2,1,6,6,6,6,3,5,1,en_curso
13,4,6.0,mejorada,1,3,868632717012091125,2,1,8,8,8,7,3,6,1,en_curso
13,4,7.0,mejorada,1,3,868632717012091125,2,2,14,6,13,7,3,7,1,en_curso
13,4,8.0,mejorada,1,3,868632717012091125,4,4,20,11,14,7,3,8,1,perdido
14,4,1.0,mejorada,1,4,868632717012091125,0,0,0,10,0,0,4,1,1,en_curso
14,4,2.0,mejorada,1,4,868632717012091125,0,0,0,7,0,0,1,2,1,en_curso
14,4,3.0,mejorada,1,4,868632717012091125,0,0,5,7,3,4,4,3,1,en_curso
14,4,4.0,mejorada,1,4,868632717012091125,0,1,5,7,3,6,4,4,1,en_curso
14,4,5.0,mejorada,1,4,868632717012091125,1,1,7,16,4,6,4,5,1,en_curso
14,4,6.0,mejorada,1,4,868632717012091125,2,1,12,16,9,7,3,6,1,en_curso
14,4,7.0,mejorada,1,4,868632717012091125,4,3,19,21,13,7,1,7,1,en_curso
14,4,8.0,mejorada,1,4,868632717012091125,4,3,25,24,18,7,0,8,1,perdido
15,5,1.0,mejorada,1,2,8998527916616952261,0,0,0,10,0,0,2,1,1,en_curso
15,5,2.0,mejorada,1,2,8998527916616952261,0,0,4,9,3,0,0,2,1,en_curso
15,5,3.0,mejorada,1,2,8998527916616952261,0,0,7,6,6,2,2,3,1,en_curso
15,5,4.0,mejorada,1,2,8998527916616952261,0,0,7,3,6,4,2,4,1,en_curso
15,5,5.0,mejorada,1,2,8998527916616952261,0,1,12,6,10,6,2,5,1,en_curso
15,5,6.0,mejorada,1,2,8998527916616952261,0,1,14,9,10,7,2,6,1,en_curso
15,5,7.0,mejorada,1,2,8998527916616952261,0,1,14,7,10,7,2,7,1,en_curso
15,5,8.0,mejorada,1,2,8998527916616952261,0,3,19,9,14,7,2,8,1,en_curso
15,5,9.0,mejorada,1,2,8998527916616952261,3,3,26,14,17,7,2,9,1,perdido
16,5,1.0,mejorada,1,3,8998527916616952261,0,0,0,10,0,0,3,1,1,en_curso
16,5,2.0,mejorada,1,3,8998527916616952261,0,0,4,9,3,0,0,2,1,en_curso
16,5,3.0,mejorada,1,3,8998527916616952261,0,0,9,11,7,2,2,3,1,en_curso
16,5,4.0,mejorada,1,3,8998527916616952261,0,0,10,6,8,4,1,4,1,en_curso
16,5,5.0,mejorada,1,3,8998527916616952261,0,0,13,6,11,6,3,5,1,en_curso
16,5,6.0,mejorada,1,3,8998527916616952261,1,1,13,6,11,6,3,6,1,en_curso
16,5,7.0,mejorada,1,3,8998527916616952261,1,1,16,7,14,6,3,7,1,en_curso
16,5,8.0,mejorada,1,3,8998527916616952261,2,2,24,9,16,7,2,8,1,perdido
17,5,1.0,mejorada,1,4,8998527916616952261,0,0,0,10,0,0,4,1,1,en_curso
17,5,2.0,mejorada,1,4,8998527916616952261,0,0,4,9,3,0,0,2,1,en_curso
17,5,3.0,mejorada,1,4,8998527916616952261,0,0,9,11,7,2,2,3,1,en_curso
17,5,4.0,mejorada,1,4,8998527916616952261,0,0,10,6,8,4,1,4,1,en_curso
17,5,5.0,mejorada,1,4,8998527916616952261,0,0,10,7,8,6,4,5,1,en_curso
17,5,6.0,mejorada,1,4,8998527916616952261,0,2,14,12,12,7,2,6,1,en_curso
17,5,7.0,mejorada,1,4,8998527916616952261,0,3,24,16,20,7,1,7,1,perdido
18,6,1.0,mejorada,1,2,7020274643477799479,0,0,0,10,0,0,2,1,1,en_curso
18,6,2.0,mejorada,1,2,7020274643477799479,0,0,1,8,1,0,1,2,1,en_curso
18,6,3.0,mejorada,1,2,7020274643477799479,0,0,3,8,3,4,2,3,1,en_curso
18,6,4.0,mejorada,1,2,7020274643477799479,0,0,3,6,3,5,2,4,1,en_curso
18,6,5.0,mejorada,1,2,7020274643477799479,0,0,3,4,3,6,2,5,1,en_curso
18,6,6.0,mejorada,1,2,7020274643477799479,0,0,3,3,3,7,2,6,1,en_curso
18,6,7.0,mejorada,1,2,7020274643477799479,0,0,3,3,3,7,2,7,1,en_curso
18,6,8.0,mejorada,1,2,7020274643477799479,2,1,3,9,3,8,2,8,1,en_curso
18,6,9.0,mejorada,1,2,7020274643477799479,2,1,8,11,8,8,2,9,1,en_curso
18,6,10.0,mejorada,1,2,7020274643477799479,2,1,11,10,10,8,1,10,1,en_curso
18,6,11.0,mejorada,1,2,7020274643477799479,2,4,14,9,11,8,2,11,1,perdido
19,6,1.0,mejorada,1,3,7020274643477799479,0,0,0,10,0,0,3,1,1,en_curso
19,6,2.0,mejorada,1,3,7020274643477799479,0,0,1,8,1,0,1,2,1,en_curso
19,6,3.0,mejorada,1,3,7020274643477799479,0,0,3,8,3,5,3,3,1,en_curso
19,6,4.0,mejorada,1,3,7020274643477799479,0,0,3,8,3,7,3,4,1,en_curso
19,6,5.0,mejorada,1,3,7020274643477799479,0,0,4,9,4,7,3,5,1,en_curso
19,6,6.0,mejorada,1,3,7020274643477799479,0,0,4,5,4,7,3,6,1,en_curso
19,6,7.0,mejorada,1,3,7020274643477799479,0,1,4,3,4,7,3,7,1,en_curso
19,6,8.0,mejorada,1,3,7020274643477799479,0,2,5,12,5,7,2,8,1,en_curso
19,6,9.0,mejorada,1,3,7020274643477799479,1,4,19,18,16,7,2,9,1,perdido
20,6,1.0,mejorada,1,4,7020274643477799479,0,0,0,10,0,0,4,1,1,en_curso
20,6,2.0,mejorada,1,4,7020274643477799479,0,0,1,9,1,1,2,2,1,en_curso
20,6,3.0,mejorada,1,4,7020274643477799479,0,0,3,7,3,5,3,3,1,en_curso
20,6,4.0,mejorada,1,4,7020274643477799479,0,0,4,11,3,7,3,4,1,en_curso
20,6,5.0,mejorada,1,4,7020274643477799479,0,0,6,10,5,7,1,5,1,en_curso
20,6,6.0,mejorada,1,4,7020274643477799479,0,1,9,8,8,7,2,6,1,en_curso
20,6,7.0,mejorada,1,4,7020274643477799479,0,3,14,16,11,7,4,7,1,en_curso
20,6,8.0,mejorada,1,4,7020274643477799479,0,3,16,14,12,7,0,8,1,en_curso
20,6,9.0,mejorada,1,4,7020274643477799479,0,4,24,14,17,8,0,9,1,perdido
21,7,1.0,mejorada,1,2,7250163532461132703,0,0,0,10,0,0,2,1,1,en_curso
21,7,2.0,mejorada,1,2,7250163532461132703,0,0,2,7,2,0,1,2,1,en_curso
21,7,3.0,mejorada,1,2,7250163532461132703,0,0,4,6,4,3,2,3,1,en_curso
21,7,4.0,mejorada,1,2,7250163532461132703,0,0,4,3,4,4,2,4,1,en_curso
21,7,5.0,mejorada,1,2,7250163532461132703,0,0,6,1,6,5,2,5,1,en_curso
21,7,6.0,mejorada,1,2,7250163532461132703,0,1,6,5,6,5,2,6,1,en_curso
21,7,7.0,mejorada,1,2,7250163532461132703,1,1,12,5,11,7,2,7,1,en_curso
21,7,8.0,mejorada,1,2,7250163532461132703,2,1,12,6,11,7,2,8,1,en_curso
21,7,9.0,mejorada,1,2,7250163532461132703,3,1,14,4,11,7,2,9,1,en_curso
21,7,10.0,mejorada,1,2,7250163532461132703,3,1,14,5,11,7,2,10,1,en_curso
21,7,11.0,mejorada,1,2,7250163532461132703,3,2,14,8,11,7,2,11,1,en_curso
21,7,12.0,mejorada,1,2,7250163532461132703,3,2,14,11,11,7,1,12,1,en_curso
21,7,13.0,mejorada,1,2,7250163532461132703,3,2,25,10,18,7,1,13,1,perdido
22,7,1.0,mejorada,1,3,7250163532461132703,0,0,0,10,0,0,3,1,1,en_curso
22,7,2.0,mejorada,1,3,7250163532461132703,0,0,2,7,2,0,1,2,1,en_curso
22,7,3.0,mejorada,1,3,7250163532461132703,0,0,4,7,4,3,3,3,1,en_curso
22,7,4.0,mejorada,1,3,7250163532461132703,0,0,4,7,4,4,3,4,1,en_curso
22,7,5.0,mejorada,1,3,7250163532461132703,0,0,7,7,6,5,3,5,1,en_curso
22,7,6.0,mejorada,1,3,7250163532461132703,0,1,7,11,6,6,3,6,1,en_curso
22,7,7.0,mejorada,1,3,7250163532461132703,2,1,14,11,10,7,2,7,1,en_curso
22,7,8.0,mejorada,1,3,7250163532461132703,2,1,14,13,10,7,0,8,1,en_curso
22,7,9.0,mejorada,1,3,7250163532461132703,2,1,17,11,13,7,0,9,1,en_curso
22,7,10.0,mejorada,1,3,7250163532461132703,2,1,17,9,13,7,0,10,1,en_curso
22,7,11.0,mejorada,1,3,7250163532461132703,3,1,25,10,16,7,2,11,1,perdido
23,7,1.0,mejorada,1,4,7250163532461132703,0,0,0,10,0,0,4,1,1,en_curso
23,7,2.0,mejorada,1,4,7250163532461132703,0,0,2,7,2,0,1,2,1,en_curso
23,7,3.0,mejorada,1,4,7250163532461132703,0,0,6,10,4,0,2,3,1,en_curso
23,7,4.0,mejorada,1,4,7250163532461132703,0,0,10,8,6,3,1,4,1,en_curso
23,7,5.0,mejorada,1,4,7250163532461132703,1,1,14,16,8,6,3,5,1,en_curso
23,7,6.0,mejorada,1,4,7250163532461132703,1,2,17,16,11,6,0,6,1,en_curso
23,7,7.0,mejorada,1,4,7250163532461132703,1,2,24,14,15,6,0,7,1,perdido
24,8,1.0,mejorada,1,2,1181639697159514249,0,0,0,10,0,0,2,1,1,en_curso
24,8,2.0,mejorada,1,2,1181639697159514249,0,0,8,8,5,0,0,2,1,en_curso
24,8,3.0,mejorada,1,2,1181639697159514249,0,1,9,3,5,3,2,3,1,en_curso
24,8,4.0,mejorada,1,2,1181639697159514249,0,1,9,3,5,5,2,4,1,en_curso
24,8,5.0,mejorada,1,2,1181639697159514249,0,1,9,0,5,5,2,5,1,en_curso
24,8,6.0,mejorada,1,2,1181639697159514249,0,1,9,4,5,6,2,6,1,en_curso
24,8,7.0,mejorada,1,2,1181639697159514249,1,1,9,3,5,7,2,7,1,en_curso
24,8,8.0,mejorada,1,2,1181639697159514249,3,1,9,3,5,7,2,8,1,en_curso
24,8,9.0,mejorada,1,2,1181639697159514249,3,1,9,1,5,8,2,9,1,en_curso
24,8,10.0,mejorada,1,2,1181639697159514249,3,1,9,5,5,8,2,10,1,en_curso
24,8,11.0,mejorada,1,2,1181639697159514249,5,1,10,6,6,8,2,11,1,en_curso
24,8,12.0,mejorada,1,2,1181639697159514249,5,1,12,7,8,8,2,12,1,en_curso
24,8,13.0,mejorada,1,2,1181639697159514249,5,1,12,3,8,8,2,13,1,en_curso
24,8,14.0,mejorada,1,2,1181639697159514249,5,1,12,2,8,8,2,14,1,en_curso
24,8,15.0,mejorada,1,2,1181639697159514249,5,1,12,4,8,8,2,15,1,en_curso
24,8,16.0,mejorada,1,2,1181639697159514249,7,2,12,6,8,8,2,16,1,ganado
25,8,1.0,mejorada,1,3,1181639697159514249,0,0,0,10,0,0,3,1,1,en_curso
25,8,2.0,mejorada,1,3,1181639697159514249,0,0,8,10,5,0,1,2,1,en_curso
25,8,3.0,mejorada,1,3,1181639697159514249,0,0,10,6,6,4,2,3,1,en_curso
25,8,4.0,mejorada,1,3,1181639697159514249,0,1,12,8,8,6,1,4,1,en_curso
25,8,5.0,mejorada,1,3,1181639697159514249,0,1,12,7,8,7,1,5,1,en_curso
25,8,6.0,mejorada,1,3,1181639697159514249,0,1,12,8,8,7,3,6,1,en_curso
25,8,7.0,mejorada,1,3,1181639697159514249,1,1,12,6,8,7,3,7,1,en_curso
25,8,8.0,mejorada,1,3,1181639697159514249,1,1,12,11,8,7,1,8,1,en_curso
25,8,9.0,mejorada,1,3,1181639697159514249,1,1,12,9,8,7,0,9,1,en_curso
25,8,10.0,mejorada,1,3,1181639697159514249,1,2,12,9,8,7,1,10,1,en_curso
25,8,11.0,mejorada,1,3,1181639697159514249,1,2,14,9,10,7,0,11,1,en_curso
25,8,12.0,mejorada,1,3,1181639697159514249,1,2,17,9,13,8,1,12,1,en_curso
25,8,13.0,mejorada,1,3,1181639697159514249,1,3,25,11,17,8,1,13,1,perdido
26,8,1.0,mejorada,1,4,1181639697159514249,0,0,0,10,0,0,4,1,1,en_curso
26,8,2.0,mejorada,1,4,1181639697159514249,0,0,8,10,5,0,1,2,1,en_curso
26,8,3.0,mejorada,1,4,1181639697159514249,0,0,10,7,6,4,3,3,1,en_curso
26,8,4.0,mejorada,1,4,1181639697159514249,0,1,12,10,8,6,0,4,1,en_curso
26,8,5.0,mejorada,1,4,1181639697159514249,0,2,12,8,8,7,2,5,1,en_curso
26,8,6.0,mejorada,1,4,1181639697159514249,0,2,12,10,8,7,2,6,1,en_curso
26,8,7.0,mejorada,1,4,1181639697159514249,2,2,12,7,8,7,1,7,1,en_curso
26,8,8.0,mejorada,1,4,1181639697159514249,2,2,12,8,8,7,4,8,1,en_curso
26,8,9.0,mejorada,1,4,1181639697159514249,2,2,12,7,8,7,4,9,1,en_curso
26,8,10.0,mejorada,1,4,1181639697159514249,3,2,18,10,13,7,4,10,1,en_curso
26,8,11.0,mejorada,1,4,1181639697159514249,4,4,23,17,17,7,2,11,1,perdido
27,9,1.0,mejorada,1,2,4154077065378586294,0,0,0,10,0,0,2,1,1,en_curso
27,9,2.0,mejorada,1,2,4154077065378586294,0,0,0,6,0,0,2,2,1,en_curso
27,9,3.0,mejorada,1,2,4154077065378586294,0,1,2,8,2,5,2,3,1,en_curso
27,9,4.0,mejorada,1,2,4154077065378586294,1,1,3,8,3,6,2,4,1,en_curso
27,9,5.0,mejorada,1,2,4154077065378586294,1,2,3,5,3,7,2,5,1,en_curso
27,9,6.0,mejorada,1,2,4154077065378586294,1,2,8,5,5,7,2,6,1,en_curso
27,9,7.0,mejorada,1,2,4154077065378586294,1,2,11,9,8,7,2,7,1,en_curso
27,9,8.0,mejorada,1,2,4154077065378586294,2,3,11,11,8,7,2,8,1,en_curso
27,9,9.0,mejorada,1,2,4154077065378586294,2,3,11,7,8,7,2,9,1,en_curso
27,9,10.0,mejorada,1,2,4154077065378586294,3,3,13,9,10,7,2,10,1,en_curso
27,9,11.0,mejorada,1,2,4154077065378586294,5,3,13,6,10,7,2,11,1,en_curso
27,9,12.0,mejorada,1,2,4154077065378586294,5,3,13,12,10,7,1,12,1,en_curso
27,9,13.0,mejorada,1,2,4154077065378586294,5,3,19,11,13,7,0,13,1,en_curso
27,9,14.0,mejorada,1,2,4154077065378586294,5,3,24,9,18,7,1,14,1,perdido
28,9,1.0,mejorada,1,3,4154077065378586294,0,0,0,10,0,0,3,1,1,en_curso
28,9,2.0,mejorada,1,3,4154077065378586294,0,0,0,6,0,0,2,2,1,en_curso
28,9,3.0,mejorada,1,3,4154077065378586294,1,1,2,8,2,4,3,3,1,en_curso
28,9,4.0,mejorada,1,3,4154077065378586294,1,4,8,14,7,6,1,4,1,perdido
29,9,1.0,mejorada,1,4,4154077065378586294,0,0,0,10,0,0,4,1,1,en_curso
29,9,2.0,mejorada,1,4,4154077065378586294,0,0,0,7,0,1,3,2,1,en_curso
29,9,3.0,mejorada,1,4,4154077065378586294,0,1,2,9,2,5,3,3,1,en_curso
29,9,4.0,mejorada,1,4,4154077065378586294,1,1,4,10,4,5,3,4,1,en_curso
29,9,5.0,mejorada,1,4,4154077065378586294,1,1,4,10,4,6,1,5,1,en_curso
29,9,6.0,mejorada,1,4,4154077065378586294,2,1,10,8,7,6,1,6,1,en_curso
29,9,7.0,mejorada,1,4,4154077065378586294,3,3,12,8,9,7,3,7,1,en_curso
29,9,8.0,mejorada,1,4,4154077065378586294,4,3,12,7,9,7,4,8,1,en_curso
29,9,9.0,mejorada,1,4,4154077065378586294,5,3,14,10,11,7,4,9,1,en_curso
29,9,10.0,mejorada,1,4,4154077065378586294,6,3,18,16,13,7,1,10,1,en_curso
29,9,11.0,mejorada,1,4,4154077065378586294,6,3,19,17,14,7,0,11,1,en_curso
29,9,12.0,mejorada,1,4,4154077065378586294,6,3,24,18,18,7,0,12,1,perdido
30,10,1.0,mejorada,1,2,3420008128027789332,0,0,0,10,0,0,2,1,1,en_curso
30,10,2.0,mejorada,1,2,3420008128027789332,0,0,3,6,3,2,0,2,1,en_curso
30,10,3.0,mejorada,1,2,3420008128027789332,0,0,3,4,3,2,2,3,1,en_curso
30,10,4.0,mejorada,1,2,3420008128027789332,1,0,3,3,3,3,2,4,1,en_curso
30,10,5.0,mejorada,1,2,3420008128027789332,1,0,3,3,3,6,2,5,1,en_curso
30,10,6.0,mejorada,1,2,3420008128027789332,1,0,3,2,3,6,2,6,1,en_curso
30,10,7.0,mejorada,1,2,3420008128027789332,3,1,3,4,3,6,2,7,1,en_curso
30,10,8.0,mejorada,1,2,3420008128027789332,3,1,3,0,3,7,2,8,1,en_curso
30,10,9.0,mejorada,1,2,3420008128027789332,4,1,3,0,3,7,2,9,1,en_curso
30,10,10.0,mejorada,1,2,3420008128027789332,4,1,3,0,3,7,2,10,1,en_curso
30,10,11.0,mejorada,1,2,3420008128027789332,5,1,3,1,3,7,2,11,1,en_curso
30,10,12.0,mejorada,1,2,3420008128027789332,5,1,3,0,3,7,2,12,1,en_curso
30,10,13.0,mejorada,1,2,3420008128027789332,6,1,3,6,3,7,2,13,1,en_curso
30,10,14.0,mejorada,1,2,3420008128027789332,6,1,7,3,7,7,2,14,1,en_curso
30,10,15.0,mejorada,1,2,3420008128027789332,6,2,7,6,7,7,2,15,1,en_curso
30,10,16.0,mejorada,1,2,3420008128027789332,7,2,16,10,14,7,2,16,1,ganado
31,10,1.0,mejorada,1,3,3420008128027789332,0,0,0,10,0,0,3,1,1,en_curso
31,10,2.0,mejorada,1,3,3420008128027789332,0,0,3,6,3,2,0,2,1,en_curso
31,10,3.0,mejorada,1,3,3420008128027789332,0,0,3,4,3,2,3,3,1,en_curso
31,10,4.0,mejorada,1,3,3420008128027789332,1,0,3,9,3,6,3,4,1,en_curso
31,10,5.0,mejorada,1,3,3420008128027789332,2,0,5,8,5,6,2,5,1,en_curso
31,10,6.0,mejorada,1,3,3420008128027789332,2,0,9,10,8,6,1,6,1,en_curso
31,10,7.0,mejorada,1,3,3420008128027789332,2,0,9,8,8,6,2,7,1,en_curso
31,10,8.0,mejorada,1,3,3420008128027789332,2,1,14,10,12,7,2,8,1,en_curso
31,10,9.0,mejorada,1,3,3420008128027789332,2,1,15,10,13,7,1,9,1,en_curso
31,10,10.0,mejorada,1,3,3420008128027789332,2,1,15,8,13,7,1,10,1,en_curso
31,10,11.0,mejorada,1,3,3420008128027789332,2,2,15,6,13,7,2,11,1,en_curso
31,10,12.0,mejorada,1,3,3420008128027789332,2,3,24,11,19,7,1,12,1,perdido
32,10,1.0,mejorada,1,4,3420008128027789332,0,0,0,10,0,0,4,1,1,en_curso
32,10,2.0,mejorada,1,4,3420008128027789332,0,0,3,7,3,1,1,2,1,en_curso
32,10,3.0,mejorada,1,4,3420008128027789332,0,0,6,6,5,1,3,3,1,en_curso
32,10,4.0,mejorada,1,4,3420008128027789332,0,0,8,7,6,4,4,4,1,en_curso
32,10,5.0,mejorada,1,4,3420008128027789332,0,0,8,7,6,5,4,5,1,en_curso
32,10,6.0,mejorada,1,4,3420008128027789332,1,1,15,8,10,5,3,6,1,en_curso
32,10,7.0,mejorada,1,4,3420008128027789332,1,3,25,12,17,8,1,7,1,perdido
33,11,1.0,mejorada,1,2,8547898282882222422,0,0,0,10,0,0,2,1,1,en_curso
33,11,2.0,mejorada,1,2,8547898282882222422,0,0,0,5,0,0,1,2,1,en_curso
33,11,3.0,mejorada,1,2,8547898282882222422,0,0,3,4,3,4,2,3,1,en_curso
33,11,4.0,mejorada,1,2,8547898282882222422,0,0,3,2,3,6,2,4,1,en_curso
33,11,5.0,mejorada,1,2,8547898282882222422,0,0,3,2,3,7,2,5,1,en_curso
33,11,6.0,mejorada,1,2,8547898282882222422,0,0,3,1,3,7,2,6,1,en_curso
33,11,7.0,mejorada,1,2,8547898282882222422,2,0,3,3,3,7,2,7,1,en_curso
33,11,8.0,mejorada,1,2,8547898282882222422,2,0,3,3,3,8,2,8,1,en_curso
33,11,9.0,mejorada,1,2,8547898282882222422,2,0,3,2,3,8,2,9,1,en_curso
33,11,10.0,mejorada,1,2,8547898282882222422,3,0,3,3,3,8,2,10,1,en_curso
33,11,11.0,mejorada,1,2,8547898282882222422,3,0,3,2,3,8,2,11,1,en_curso
33,11,12.0,mejorada,1,2,8547898282882222422,3,1,5,5,5,8,2,12,1,en_curso
33,11,13.0,mejorada,1,2,8547898282882222422,5,1,5,4,5,8,2,13,1,en_curso
33,11,14.0,mejorada,1,2,8547898282882222422,5,1,6,5,6,8,2,14,1,en_curso
33,11,15.0,mejorada,1,2,8547898282882222422,5,1,6,2,6,8,2,15,1,en_curso
33,11,16.0,mejorada,1,2,8547898282882222422,6,1,6,6,6,8,2,16,1,en_curso
33,11,17.0,mejorada,1,2,8547898282882222422,7,1,12,6,12,8,2,17,1,ganado
34,11,1.0,mejorada,1,3,8547898282882222422,0,0,0,10,0,0,3,1,1,en_curso
34,11,2.0,mejorada,1,3,8547898282882222422,0,0,0,6,0,0,2,2,1,en_curso
34,11,3.0,mejorada,1,3,8547898282882222422,0,0,3,4,3,3,3,3,1,en_curso
34,11,4.0,mejorada,1,3,8547898282882222422,0,0,3,5,3,6,3,4,1,en_curso
34,11,5.0,mejorada,1,3,8547898282882222422,0,0,3,3,3,6,3,5,1,en_curso
34,11,6.0,mejorada,1,3,8547898282882222422,0,0,6,3,5,7,3,6,1,en_curso
34,11,7.0,mejorada,1,3,8547898282882222422,2,0,8,4,5,7,3,7,1,en_curso
34,11,8.0,mejorada,1,3,8547898282882222422,2,0,10,8,7,8,3,8,1,en_curso
34,11,9.0,mejorada,1,3,8547898282882222422,3,0,12,11,7,8,3,9,1,en_curso
34,11,10.0,mejorada,1,3,8547898282882222422,4,0,16,13,10,8,1,10,1,en_curso
34,11,11.0,mejorada,1,3,8547898282882222422,4,0,16,10,10,8,0,11,1,en_curso
34,11,12.0,mejorada,1,3,8547898282882222422,4,0,24,11,16,8,0,12,1,perdido
35,11,1.0,mejorada,1,4,8547898282882222422,0,0,0,10,0,0,4,1,1,en_curso
35,11,2.0,mejorada,1,4,8547898282882222422,0,0,0,8,0,1,3,2,1,en_curso
35,11,3.0,mejorada,1,4,8547898282882222422,0,0,3,7,3,6,3,3,1,en_curso
35,11,4.0,mejorada,1,4,8547898282882222422,0,0,3,6,3,7,4,4,1,en_curso
35,11,5.0,mejorada,1,4,8547898282882222422,0,0,5,8,5,7,4,5,1,en_curso
35,11,6.0,mejorada,1,4,8547898282882222422,0,0,7,11,7,7,4,6,1,en_curso
35,11,7.0,mejorada,1,4,8547898282882222422,1,0,10,9,9,8,3,7,1,en_curso
35,11,8.0,mejorada,1,4,8547898282882222422,2,2,25,15,20,8,0,8,1,perdido
36,12,1.0,mejorada,1,2,5938607544058144514,0,0,0,10,0,0,2,1,1,en_curso
36,12,2.0,mejorada,1,2,5938607544058144514,0,0,0,7,0,0,1,2,1,en_curso
36,12,3.0,mejorada,1,2,5938607544058144514,0,0,0,6,0,1,2,3,1,en_curso
36,12,4.0,mejorada,1,2,5938607544058144514,0,0,2,7,2,3,2,4,1,en_curso
36,12,5.0,mejorada,1,2,5938607544058144514,1,0,2,3,2,5,2,5,1,en_curso
36,12,6.0,mejorada,1,2,5938607544058144514,1,0,2,4,2,7,2,6,1,en_curso
36,12,7.0,mejorada,1,2,5938607544058144514,1,0,2,4,2,7,2,7,1,en_curso
36,12,8.0,mejorada,1,2,5938607544058144514,1,2,4,6,4,7,2,8,1,en_curso
36,12,9.0,mejorada,1,2,5938607544058144514,2,2,7,10,7,7,2,9,1,en_curso
36,12,10.0,mejorada,1,2,5938607544058144514,4,3,14,12,12,7,2,10,1,en_curso
36,12,11.0,mejorada,1,2,5938607544058144514,4,3,18,11,13,7,0,11,1,en_curso
36,12,12.0,mejorada,1,2,5938607544058144514,4,4,20,9,13,7,2,12,1,perdido
37,12,1.0,mejorada,1,3,5938607544058144514,0,0,0,10,0,0,3,1,1,en_curso
37,12,2.0,mejorada,1,3,5938607544058144514,0,0,0,8,0,0,2,2,1,en_curso
37,12,3.0,mejorada,1,3,5938607544058144514,0,0,0,7,0,2,3,3,1,en_curso
37,12,4.0,mejorada,1,3,5938607544058144514,0,1,2,7,2,5,3,4,1,en_curso
37,12,5.0,mejorada,1,3,5938607544058144514,0,3,7,11,5,7,2,5,1,en_curso
37,12,6.0,mejorada,1,3,5938607544058144514,0,4,14,9,9,7,2,6,1,perdido
38,12,1.0,mejorada,1,4,5938607544058144514,0,0,0,10,0,0,4,1,1,en_curso
38,12,2.0,mejorada,1,4,5938607544058144514,0,0,0,8,0,0,2,2,1,en_curso
38,12,3.0,mejorada,1,4,5938607544058144514,0,1,0,12,0,1,4,3,1,en_curso
38,12,4.0,mejorada,1,4,5938607544058144514,0,1,0,8,0,4,1,4,1,en_curso
38,12,5.0,mejorada,1,4,5938607544058144514,0,2,0,7,0,5,3,5,1,en_curso
38,12,6.0,mejorada,1,4,5938607544058144514,0,2,1,10,1,5,1,6,1,en_curso
38,12,7.0,mejorada,1,4,5938607544058144514,0,3,4,7,4,5,1,7,1,en_curso
38,12,8.0,mejorada,1,4,5938607544058144514,0,3,9,9,8,5,1,8,1,en_curso
38,12,9.0,mejorada,1,4,5938607544058144514,1,4,13,8,10,6,4,9,1,perdido
39,13,1.0,mejorada,1,2,7588636456839696474,0,0,0,10,0,0,2,1,1,en_curso
39,13,2.0,mejorada,1,2,7588636456839696474,0,0,1,7,1,0,1,2,1,en_curso
39,13,3.0,mejorada,1,2,7588636456839696474,0,0,3,8,3,4,2,3,1,en_curso
39,13,4.0,mejorada,1,2,7588636456839696474,1,0,5,9,5,6,2,4,1,en_curso
39,13,5.0,mejorada,1,2,7588636456839696474,1,1,5,5,5,6,2,5,1,en_curso
39,13,6.0,mejorada,1,2,7588636456839696474,1,1,8,3,8,6,2,6,1,en_curso
39,13,7.0,mejorada,1,2,7588636456839696474,2,1,8,2,8,6,2,7,1,en_curso
39,13,8.0,mejorada,1,2,7588636456839696474,3,1,8,5,8,6,2,8,1,en_curso
39,13,9.0,mejorada,1,2,7588636456839696474,3,1,8,3,8,6,2,9,1,en_curso
39,13,10.0,mejorada,1,2,7588636456839696474,4,1,8,2,8,7,2,10,1,en_curso
39,13,11.0,mejorada,1,2,7588636456839696474,4,1,8,3,8,7,2,11,1,en_curso
39,13,12.0,mejorada,1,2,7588636456839696474,4,1,8,5,8,7,2,12,1,en_curso
39,13,13.0,mejorada,1,2,7588636456839696474,4,1,8,5,8,7,2,13,1,en_curso
39,13,14.0,mejorada,1,2,7588636456839696474,5,1,11,7,8,7,2,14,1,en_curso
39,13,15.0,mejorada,1,2,7588636456839696474,5,3,18,13,15,7,1,15,1,en_curso
39,13,16.0,mejorada,1,2,7588636456839696474,7,3,18,7,15,7,2,16,1,ganado
40,13,1.0,mejorada,1,3,7588636456839696474,0,0,0,10,0,0,3,1,1,en_curso
40,13,2.0,mejorada,1,3,7588636456839696474,0,0,1,7,1,0,1,2,1,en_curso
40,13,3.0,mejorada,1,3,7588636456839696474,1,1,5,8,3,5,3,3,1,en_curso
40,13,4.0,mejorada,1,3,7588636456839696474,2,3,7,10,5,6,2,4,1,en_curso
40,13,5.0,mejorada,1,3,7588636456839696474,2,3,7,8,5,6,0,5,1,en_curso
40,13,6.0,mejorada,1,3,7588636456839696474,2,3,7,6,5,6,3,6,1,en_curso
40,13,7.0,mejorada,1,3,7588636456839696474,3,4,9,11,7,6,3,7,1,perdido
41,13,1.0,mejorada,1,4,7588636456839696474,0,0,0,10,0,0,4,1,1,en_curso
41,13,2.0,mejorada,1,4,7588636456839696474,1,0,1,8,1,1,2,2,1,en_curso
41,13,3.0,mejorada,1,4,7588636456839696474,1,1,7,11,7,5,0,3,1,en_curso
41,13,4.0,mejorada,1,4,7588636456839696474,1,1,10,7,10,5,0,4,1,en_curso
41,13,5.0,mejorada,1,4,7588636456839696474,1,1,10,6,10,7,4,5,1,en_curso
41,13,6.0,mejorada,1,4,7588636456839696474,2,4,13,13,13,7,3,6,1,perdido
42,14,1.0,mejorada,1,2,4089774122208370449,0,0,0,10,0,0,2,1,1,en_curso
42,14,2.0,mejorada,1,2,4089774122208370449,0,0,2,7,2,0,1,2,1,en_curso
42,14,3.0,mejorada,1,2,4089774122208370449,0,0,2,3,2,4,2,3,1,en_curso
42,14,4.0,mejorada,1,2,4089774122208370449,0,1,2,4,2,5,2,4,1,en_curso
42,14,5.0,mejorada,1,2,4089774122208370449,0,1,2,0,2,5,2,5,1,en_curso
42,14,6.0,mejorada,1,2,4089774122208370449,1,2,2,4,2,6,2,6,1,en_curso
42,14,7.0,mejorada,1,2,4089774122208370449,1,2,2,3,2,7,2,7,1,en_curso
42,14,8.0,mejorada,1,2,4089774122208370449,2,2,2,3,2,7,2,8,1,en_curso
42,14,9.0,mejorada,1,2,4089774122208370449,2,2,2,2,2,7,2,9,1,en_curso
42,14,10.0,mejorada,1,2,4089774122208370449,2,2,2,4,2,7,2,10,1,en_curso
42,14,11.0,mejorada,1,2,4089774122208370449,3,2,2,4,2,7,2,11,1,en_curso
42,14,12.0,mejorada,1,2,4089774122208370449,3,2,2,3,2,7,2,12,1,en_curso
42,14,13.0,mejorada,1,2,4089774122208370449,4,2,2,8,2,7,2,13,1,en_curso
42,14,14.0,mejorada,1,2,4089774122208370449,6,2,3,13,3,7,2,14,1,en_curso
42,14,15.0,mejorada,1,2,4089774122208370449,7,2,11,16,11,7,1,15,1,ganado
43,14,1.0,mejorada,1,3,4089774122208370449,0,0,0,10,0,0,3,1,1,en_curso
43,14,2.0,mejorada,1,3,4089774122208370449,0,0,2,8,2,0,1,2,1,en_curso
43,14,3.0,mejorada,1,3,4089774122208370449,0,0,2,6,2,3,3,3,1,en_curso
43,14,4.0,mejorada,1,3,4089774122208370449,0,1,4,8,2,6,3,4,1,en_curso
43,14,5.0,mejorada,1,3,4089774122208370449,0,2,6,9,4,6,3,5,1,en_curso
43,14,6.0,mejorada,1,3,4089774122208370449,0,3,6,16,4,6,1,6,1,en_curso
43,14,7.0,mejorada,1,3,4089774122208370449,0,3,6,10,4,6,0,7,1,en_curso
43,14,8.0,mejorada,1,3,4089774122208370449,0,3,6,6,4,6,1,8,1,en_curso
43,14,9.0,mejorada,1,3,4089774122208370449,2,4,10,11,8,7,2,9,1,perdido
44,14,1.0,mejorada,1,4,4089774122208370449,0,0,0,10,0,0,4,1,1,en_curso
44,14,2.0,mejorada,1,4,4089774122208370449,0,0,2,8,2,0,1,2,1,en_curso
44,14,3.0,mejorada,1,4,4089774122208370449,0,0,2,7,2,2,2,3,1,en_curso
44,14,4.0,mejorada,1,4,4089774122208370449,0,1,5,9,5,5,0,4,1,en_curso
44,14,5.0,mejorada,1,4,4089774122208370449,0,1,10,9,8,6,3,5,1,en_curso
44,14,6.0,mejorada,1,4,4089774122208370449,0,1,13,10,9,7,0,6,1,en_curso
44,14,7.0,mejorada,1,4,4089774122208370449,0,1,14,8,9,7,1,7,1,en_curso
44,14,8.0,mejorada,1,4,4089774122208370449,0,1,14,8,9,7,3,8,1,en_curso
44,14,9.0,mejorada,1,4,4089774122208370449,0,1,18,13,13,7,3,9,1,en_curso
44,14,10.0,mejorada,1,4,4089774122208370449,1,3,25,10,19,7,2,10,1,perdido
45,15,1.0,mejorada,1,2,2095907272200333468,0,0,0,10,0,0,2,1,1,en_curso
45,15,2.0,mejorada,1,2,2095907272200333468,0,0,2,5,2,1,1,2,1,en_curso
45,15,3.0,mejorada,1,2,2095907272200333468,0,0,2,2,2,4,2,3,1,en_curso
45,15,4.0,mejorada,1,2,2095907272200333468,0,0,2,1,2,8,2,4,1,en_curso
45,15,5.0,mejorada,1,2,2095907272200333468,0,0,2,2,2,8,2,5,1,en_curso
45,15,6.0,mejorada,1,2,2095907272200333468,1,1,2,3,2,8,2,6,1,en_curso
45,15,7.0,mejorada,1,2,2095907272200333468,2,1,2,1,2,8,2,7,1,en_curso
45,15,8.0,mejorada,1,2,2095907272200333468,3,1,2,2,2,8,2,8,1,en_curso
45,15,9.0,mejorada,1,2,2095907272200333468,3,1,2,0,2,8,2,9,1,en_curso
45,15,10.0,mejorada,1,2,2095907272200333468,4,2,2,5,2,8,2,10,1,en_curso
45,15,11.0,mejorada,1,2,2095907272200333468,4,2,2,8,2,8,2,11,1,en_curso
45,15,12.0,mejorada,1,2,2095907272200333468,5,2,2,7,2,8,2,12,1,en_curso
45,15,13.0,mejorada,1,2,2095907272200333468,7,2,3,9,3,8,2,13,1,ganado
46,15,1.0,mejorada,1,3,2095907272200333468,0,0,0,10,0,0,3,1,1,en_curso
46,15,2.0,mejorada,1,3,2095907272200333468,0,0,2,6,2,1,2,2,1,en_curso
46,15,3.0,mejorada,1,3,2095907272200333468,0,0,2,7,2,4,3,3,1,en_curso
46,15,4.0,mejorada,1,3,2095907272200333468,0,0,8,7,6,7,3,4,1,en_curso
46,15,5.0,mejorada,1,3,2095907272200333468,0,1,12,8,9,7,3,5,1,en_curso
46,15,6.0,mejorada,1,3,2095907272200333468,0,1,12,6,9,7,3,6,1,en_curso
46,15,7.0,mejorada,1,3,2095907272200333468,1,1,12,9,9,7,3,7,1,en_curso
46,15,8.0,mejorada,1,3,2095907272200333468,2,2,23,17,15,7,2,8,1,en_curso
46,15,9.0,mejorada,1,3,2095907272200333468,3,3,25,11,17,7,0,9,1,perdido
47,15,1.0,mejorada,1,4,2095907272200333468,0,0,0,10,0,0,4,1,1,en_curso
47,15,2.0,mejorada,1,4,2095907272200333468,0,0,2,6,2,1,2,2,1,en_curso
47,15,3.0,mejorada,1,4,2095907272200333468,0,0,2,8,2,1,3,3,1,en_curso
47,15,4.0,mejorada,1,4,2095907272200333468,0,0,9,8,8,5,2,4,1,en_curso
47,15,5.0,mejorada,1,4,2095907272200333468,0,1,11,11,8,6,1,5,1,en_curso
47,15,6.0,mejorada,1,4,2095907272200333468,0,2,11,10,8,8,1,6,1,en_curso
47,15,7.0,mejorada,1,4,2095907272200333468,0,2,13,8,10,8,1,7,1,en_curso
47,15,8.0,mejorada,1,4,2095907272200333468,0,2,13,8,10,8,4,8,1,en_curso
47,15,9.0,mejorada,1,4,2095907272200333468,1,2,13,8,10,8,4,9,1,en_curso
47,15,10.0,mejorada,1,4,2095907272200333468,2,4,15,8,11,8,4,10,1,perdido
48,16,1.0,mejorada,1,2,5115141816626912272,0,0,0,10,0,0,2,1,1,en_curso
48,16,2.0,mejorada,1,2,5115141816626912272,0,0,5,8,5,1,0,2,1,en_curso
48,16,3.0,mejorada,1,2,5115141816626912272,0,0,5,3,5,2,2,3,1,en_curso
48,16,4.0,mejorada,1,2,5115141816626912272,0,0,5,3,5,7,2,4,1,en_curso
48,16,5.0,mejorada,1,2,5115141816626912272,0,0,5,3,5,7,2,5,1,en_curso
48,16,6.0,mejorada,1,2,5115141816626912272,0,0,6,4,5,7,2,6,1,en_curso
48,16,7.0,mejorada,1,2,5115141816626912272,0,0,6,4,5,7,2,7,1,en_curso
48,16,8.0,mejorada,1,2,5115141816626912272,1,0,6,2,5,7,2,8,1,en_curso
48,16,9.0,mejorada,1,2,5115141816626912272,2,0,9,2,8,7,2,9,1,en_curso
48,16,10.0,mejorada,1,2,5115141816626912272,2,0,11,8,10,7,2,10,1,en_curso
48,16,11.0,mejorada,1,2,5115141816626912272,4,1,14,15,11,7,2,11,1,en_curso
48,16,12.0,mejorada,1,2,5115141816626912272,4,2,20,12,14,7,0,12,1,en_curso
48,16,13.0,mejorada,1,2,5115141816626912272,4,2,21,11,14,7,0,13,1,en_curso
48,16,14.0,mejorada,1,2,5115141816626912272,4,2,26,13,19,7,1,14,1,perdido
49,16,1.0,mejorada,1,3,5115141816626912272,0,0,0,10,0,0,3,1,1,en_curso
49,16,2.0,mejorada,1,3,5115141816626912272,0,0,5,8,5,1,0,2,1,en_curso
49,16,3.0,mejorada,1,3,5115141816626912272,0,0,5,6,5,2,3,3,1,en_curso
49,16,4.0,mejorada,1,3,5115141816626912272,1,0,5,7,5,5,3,4,1,en_curso
49,16,5.0,mejorada,1,3,5115141816626912272,1,0,7,10,7,5,3,5,1,en_curso
49,16,6.0,mejorada,1,3,5115141816626912272,1,0,10,8,9,5,2,6,1,en_curso
49,16,7.0,mejorada,1,3,5115141816626912272,1,0,10,9,9,5,2,7,1,en_curso
49,16,8.0,mejorada,1,3,5115141816626912272,2,1,14,7,13,6,3,8,1,en_curso
49,16,9.0,mejorada,1,3,5115141816626912272,4,1,20,6,17,7,2,9,1,en_curso
49,16,10.0,mejorada,1,3,5115141816626912272,5,1,21,11,17,7,2,10,1,en_curso
49,16,11.0,mejorada,1,3,5115141816626912272,5,1,21,10,17,7,0,11,1,en_curso
49,16,12.0,mejorada,1,3,5115141816626912272,5,1,21,7,17,7,1,12,1,en_curso
49,16,13.0,mejorada,1,3,5115141816626912272,6,2,21,5,17,7,3,13,1,en_curso
49,16,14.0,mejorada,1,3,5115141816626912272,6,2,26,10,21,8,3,14,1,perdido
50,16,1.0,mejorada,1,4,5115141816626912272,0,0,0,10,0,0,4,1,1,en_curso
50,16,2.0,mejorada,1,4,5115141816626912272,0,0,5,8,5,1,0,2,1,en_curso
50,16,3.0,mejorada,1,4,5115141816626912272,0,0,5,8,5,2,4,3,1,en_curso
50,16,4.0,mejorada,1,4,5115141816626912272,2,0,5,7,5,4,4,4,1,en_curso
50,16,5.0,mejorada,1,4,5115141816626912272,3,0,8,7,8,4,3,5,1,en_curso
50,16,6.0,mejorada,1,4,5115141816626912272,3,0,8,7,8,5,4,6,1,en_curso
50,16,7.0,mejorada,1,4,5115141816626912272,8,0,11,11,11,5,2,7,1,ganado
51,17,1.0,mejorada,1,2,588610295420051415,0,0,0,10,0,0,2,1,1,en_curso
51,17,2.0,mejorada,1,2,588610295420051415,0,0,2,6,2,2,2,2,1,en_curso
51,17,3.0,mejorada,1,2,588610295420051415,0,0,6,9,5,6,2,3,1,en_curso
51,17,4.0,mejorada,1,2,588610295420051415,0,0,9,5,7,7,2,4,1,en_curso
51,17,5.0,mejorada,1,2,588610295420051415,0,0,9,2,7,7,2,5,1,en_curso
51,17,6.0,mejorada,1,2,588610295420051415,1,0,9,2,7,7,2,6,1,en_curso
51,17,7.0,mejorada,1,2,588610295420051415,2,1,13,7,11,7,2,7,1,en_curso
51,17,8.0,mejorada,1,2,588610295420051415,2,1,13,8,11,7,2,8,1,en_curso
51,17,9.0,mejorada,1,2,588610295420051415,3,1,13,6,11,8,2,9,1,en_curso
51,17,10.0,mejorada,1,2,588610295420051415,3,1,13,8,11,8,2,10,1,en_curso
51,17,11.0,mejorada,1,2,588610295420051415,3,1,26,15,20,8,1,11,1,perdido
52,17,1.0,mejorada,1,3,588610295420051415,0,0,0,10,0,0,3,1,1,en_curso
52,17,2.0,mejorada,1,3,588610295420051415,0,0,2,6,2,2,2,2,1,en_curso
52,17,3.0,mejorada,1,3,588610295420051415,0,0,6,9,5,6,3,3,1,en_curso
52,17,4.0,mejorada,1,3,588610295420051415,0,0,9,6,7,7,3,4,1,en_curso
52,17,5.0,mejorada,1,3,588610295420051415,0,0,9,4,7,7,3,5,1,en_curso
52,17,6.0,mejorada,1,3,588610295420051415,2,0,12,9,9,7,3,6,1,en_curso
52,17,7.0,mejorada,1,3,588610295420051415,2,1,16,8,13,7,1,7,1,en_curso
52,17,8.0,mejorada,1,3,588610295420051415,2,1,18,6,13,8,1,8,1,en_curso
52,17,9.0,mejorada,1,3,588610295420051415,2,4,19,11,14,8,3,9,1,perdido
53,17,1.0,mejorada,1,4,588610295420051415,0,0,0,10,0,0,4,1,1,en_curso
53,17,2.0,mejorada,1,4,588610295420051415,0,0,2,7,2,1,3,2,1,en_curso
53,17,3.0,mejorada,1,4,588610295420051415,0,0,6,9,5,3,1,3,1,en_curso
53,17,4.0,mejorada,1,4,588610295420051415,1,1,10,8,8,5,2,4,1,en_curso
53,17,5.0,mejorada,1,4,588610295420051415,1,1,10,8,8,6,3,5,1,en_curso
53,17,6.0,mejorada,1,4,588610295420051415,2,1,16,11,13,7,3,6,1,en_curso
53,17,7.0,mejorada,1,4,588610295420051415,2,1,24,13,17,7,0,7,1,perdido
54,18,1.0,mejorada,1,2,7633550208585727286,0,0,0,10,0,0,2,1,1,en_curso
54,18,2.0,mejorada,1,2,7633550208585727286,0,0,3,7,3,2,1,2,1,en_curso
54,18,3.0,mejorada,1,2,7633550208585727286,0,0,5,4,5,4,2,3,1,en_curso
54,18,4.0,mejorada,1,2,7633550208585727286,0,1,5,2,5,5,2,4,1,en_curso
54,18,5.0,mejorada,1,2,7633550208585727286,0,1,10,6,10,5,2,5,1,en_curso
54,18,6.0,mejorada,1,2,7633550208585727286,1,1,10,8,10,7,2,6,1,en_curso
54,18,7.0,mejorada,1,2,7633550208585727286,1,1,17,6,13,7,2,7,1,en_curso
54,18,8.0,mejorada,1,2,7633550208585727286,1,1,17,8,13,7,2,8,1,en_curso
54,18,9.0,mejorada,1,2,7633550208585727286,2,1,24,13,18,7,2,9,1,perdido
55,18,1.0,mejorada,1,3,7633550208585727286,0,0,0,10,0,0,3,1,1,en_curso
55,18,2.0,mejorada,1,3,7633550208585727286,0,0,3,8,3,1,2,2,1,en_curso
55,18,3.0,mejorada,1,3,7633550208585727286,0,0,3,3,3,4,3,3,1,en_curso
55,18,4.0,mejorada,1,3,7633550208585727286,0,0,3,1,3,5,3,4,1,en_curso
55,18,5.0,mejorada,1,3,7633550208585727286,2,1,3,4,3,5,3,5,1,en_curso
55,18,6.0,mejorada,1,3,7633550208585727286,2,1,3,5,3,6,3,6,1,en_curso
55,18,7.0,mejorada,1,3,7633550208585727286,4,1,3,3,3,6,3,7,1,en_curso
55,18,8.0,mejorada,1,3,7633550208585727286,5,1,3,8,3,6,3,8,1,en_curso
55,18,9.0,mejorada,1,3,7633550208585727286,5,1,3,9,3,7,1,9,1,en_curso
55,18,10.0,mejorada,1,3,7633550208585727286,5,2,9,16,5,7,1,10,1,en_curso
55,18,11.0,mejorada,1,3,7633550208585727286,7,2,12,12,8,7,1,11,1,ganado
56,18,1.0,mejorada,1,4,7633550208585727286,0,0,0,10,0,0,4,1,1,en_curso
56,18,2.0,mejorada,1,4,7633550208585727286,0,0,3,8,3,1,2,2,1,en_curso
56,18,3.0,mejorada,1,4,7633550208585727286,0,0,3,4,3,3,4,3,1,en_curso
56,18,4.0,mejorada,1,4,7633550208585727286,0,0,3,2,3,4,4,4,1,en_curso
56,18,5.0,mejorada,1,4,7633550208585727286,2,1,3,9,3,4,4,5,1,en_curso
56,18,6.0,mejorada,1,4,7633550208585727286,2,1,3,9,3,5,2,6,1,en_curso
56,18,7.0,mejorada,1,4,7633550208585727286,4,1,7,7,7,6,4,7,1,en_curso
56,18,8.0,mejorada,1,4,7633550208585727286,4,1,14,8,11,6,4,8,1,en_curso
56,18,9.0,mejorada,1,4,7633550208585727286,6,1,15,10,11,6,3,9,1,en_curso
56,18,10.0,mejorada,1,4,7633550208585727286,6,1,16,8,12,7,1,10,1,en_curso
56,18,11.0,mejorada,1,4,7633550208585727286,7,1,19,10,13,7,3,11,1,ganado
57,19,1.0,mejorada,1,2,5826075755539127445,0,0,0,10,0,0,2,1,1,en_curso
57,19,2.0,mejorada,1,2,5826075755539127445,0,0,3,5,3,0,1,2,1,en_curso
57,19,3.0,mejorada,1,2,5826075755539127445,0,0,3,2,3,2,2,3,1,en_curso
57,19,4.0,mejorada,1,2,5826075755539127445,0,0,3,1,3,5,2,4,1,en_curso
57,19,5.0,mejorada,1,2,5826075755539127445,0,2,5,4,5,5,2,5,1,en_curso
57,19,6.0,mejorada,1,2,5826075755539127445,0,2,10,7,8,6,2,6,1,en_curso
57,19,7.0,mejorada,1,2,5826075755539127445,0,2,12,7,8,7,2,7,1,en_curso
57,19,8.0,mejorada,1,2,5826075755539127445,1,2,15,7,11,8,1,8,1,en_curso
57,19,9.0,mejorada,1,2,5826075755539127445,2,2,15,2,11,8,2,9,1,en_curso
57,19,10.0,mejorada,1,2,5826075755539127445,2,2,15,0,11,8,2,10,1,en_curso
57,19,11.0,mejorada,1,2,5826075755539127445,4,2,15,3,11,8,2,11,1,en_curso
57,19,12.0,mejorada,1,2,5826075755539127445,4,2,15,0,11,8,2,12,1,en_curso
57,19,13.0,mejorada,1,2,5826075755539127445,5,2,15,0,11,8,2,13,1,en_curso
57,19,14.0,mejorada,1,2,5826075755539127445,5,2,15,0,11,8,2,14,1,en_curso
57,19,15.0,mejorada,1,2,5826075755539127445,6,2,15,2,11,8,2,15,1,en_curso
57,19,16.0,mejorada,1,2,5826075755539127445,6,2,15,2,11,8,2,16,1,en_curso
57,19,17.0,mejorada,1,2,5826075755539127445,6,2,15,0,11,8,2,17,1,en_curso
57,19,18.0,mejorada,1,2,5826075755539127445,7,2,15,0,11,8,2,18,1,ganado
58,19,1.0,mejorada,1,3,5826075755539127445,0,0,0,10,0,0,3,1,1,en_curso
58,19,2.0,mejorada,1,3,5826075755539127445,0,0,3,6,3,0,2,2,1,en_curso
58,19,3.0,mejorada,1,3,5826075755539127445,0,0,3,5,3,1,3,3,1,en_curso
58,19,4.0,mejorada,1,3,5826075755539127445,1,0,3,4,3,5,3,4,1,en_curso
58,19,5.0,mejorada,1,3,5826075755539127445,1,1,6,8,6,6,1,5,1,en_curso
58,19,6.0,mejorada,1,3,5826075755539127445,1,1,9,11,8,6,1,6,1,en_curso
58,19,7.0,mejorada,1,3,5826075755539127445,1,1,9,9,8,6,0,7,1,en_curso
58,19,8.0,mejorada,1,3,5826075755539127445,1,1,12,7,10,6,3,8,1,en_curso
58,19,9.0,mejorada,1,3,5826075755539127445,1,1,25,18,21,6,2,9,1,perdido
59,19,1.0,mejorada,1,4,5826075755539127445,0,0,0,10,0,0,4,1,1,en_curso
59,19,2.0,mejorada,1,4,5826075755539127445,0,0,3,7,3,1,2,2,1,en_curso
59,19,3.0,mejorada,1,4,5826075755539127445,0,0,3,6,3,5,4,3,1,en_curso
59,19,4.0,mejorada,1,4,5826075755539127445,0,0,5,8,5,7,4,4,1,en_curso
59,19,5.0,mejorada,1,4,5826075755539127445,0,0,6,12,6,7,3,5,1,en_curso
59,19,6.0,mejorada,1,4,5826075755539127445,0,1,8,9,8,7,0,6,1,en_curso
59,19,7.0,mejorada,1,4,5826075755539127445,0,1,10,7,10,7,0,7,1,en_curso
59,19,8.0,mejorada,1,4,5826075755539127445,0,2,15,11,13,7,2,8,1,en_curso
59,19,9.0,mejorada,1,4,5826075755539127445,0,2,18,13,14,7,1,9,1,en_curso
59,19,10.0,mejorada,1,4,5826075755539127445,0,2,20,17,16,7,0,10,1,en_curso
59,19,11.0,mejorada,1,4,5826075755539127445,0,4,23,11,19,7,0,11,1,perdido
60,20,1.0,mejorada,1,2,6992125263385868793,0,0,0,10,0,0,2,1,1,en_curso
60,20,2.0,mejorada,1,2,6992125263385868793,0,0,0,5,0,0,0,2,1,en_curso
60,20,3.0,mejorada,1,2,6992125263385868793,0,0,3,3,3,3,2,3,1,en_curso
60,20,4.0,mejorada,1,2,6992125263385868793,0,0,3,2,3,5,2,4,1,en_curso
60,20,5.0,mejorada,1,2,6992125263385868793,1,0,3,1,3,6,2,5,1,en_curso
60,20,6.0,mejorada,1,2,6992125263385868793,1,0,5,5,5,6,2,6,1,en_curso
60,20,7.0,mejorada,1,2,6992125263385868793,2,0,5,3,5,7,2,7,1,en_curso
60,20,8.0,mejorada,1,2,6992125263385868793,4,0,5,1,5,7,2,8,1,en_curso
60,20,9.0,mejorada,1,2,6992125263385868793,4,0,7,9,7,7,1,9,1,en_curso
60,20,10.0,mejorada,1,2,6992125263385868793,4,0,7,6,7,7,1,10,1,en_curso
60,20,11.0,mejorada,1,2,6992125263385868793,4,0,12,7,11,7,2,11,1,en_curso
60,20,12.0,mejorada,1,2,6992125263385868793,4,1,12,6,11,7,2,12,1,en_curso
60,20,13.0,mejorada,1,2,6992125263385868793,5,1,12,3,11,7,2,13,1,en_curso
60,20,14.0,mejorada,1,2,6992125263385868793,6,1,12,11,11,7,2,14,1,en_curso
60,20,15.0,mejorada,1,2,6992125263385868793,6,1,12,11,11,7,0,15,1,en_curso
60,20,16.0,mejorada,1,2,6992125263385868793,6,1,14,10,11,7,1,16,1,en_curso
60,20,17.0,mejorada,1,2,6992125263385868793,6,3,24,11,18,7,0,17,1,perdido
61,20,1.0,mejorada,1,3,6992125263385868793,0,0,0,10,0,0,3,1,1,en_curso
61,20,2.0,mejorada,1,3,6992125263385868793,0,0,0,6,0,0,1,2,1,en_curso
61,20,3.0,mejorada,1,3,6992125263385868793,0,0,6,9,5,4,3,3,1,en_curso
61,20,4.0,mejorada,1,3,6992125263385868793,0,0,9,9,8,4,0,4,1,en_curso
61,20,5.0,mejorada,1,3,6992125263385868793,0,0,9,6,8,5,3,5,1,en_curso
61,20,6.0,mejorada,1,3,6992125263385868793,0,0,9,6,8,5,3,6,1,en_curso
61,20,7.0,mejorada,1,3,6992125263385868793,0,0,9,8,8,5,3,7,1,en_curso
61,20,8.0,mejorada,1,3,6992125263385868793,0,0,9,9,8,7,3,8,1,en_curso
61,20,9.0,mejorada,1,3,6992125263385868793,0,0,13,9,12,7,1,9,1,en_curso
61,20,10.0,mejorada,1,3,6992125263385868793,0,1,15,9,13,7,0,10,1,en_curso
61,20,11.0,mejorada,1,3,6992125263385868793,0,1,18,6,15,7,1,11,1,en_curso
61,20,12.0,mejorada,1,3,6992125263385868793,0,1,20,6,17,7,3,12,1,en_curso
61,20,13.0,mejorada,1,3,6992125263385868793,1,2,24,9,21,7,3,13,1,perdido
62,20,1.0,mejorada,1,4,6992125263385868793,0,0,0,10,0,0,4,1,1,en_curso
62,20,2.0,mejorada,1,4,6992125263385868793,0,0,0,8,0,0,2,2,1,en_curso
62,20,3.0,mejorada,1,4,6992125263385868793,0,0,3,8,3,2,4,3,1,en_curso
62,20,4.0,mejorada,1,4,6992125263385868793,0,0,3,9,3,3,0,4,1,en_curso
62,20,5.0,mejorada,1,4,6992125263385868793,0,0,8,8,6,6,3,5,1,en_curso
62,20,6.0,mejorada,1,4,6992125263385868793,1,0,10,9,7,6,4,6,1,en_curso
62,20,7.0,mejorada,1,4,6992125263385868793,1,0,10,10,7,6,1,7,1,en_curso
62,20,8.0,mejorada,1,4,6992125263385868793,2,0,12,8,9,6,2,8,1,en_curso
62,20,9.0,mejorada,1,4,6992125263385868793,2,1,12,9,9,6,2,9,1,en_curso
62,20,10.0,mejorada,1,4,6992125263385868793,2,1,12,15,9,6,4,10,1,en_curso
62,20,11.0,mejorada,1,4,6992125263385868793,2,2,16,18,13,7,1,11,1,en_curso
62,20,12.0,mejorada,1,4,6992125263385868793,3,3,24,18,18,7,1,12,1,perdido
63,21,1.0,mejorada,1,2,3269924900787895439,0,0,0,10,0,0,2,1,1,en_curso
63,21,2.0,mejorada,1,2,3269924900787895439,0,0,0,4,0,0,1,2,1,en_curso
63,21,3.0,mejorada,1,2,3269924900787895439,0,0,0,0,0,4,2,3,1,en_curso
63,21,4.0,mejorada,1,2,3269924900787895439,0,0,0,1,0,5,2,4,1,en_curso
63,21,5.0,mejorada,1,2,3269924900787895439,0,1,0,4,0,5,2,5,1,en_curso
63,21,6.0,mejorada,1,2,3269924900787895439,1,1,0,3,0,6,2,6,1,en_curso
63,21,7.0,mejorada,1,2,3269924900787895439,2,1,0,2,0,6,2,7,1,en_curso
63,21,8.0,mejorada,1,2,3269924900787895439,4,1,0,0,0,7,2,8,1,en_curso
63,21,9.0,mejorada,1,2,3269924900787895439,4,1,5,7,3,7,2,9,1,en_curso
63,21,10.0,mejorada,1,2,3269924900787895439,4,1,5,4,3,7,2,10,1,en_curso
63,21,11.0,mejorada,1,2,3269924900787895439,7,1,9,8,7,7,1,11,1,ganado
64,21,1.0,mejorada,1,3,3269924900787895439,0,0,0,10,0,0,3,1,1,en_curso
64,21,2.0,mejorada,1,3,3269924900787895439,0,0,0,9,0,0,2,2,1,en_curso
64,21,3.0,mejorada,1,3,3269924900787895439,0,0,0,7,0,3,2,3,1,en_curso
64,21,4.0,mejorada,1,3,3269924900787895439,0,0,4,7,4,5,3,4,1,en_curso
64,21,5.0,mejorada,1,3,3269924900787895439,0,0,8,9,7,5,2,5,1,en_curso
64,21,6.0,mejorada,1,3,3269924900787895439,0,3,9,13,8,6,0,6,1,en_curso
64,21,7.0,mejorada,1,3,3269924900787895439,0,3,9,14,8,7,0,7,1,en_curso
64,21,8.0,mejorada,1,3,3269924900787895439,0,3,9,16,8,7,0,8,1,en_curso
64,21,9.0,mejorada,1,3,3269924900787895439,0,4,13,17,10,7,0,9,1,perdido
65,21,1.0,mejorada,1,4,3269924900787895439,0,0,0,10,0,0,4,1,1,en_curso
65,21,2.0,mejorada,1,4,3269924900787895439,0,0,0,9,0,0,2,2,1,en_curso
65,21,3.0,mejorada,1,4,3269924900787895439,0,0,0,6,0,3,2,3,1,en_curso
65,21,4.0,mejorada,1,4,3269924900787895439,0,0,6,8,5,4,3,4,1,en_curso
65,21,5.0,mejorada,1,4,3269924900787895439,0,1,11,9,9,5,2,5,1,en_curso
65,21,6.0,mejorada,1,4,3269924900787895439,0,1,14,10,11,6,2,6,1,en_curso
65,21,7.0,mejorada,1,4,3269924900787895439,0,1,14,9,11,6,1,7,1,en_curso
65,21,8.0,mejorada,1,4,3269924900787895439,1,2,18,9,13,7,1,8,1,en_curso
65,21,9.0,mejorada,1,4,3269924900787895439,1,2,18,9,13,7,2,9,1,en_curso
65,21,10.0,mejorada,1,4,3269924900787895439,1,2,18,8,13,7,2,10,1,en_curso
65,21,11.0,mejorada,1,4,3269924900787895439,2,2,19,13,14,7,3,11,1,en_curso
65,21,12.0,mejorada,1,4,3269924900787895439,5,3,24,15,17,8,2,12,1,perdido
66,22,1.0,mejorada,1,2,8953109014434126403,0,0,0,10,0,0,2,1,1,en_curso
66,22,2.0,mejorada,1,2,8953109014434126403,0,0,2,5,2,1,2,2,1,en_curso
66,22,3.0,mejorada,1,2,8953109014434126403,0,0,2,4,2,7,2,3,1,en_curso
66,22,4.0,mejorada,1,2,8953109014434126403,0,0,2,3,2,8,2,4,1,en_curso
66,22,5.0,mejorada,1,2,8953109014434126403,1,0,2,0,2,8,2,5,1,en_curso
66,22,6.0,mejorada,1,2,8953109014434126403,2,0,2,6,2,8,2,6,1,en_curso
66,22,7.0,mejorada,1,2,8953109014434126403,2,0,2,3,2,8,2,7,1,en_curso
66,22,8.0,mejorada,1,2,8953109014434126403,2,0,2,0,2,8,2,8,1,en_curso
66,22,9.0,mejorada,1,2,8953109014434126403,4,0,2,1,2,8,2,9,1,en_curso
66,22,10.0,mejorada,1,2,8953109014434126403,6,0,4,5,4,8,2,10,1,en_curso
66,22,11.0,mejorada,1,2,8953109014434126403,7,0,4,0,4,8,2,11,1,ganado
67,22,1.0,mejorada,1,3,8953109014434126403,0,0,0,10,0,0,3,1,1,en_curso
67,22,2.0,mejorada,1,3,8953109014434126403,0,0,4,10,4,1,3,2,1,en_curso
67,22,3.0,mejorada,1,3,8953109014434126403,0,0,4,8,4,5,2,3,1,en_curso
67,22,4.0,mejorada,1,3,8953109014434126403,0,0,6,9,4,6,1,4,1,en_curso
67,22,5.0,mejorada,1,3,8953109014434126403,0,0,8,8,6,7,2,5,1,en_curso
67,22,6.0,mejorada,1,3,8953109014434126403,0,1,10,12,8,8,2,6,1,en_curso
67,22,7.0,mejorada,1,3,8953109014434126403,1,1,14,5,10,8,2,7,1,en_curso
67,22,8.0,mejorada,1,3,8953109014434126403,3,2,19,12,14,8,2,8,1,en_curso
67,22,9.0,mejorada,1,3,8953109014434126403,4,3,25,17,16,8,0,9,1,perdido
68,22,1.0,mejorada,1,4,8953109014434126403,0,0,0,10,0,0,4,1,1,en_curso
68,22,2.0,mejorada,1,4,8953109014434126403,0,0,4,10,4,1,3,2,1,en_curso
68,22,3.0,mejorada,1,4,8953109014434126403,0,0,4,8,4,5,2,3,1,en_curso
68,22,4.0,mejorada,1,4,8953109014434126403,0,0,6,9,4,6,1,4,1,en_curso
68,22,5.0,mejorada,1,4,8953109014434126403,0,0,8,10,6,7,3,5,1,en_curso
68,22,6.0,mejorada,1,4,8953109014434126403,0,1,13,14,9,8,3,6,1,en_curso
68,22,7.0,mejorada,1,4,8953109014434126403,1,1,17,11,13,8,3,7,1,en_curso
68,22,8.0,mejorada,1,4,8953109014434126403,3,1,25,11,16,8,1,8,1,perdido
69,23,1.0,mejorada,1,2,8237588375927540125,0,0,0,10,0,0,2,1,1,en_curso
69,23,2.0,mejorada,1,2,8237588375927540125,0,0,0,3,0,1,0,2,1,en_curso
69,23,3.0,mejorada,1,2,8237588375927540125,0,0,0,0,0,3,2,3,1,en_curso
69,23,4.0,mejorada,1,2,8237588375927540125,0,0,0,4,0,6,2,4,1,en_curso
69,23,5.0,mejorada,1,2,8237588375927540125,0,0,0,0,0,7,2,5,1,en_curso
69,23,6.0,mejorada,1,2,8237588375927540125,0,1,0,2,0,7,2,6,1,en_curso
69,23,7.0,mejorada,1,2,8237588375927540125,2,1,0,2,0,7,2,7,1,en_curso
69,23,8.0,mejorada,1,2,8237588375927540125,3,1,0,1,0,7,2,8,1,en_curso
69,23,9.0,mejorada,1,2,8237588375927540125,3,1,0,3,0,7,2,9,1,en_curso
69,23,10.0,mejorada,1,2,8237588375927540125,4,1,0,3,0,7,2,10,1,en_curso
69,23,11.0,mejorada,1,2,8237588375927540125,4,1,0,2,0,8,2,11,1,en_curso
69,23,12.0,mejorada,1,2,8237588375927540125,4,1,0,4,0,8,2,12,1,en_curso
69,23,13.0,mejorada,1,2,8237588375927540125,7,1,0,4,0,8,2,13,1,ganado
70,23,1.0,mejorada,1,3,8237588375927540125,0,0,0,10,0,0,3,1,1,en_curso
70,23,2.0,mejorada,1,3,8237588375927540125,0,0,0,4,0,0,1,2,1,en_curso
70,23,3.0,mejorada,1,3,8237588375927540125,0,0,0,2,0,3,3,3,1,en_curso
70,23,4.0,mejorada,1,3,8237588375927540125,0,0,0,1,0,6,3,4,1,en_curso
70,23,5.0,mejorada,1,3,8237588375927540125,1,1,2,4,2,6,3,5,1,en_curso
70,23,6.0,mejorada,1,3,8237588375927540125,1,1,2,0,2,6,3,6,1,en_curso
70,23,7.0,mejorada,1,3,8237588375927540125,2,1,2,3,2,6,3,7,1,en_curso
70,23,8.0,mejorada,1,3,8237588375927540125,3,1,2,3,2,6,3,8,1,en_curso
70,23,9.0,mejorada,1,3,8237588375927540125,3,1,2,2,2,6,3,9,1,en_curso
70,23,10.0,mejorada,1,3,8237588375927540125,4,1,2,2,2,6,3,10,1,en_curso
70,23,11.0,mejorada,1,3,8237588375927540125,4,1,2,6,2,6,3,11,1,en_curso
70,23,12.0,mejorada,1,3,8237588375927540125,5,3,10,11,10,7,3,12,1,en_curso
70,23,13.0,mejorada,1,3,8237588375927540125,7,3,17,12,12,7,1,13,1,ganado
71,23,1.0,mejorada,1,4,8237588375927540125,0,0,0,10,0,0,4,1,1,en_curso
71,23,2.0,mejorada,1,4,8237588375927540125,0,0,0,6,0,1,2,2,1,en_curso
71,23,3.0,mejorada,1,4,8237588375927540125,0,0,2,6,2,4,4,3,1,en_curso
71,23,4.0,mejorada,1,4,8237588375927540125,0,0,4,8,3,7,4,4,1,en_curso
71,23,5.0,mejorada,1,4,8237588375927540125,1,1,9,17,8,7,2,5,1,en_curso
71,23,6.0,mejorada,1,4,8237588375927540125,1,1,11,13,10,7,0,6,1,en_curso
71,23,7.0,mejorada,1,4,8237588375927540125,1,1,13,10,10,7,0,7,1,en_curso
71,23,8.0,mejorada,1,4,8237588375927540125,1,1,16,9,11,7,2,8,1,en_curso
71,23,9.0,mejorada,1,4,8237588375927540125,1,2,18,9,13,7,4,9,1,en_curso
71,23,10.0,mejorada,1,4,8237588375927540125,2,4,18,16,13,7,2,10,1,perdido
72,24,1.0,mejorada,1,2,7179320580859366615,0,0,0,10,0,0,2,1,1,en_curso
72,24,2.0,mejorada,1,2,7179320580859366615,0,0,0,5,0,0,2,2,1,en_curso
72,24,3.0,mejorada,1,2,7179320580859366615,0,0,3,5,3,6,2,3,1,en_curso
72,24,4.0,mejorada,1,2,7179320580859366615,0,0,6,5,3,6,2,4,1,en_curso
72,24,5.0,mejorada,1,2,7179320580859366615,0,0,6,4,3,6,2,5,1,en_curso
72,24,6.0,mejorada,1,2,7179320580859366615,1,1,6,4,3,6,2,6,1,en_curso
72,24,7.0,mejorada,1,2,7179320580859366615,3,1,6,2,3,7,2,7,1,en_curso
72,24,8.0,mejorada,1,2,7179320580859366615,3,1,6,6,3,8,2,8,1,en_curso
72,24,9.0,mejorada,1,2,7179320580859366615,3,1,8,10,5,8,2,9,1,en_curso
72,24,10.0,mejorada,1,2,7179320580859366615,3,1,12,12,8,8,1,10,1,en_curso
72,24,11.0,mejorada,1,2,7179320580859366615,4,2,16,13,11,8,1,11,1,en_curso
72,24,12.0,mejorada,1,2,7179320580859366615,4,3,16,11,11,8,0,12,1,en_curso
72,24,13.0,mejorada,1,2,7179320580859366615,4,3,20,9,15,8,0,13,1,en_curso
72,24,14.0,mejorada,1,2,7179320580859366615,4,3,25,7,18,8,1,14,1,perdido
73,24,1.0,mejorada,1,3,7179320580859366615,0,0,0,10,0,0,3,1,1,en_curso
73,24,2.0,mejorada,1,3,7179320580859366615,0,0,0,6,0,0,3,2,1,en_curso
73,24,3.0,mejorada,1,3,7179320580859366615,0,0,5,9,5,5,2,3,1,en_curso
73,24,4.0,mejorada,1,3,7179320580859366615,0,0,5,7,5,5,3,4,1,en_curso
73,24,5.0,mejorada,1,3,7179320580859366615,0,1,7,8,7,5,3,5,1,en_curso
73,24,6.0,mejorada,1,3,7179320580859366615,0,1,9,9,9,6,3,6,1,en_curso
73,24,7.0,mejorada,1,3,7179320580859366615,1,1,9,9,9,7,2,7,1,en_curso
73,24,8.0,mejorada,1,3,7179320580859366615,2,1,11,13,9,7,2,8,1,en_curso
73,24,9.0,mejorada,1,3,7179320580859366615,2,1,11,9,9,7,0,9,1,en_curso
73,24,10.0,mejorada,1,3,7179320580859366615,3,1,11,9,9,7,1,10,1,en_curso
73,24,11.0,mejorada,1,3,7179320580859366615,3,1,11,8,9,8,2,11,1,en_curso
73,24,12.0,mejorada,1,3,7179320580859366615,3,2,14,11,11,8,3,12,1,en_curso
73,24,13.0,mejorada,1,3,7179320580859366615,4,2,14,5,11,8,1,13,1,en_curso
73,24,14.0,mejorada,1,3,7179320580859366615,4,2,14,2,11,8,3,14,1,en_curso
73,24,15.0,mejorada,1,3,7179320580859366615,5,2,14,6,11,8,3,15,1,en_curso
73,24,16.0,mejorada,1,3,7179320580859366615,5,2,14,9,11,8,3,16,1,en_curso
73,24,17.0,mejorada,1,3,7179320580859366615,5,2,14,7,11,8,3,17,1,en_curso
73,24,18.0,mejorada,1,3,7179320580859366615,6,3,14,8,11,8,2,18,1,en_curso
73,24,19.0,mejorada,1,3,7179320580859366615,6,4,14,11,11,8,1,19,1,perdido
74,24,1.0,mejorada,1,4,7179320580859366615,0,0,0,10,0,0,4,1,1,en_curso
74,24,2.0,mejorada,1,4,7179320580859366615,0,0,0,6,0,0,3,2,1,en_curso
74,24,3.0,mejorada,1,4,7179320580859366615,0,0,5,9,5,5,2,3,1,en_curso
74,24,4.0,mejorada,1,4,7179320580859366615,0,0,5,7,5,5,3,4,1,en_curso
74,24,5.0,mejorada,1,4,7179320580859366615,0,0,5,9,5,5,3,5,1,en_curso
74,24,6.0,mejorada,1,4,7179320580859366615,0,1,5,10,5,6,1,6,1,en_curso
74,24,7.0,mejorada,1,4,7179320580859366615,0,1,5,11,5,6,1,7,1,en_curso
74,24,8.0,mejorada,1,4,7179320580859366615,1,3,7,10,5,6,1,8,1,en_curso
74,24,9.0,mejorada,1,4,7179320580859366615,1,3,12,8,8,7,3,9,1,en_curso
74,24,10.0,mejorada,1,4,7179320580859366615,1,4,12,9,8,7,4,10,1,perdido
75,25,1.0,mejorada,1,2,1795225215291384455,0,0,0,10,0,0,2,1,1,en_curso
75,25,2.0,mejorada,1,2,1795225215291384455,0,0,4,7,4,1,0,2,1,en_curso
75,25,3.0,mejorada,1,2,1795225215291384455,0,1,7,9,6,4,2,3,1,en_curso
75,25,4.0,mejorada,1,2,1795225215291384455,0,1,7,9,6,5,2,4,1,en_curso
75,25,5.0,mejorada,1,2,1795225215291384455,0,1,7,7,6,7,2,5,1,en_curso
75,25,6.0,mejorada,1,2,1795225215291384455,0,1,7,10,6,7,2,6,1,en_curso
75,25,7.0,mejorada,1,2,1795225215291384455,0,2,12,9,9,7,0,7,1,en_curso
75,25,8.0,mejorada,1,2,1795225215291384455,0,2,15,5,12,7,1,8,1,en_curso
75,25,9.0,mejorada,1,2,1795225215291384455,0,2,15,4,12,7,2,9,1,en_curso
75,25,10.0,mejorada,1,2,1795225215291384455,1,2,15,10,12,7,2,10,1,en_curso
75,25,11.0,mejorada,1,2,1795225215291384455,2,2,15,8,12,7,1,11,1,en_curso
75,25,12.0,mejorada,1,2,1795225215291384455,2,2,15,7,12,8,1,12,1,en_curso
75,25,13.0,mejorada,1,2,1795225215291384455,3,2,25,10,17,8,1,13,1,perdido
76,25,1.0,mejorada,1,3,1795225215291384455,0,0,0,10,0,0,3,1,1,en_curso
76,25,2.0,mejorada,1,3,1795225215291384455,0,0,4,7,4,1,0,2,1,en_curso
76,25,3.0,mejorada,1,3,1795225215291384455,0,0,7,8,6,2,3,3,1,en_curso
76,25,4.0,mejorada,1,3,1795225215291384455,0,0,8,10,7,3,1,4,1,en_curso
76,25,5.0,mejorada,1,3,1795225215291384455,0,0,8,8,7,4,1,5,1,en_curso
76,25,6.0,mejorada,1,3,1795225215291384455,0,0,10,8,9,5,2,6,1,en_curso
76,25,7.0,mejorada,1,3,1795225215291384455,0,2,12,9,11,5,2,7,1,en_curso
76,25,8.0,mejorada,1,3,1795225215291384455,1,2,14,9,13,6,2,8,1,en_curso
76,25,9.0,mejorada,1,3,1795225215291384455,1,2,17,6,16,6,1,9,1,en_curso
76,25,10.0,mejorada,1,3,1795225215291384455,1,3,17,5,16,6,3,10,1,en_curso
76,25,11.0,mejorada,1,3,1795225215291384455,3,3,19,8,16,6,3,11,1,en_curso
76,25,12.0,mejorada,1,3,1795225215291384455,5,3,20,10,16,6,2,12,1,en_curso
76,25,13.0,mejorada,1,3,1795225215291384455,5,3,24,11,20,6,3,13,1,perdido
77,25,1.0,mejorada,1,4,1795225215291384455,0,0,0,10,0,0,4,1,1,en_curso
77,25,2.0,mejorada,1,4,1795225215291384455,0,0,4,7,4,1,0,2,1,en_curso
77,25,3.0,mejorada,1,4,1795225215291384455,0,1,7,11,6,5,4,3,1,en_curso
77,25,4.0,mejorada,1,4,1795225215291384455,0,1,9,12,7,6,0,4,1,en_curso
77,25,5.0,mejorada,1,4,1795225215291384455,0,2,10,13,7,6,0,5,1,en_curso
77,25,6.0,mejorada,1,4,1795225215291384455,0,2,13,10,10,6,0,6,1,en_curso
77,25,7.0,mejorada,1,4,1795225215291384455,0,4,16,15,10,6,0,7,1,perdido
78,26,1.0,mejorada,1,2,4304741454788720907,0,0,0,10,0,0,2,1,1,en_curso
78,26,2.0,mejorada,1,2,4304741454788720907,0,0,0,6,0,0,1,2,1,en_curso
78,26,3.0,mejorada,1,2,4304741454788720907,0,0,0,3,0,5,2,3,1,en_curso
78,26,4.0,mejorada,1,2,4304741454788720907,0,0,0,0,0,6,2,4,1,en_curso
78,26,5.0,mejorada,1,2,4304741454788720907,0,0,0,2,0,6,2,5,1,en_curso
78,26,6.0,mejorada,1,2,4304741454788720907,0,0,0,4,0,6,2,6,1,en_curso
78,26,7.0,mejorada,1,2,4304741454788720907,0,0,3,5,3,6,2,7,1,en_curso
78,26,8.0,mejorada,1,2,4304741454788720907,1,0,6,7,3,6,2,8,1,en_curso
78,26,9.0,mejorada,1,2,4304741454788720907,2,1,6,4,3,7,2,9,1,en_curso
78,26,10.0,mejorada,1,2,4304741454788720907,2,1,6,4,3,7,2,10,1,en_curso
78,26,11.0,mejorada,1,2,4304741454788720907,2,1,6,7,3,7,2,11,1,en_curso
78,26,12.0,mejorada,1,2,4304741454788720907,4,2,6,8,3,7,2,12,1,en_curso
78,26,13.0,mejorada,1,2,4304741454788720907,4,2,8,10,5,7,2,13,1,en_curso
78,26,14.0,mejorada,1,2,4304741454788720907,5,2,10,12,6,7,2,14,1,en_curso
78,26,15.0,mejorada,1,2,4304741454788720907,6,3,25,27,18,7,1,15,1,perdido
79,26,1.0,mejorada,1,3,4304741454788720907,0,0,0,10,0,0,3,1,1,en_curso
79,26,2.0,mejorada,1,3,4304741454788720907,0,0,1,11,1,0,2,2,1,en_curso
79,26,3.0,mejorada,1,3,4304741454788720907,0,0,2,13,1,4,1,3,1,en_curso
79,26,4.0,mejorada,1,3,4304741454788720907,0,0,5,11,4,4,0,4,1,en_curso
79,26,5.0,mejorada,1,3,4304741454788720907,0,0,17,11,11,5,0,5,1,en_curso
79,26,6.0,mejorada,1,3,4304741454788720907,0,0,21,8,14,6,1,6,1,en_curso
79,26,7.0,mejorada,1,3,4304741454788720907,0,1,26,10,17,6,0,7,1,perdido
80,26,1.0,mejorada,1,4,4304741454788720907,0,0,0,10,0,0,4,1,1,en_curso
80,26,2.0,mejorada,1,4,4304741454788720907,0,0,1,11,1,0,2,2,1,en_curso
80,26,3.0,mejorada,1,4,4304741454788720907,0,0,2,13,1,4,1,3,1,en_curso
80,26,4.0,mejorada,1,4,4304741454788720907,0,0,5,11,4,4,0,4,1,en_curso
80,26,5.0,mejorada,1,4,4304741454788720907,0,0,17,11,11,5,0,5,1,en_curso
80,26,6.0,mejorada,1,4,4304741454788720907,0,0,21,8,14,6,1,6,1,en_curso
80,26,7.0,mejorada,1,4,4304741454788720907,0,1,26,10,17,6,0,7,1,perdido
81,27,1.0,mejorada,1,2,404018428470862364,0,0,0,10,0,0,2,1,1,en_curso
81,27,2.0,mejorada,1,2,404018428470862364,0,0,1,8,1,0,0,2,1,en_curso
81,27,3.0,mejorada,1,2,404018428470862364,0,0,2,5,2,2,1,3,1,en_curso
81,27,4.0,mejorada,1,2,404018428470862364,0,0,2,2,2,3,2,4,1,en_curso
81,27,5.0,mejorada,1,2,404018428470862364,0,1,2,2,2,7,2,5,1,en_curso
81,27,6.0,mejorada,1,2,404018428470862364,1,1,2,0,2,7,2,6,1,en_curso
81,27,7.0,mejorada,1,2,404018428470862364,1,1,2,0,2,7,2,7,1,en_curso
81,27,8.0,mejorada,1,2,404018428470862364,2,2,2,3,2,7,2,8,1,en_curso
81,27,9.0,mejorada,1,2,404018428470862364,2,2,2,1,2,7,2,9,1,en_curso
81,27,10.0,mejorada,1,2,404018428470862364,4,2,2,1,2,7,2,10,1,en_curso
81,27,11.0,mejorada,1,2,404018428470862364,4,2,4,6,4,7,2,11,1,en_curso
81,27,12.0,mejorada,1,2,404018428470862364,5,2,6,9,6,7,2,12,1,en_curso
81,27,13.0,mejorada,1,2,404018428470862364,5,2,10,12,9,7,0,13,1,en_curso
81,27,14.0,mejorada,1,2,404018428470862364,5,2,11,10,9,7,0,14,1,en_curso
81,27,15.0,mejorada,1,2,404018428470862364,5,2,13,10,10,7,1,15,1,en_curso
81,27,16.0,mejorada,1,2,404018428470862364,5,3,13,16,10,7,2,16,1,en_curso
81,27,17.0,mejorada,1,2,404018428470862364,5,3,15,14,12,7,0,17,1,en_curso
81,27,18.0,mejorada,1,2,404018428470862364,5,3,25,17,17,8,0,18,1,perdido
82,27,1.0,mejorada,1,3,404018428470862364,0,0,0,10,0,0,3,1,1,en_curso
82,27,2.0,mejorada,1,3,404018428470862364,0,0,1,8,1,0,0,2,1,en_curso
82,27,3.0,mejorada,1,3,404018428470862364,0,0,2,6,2,3,2,3,1,en_curso
82,27,4.0,mejorada,1,3,404018428470862364,1,0,2,3,2,4,3,4,1,en_curso
82,27,5.0,mejorada,1,3,404018428470862364,1,0,2,2,2,6,3,5,1,en_curso
82,27,6.0,mejorada,1,3,404018428470862364,1,0,2,2,2,6,3,6,1,en_curso
82,27,7.0,mejorada,1,3,404018428470862364,4,0,2,4,2,6,3,7,1,en_curso
82,27,8.0,mejorada,1,3,404018428470862364,5,0,5,9,5,6,3,8,1,en_curso
82,27,9.0,mejorada,1,3,404018428470862364,5,0,9,16,8,6,1,9,1,en_curso
82,27,10.0,mejorada,1,3,404018428470862364,6,1,11,17,10,6,1,10,1,en_curso
82,27,11.0,mejorada,1,3,404018428470862364,6,2,17,16,13,6,0,11,1,en_curso
82,27,12.0,mejorada,1,3,404018428470862364,6,4,23,20,18,6,0,12,1,perdido
83,27,1.0,mejorada,1,4,404018428470862364,0,0,0,10,0,0,4,1,1,en_curso
83,27,2.0,mejorada,1,4,404018428470862364,0,0,1,9,1,1,1,2,1,en_curso
83,27,3.0,mejorada,1,4,404018428470862364,0,0,4,10,4,4,1,3,1,en_curso
83,27,4.0,mejorada,1,4,404018428470862364,0,0,8,10,6,4,0,4,1,en_curso
83,27,5.0,mejorada,1,4,404018428470862364,0,1,10,6,8,5,2,5,1,en_curso
83,27,6.0,mejorada,1,4,404018428470862364,0,1,10,7,8,6,3,6,1,en_curso
83,27,7.0,mejorada,1,4,404018428470862364,0,2,10,10,8,6,3,7,1,en_curso
83,27,8.0,mejorada,1,4,404018428470862364,0,2,12,11,10,6,2,8,1,en_curso
83,27,9.0,mejorada,1,4,404018428470862364,0,3,16,12,12,6,2,9,1,en_curso
83,27,10.0,mejorada,1,4,404018428470862364,2,3,24,16,17,6,1,10,1,perdido
84,28,1.0,mejorada,1,2,1423069386716347727,0,0,0,10,0,0,2,1,1,en_curso
84,28,2.0,mejorada,1,2,1423069386716347727,0,0,2,5,2,0,1,2,1,en_curso
84,28,3.0,mejorada,1,2,1423069386716347727,0,0,2,2,2,5,2,3,1,en_curso
84,28,4.0,mejorada,1,2,1423069386716347727,0,0,2,2,2,6,2,4,1,en_curso
84,28,5.0,mejorada,1,2,1423069386716347727,0,0,2,2,2,7,2,5,1,en_curso
84,28,6.0,mejorada,1,2,1423069386716347727,0,0,2,3,2,7,2,6,1,en_curso
84,28,7.0,mejorada,1,2,1423069386716347727,1,0,5,10,5,7,2,7,1,en_curso
84,28,8.0,mejorada,1,2,1423069386716347727,4,0,5,7,5,7,2,8,1,en_curso
84,28,9.0,mejorada,1,2,1423069386716347727,4,0,5,7,5,7,2,9,1,en_curso
84,28,10.0,mejorada,1,2,1423069386716347727,4,0,7,16,7,7,2,10,1,en_curso
84,28,11.0,mejorada,1,2,1423069386716347727,4,0,10,18,9,7,1,11,1,en_curso
84,28,12.0,mejorada,1,2,1423069386716347727,4,1,12,14,11,7,1,12,1,en_curso
84,28,13.0,mejorada,1,2,1423069386716347727,4,2,16,12,12,7,0,13,1,en_curso
84,28,14.0,mejorada,1,2,1423069386716347727,4,2,16,8,12,7,0,14,1,en_curso
84,28,15.0,mejorada,1,2,1423069386716347727,4,2,16,12,12,7,0,15,1,en_curso
84,28,16.0,mejorada,1,2,1423069386716347727,4,4,19,9,15,7,2,16,1,perdido
85,28,1.0,mejorada,1,3,1423069386716347727,0,0,0,10,0,0,3,1,1,en_curso
85,28,2.0,mejorada,1,3,1423069386716347727,0,0,2,5,2,0,1,2,1,en_curso
85,28,3.0,mejorada,1,3,1423069386716347727,0,0,2,2,2,5,3,3,1,en_curso
85,28,4.0,mejorada,1,3,1423069386716347727,0,0,2,0,2,5,3,4,1,en_curso
85,28,5.0,mejorada,1,3,1423069386716347727,1,0,2,0,2,6,3,5,1,en_curso
85,28,6.0,mejorada,1,3,1423069386716347727,1,0,2,2,2,6,3,6,1,en_curso
85,28,7.0,mejorada,1,3,1423069386716347727,2,0,2,1,2,6,3,7,1,en_curso
85,28,8.0,mejorada,1,3,1423069386716347727,3,0,2,3,2,7,3,8,1,en_curso
85,28,9.0,mejorada,1,3,1423069386716347727,4,0,2,5,2,7,3,9,1,en_curso
85,28,10.0,mejorada,1,3,1423069386716347727,5,1,2,5,2,7,3,10,1,en_curso
85,28,11.0,mejorada,1,3,1423069386716347727,7,1,2,5,2,8,3,11,1,ganado
86,28,1.0,mejorada,1,4,1423069386716347727,0,0,0,10,0,0,4,1,1,en_curso
86,28,2.0,mejorada,1,4,1423069386716347727,0,0,2,5,2,0,1,2,1,en_curso
86,28,3.0,mejorada,1,4,1423069386716347727,0,0,2,3,2,4,4,3,1,en_curso
86,28,4.0,mejorada,1,4,1423069386716347727,0,0,2,3,2,6,4,4,1,en_curso
86,28,5.0,mejorada,1,4,1423069386716347727,0,2,4,8,4,6,4,5,1,en_curso
86,28,6.0,mejorada,1,4,1423069386716347727,0,3,7,10,7,7,3,6,1,en_curso
86,28,7.0,mejorada,1,4,1423069386716347727,1,3,7,13,7,7,1,7,1,en_curso
86,28,8.0,mejorada,1,4,1423069386716347727,1,3,7,10,7,7,0,8,1,en_curso
86,28,9.0,mejorada,1,4,1423069386716347727,1,4,7,7,7,7,3,9,1,perdido
87,29,1.0,mejorada,1,2,6300014615139381524,0,0,0,10,0,0,2,1,1,en_curso
87,29,2.0,mejorada,1,2,6300014615139381524,0,0,2,8,2,1,2,2,1,en_curso
87,29,3.0,mejorada,1,2,6300014615139381524,0,0,4,8,4,6,2,3,1,en_curso
87,29,4.0,mejorada,1,2,6300014615139381524,0,0,7,8,5,7,0,4,1,en_curso
87,29,5.0,mejorada,1,2,6300014615139381524,0,0,7,2,5,7,2,5,1,en_curso
87,29,6.0,mejorada,1,2,6300014615139381524,0,0,7,0,5,8,2,6,1,en_curso
87,29,7.0,mejorada,1,2,6300014615139381524,0,0,9,7,7,8,2,7,1,en_curso
87,29,8.0,mejorada,1,2,6300014615139381524,0,0,11,6,9,8,2,8,1,en_curso
87,29,9.0,mejorada,1,2,6300014615139381524,1,0,11,6,9,8,2,9,1,en_curso
87,29,10.0,mejorada,1,2,6300014615139381524,2,1,12,11,10,8,2,10,1,en_curso
87,29,11.0,mejorada,1,2,6300014615139381524,2,2,25,16,22,8,1,11,1,perdido
88,29,1.0,mejorada,1,3,6300014615139381524,0,0,0,10,0,0,3,1,1,en_curso
88,29,2.0,mejorada,1,3,6300014615139381524,0,0,2,9,2,1,3,2,1,en_curso
88,29,3.0,mejorada,1,3,6300014615139381524,0,0,4,10,4,4,2,3,1,en_curso
88,29,4.0,mejorada,1,3,6300014615139381524,0,0,9,11,6,5,0,4,1,en_curso
88,29,5.0,mejorada,1,3,6300014615139381524,0,0,9,6,6,6,2,5,1,en_curso
88,29,6.0,mejorada,1,3,6300014615139381524,1,0,9,6,6,6,3,6,1,en_curso
88,29,7.0,mejorada,1,3,6300014615139381524,1,0,11,8,8,7,3,7,1,en_curso
88,29,8.0,mejorada,1,3,6300014615139381524,1,1,14,10,10,8,2,8,1,en_curso
88,29,9.0,mejorada,1,3,6300014615139381524,2,1,20,13,16,8,1,9,1,en_curso
88,29,10.0,mejorada,1,3,6300014615139381524,3,1,23,11,17,8,1,10,1,en_curso
88,29,11.0,mejorada,1,3,6300014615139381524,3,1,26,7,19,8,1,11,1,perdido
89,29,1.0,mejorada,1,4,6300014615139381524,0,0,0,10,0,0,4,1,1,en_curso
89,29,2.0,mejorada,1,4,6300014615139381524,0,0,2,9,2,1,3,2,1,en_curso
89,29,3.0,mejorada,1,4,6300014615139381524,0,0,2,8,2,5,3,3,1,en_curso
89,29,4.0,mejorada,1,4,6300014615139381524,0,0,8,9,4,5,1,4,1,en_curso
89,29,5.0,mejorada,1,4,6300014615139381524,0,0,8,7,4,5,3,5,1,en_curso
89,29,6.0,mejorada,1,4,6300014615139381524,1,0,8,4,4,5,4,6,1,en_curso
89,29,7.0,mejorada,1,4,6300014615139381524,1,0,11,13,7,6,3,7,1,en_curso
89,29,8.0,mejorada,1,4,6300014615139381524,2,0,15,17,8,6,3,8,1,en_curso
89,29,9.0,mejorada,1,4,6300014615139381524,3,1,24,17,16,8,1,9,1,perdido
90,30,1.0,mejorada,1,2,6869218442907837545,0,0,0,10,0,0,2,1,1,en_curso
90,30,2.0,mejorada,1,2,6869218442907837545,0,0,2,6,2,1,1,2,1,en_curso
90,30,3.0,mejorada,1,2,6869218442907837545,0,0,2,3,2,4,2,3,1,en_curso
90,30,4.0,mejorada,1,2,6869218442907837545,0,0,2,1,2,5,2,4,1,en_curso
90,30,5.0,mejorada,1,2,6869218442907837545,0,0,2,2,2,5,2,5,1,en_curso
90,30,6.0,mejorada,1,2,6869218442907837545,1,0,2,6,2,6,2,6,1,en_curso
90,30,7.0,mejorada,1,2,6869218442907837545,1,0,4,8,3,6,2,7,1,en_curso
90,30,8.0,mejorada,1,2,6869218442907837545,2,1,6,12,5,6,2,8,1,en_curso
90,30,9.0,mejorada,1,2,6869218442907837545,2,1,6,9,5,6,1,9,1,en_curso
90,30,10.0,mejorada,1,2,6869218442907837545,2,1,9,10,8,6,1,10,1,en_curso
90,30,11.0,mejorada,1,2,6869218442907837545,3,4,13,9,9,6,1,11,1,perdido
91,30,1.0,mejorada,1,3,6869218442907837545,0,0,0,10,0,0,3,1,1,en_curso
91,30,2.0,mejorada,1,3,6869218442907837545,0,0,2,6,2,1,1,2,1,en_curso
91,30,3.0,mejorada,1,3,6869218442907837545,0,0,2,3,2,4,3,3,1,en_curso
91,30,4.0,mejorada,1,3,6869218442907837545,0,0,2,3,2,5,3,4,1,en_curso
91,30,5.0,mejorada,1,3,6869218442907837545,2,0,2,3,2,5,3,5,1,en_curso
91,30,6.0,mejorada,1,3,6869218442907837545,2,0,3,5,3,5,3,6,1,en_curso
91,30,7.0,mejorada,1,3,6869218442907837545,2,0,6,4,5,7,3,7,1,en_curso
91,30,8.0,mejorada,1,3,6869218442907837545,2,0,6,6,5,7,3,8,1,en_curso
91,30,9.0,mejorada,1,3,6869218442907837545,2,0,9,6,8,7,3,9,1,en_curso
91,30,10.0,mejorada,1,3,6869218442907837545,2,0,12,8,11,7,3,10,1,en_curso
91,30,11.0,mejorada,1,3,6869218442907837545,4,1,17,10,14,7,3,11,1,en_curso
91,30,12.0,mejorada,1,3,6869218442907837545,6,1,26,18,19,7,1,12,1,perdido
92,30,1.0,mejorada,1,4,6869218442907837545,0,0,0,10,0,0,4,1,1,en_curso
92,30,2.0,mejorada,1,4,6869218442907837545,0,0,2,7,2,1,2,2,1,en_curso
92,30,3.0,mejorada,1,4,6869218442907837545,0,0,2,4,2,5,4,3,1,en_curso
92,30,4.0,mejorada,1,4,6869218442907837545,0,0,2,5,2,6,4,4,1,en_curso
92,30,5.0,mejorada,1,4,6869218442907837545,1,0,2,6,2,6,4,5,1,en_curso
92,30,6.0,mejorada,1,4,6869218442907837545,2,1,9,11,7,6,3,6,1,en_curso
92,30,7.0,mejorada,1,4,6869218442907837545,2,3,14,15,9,6,2,7,1,en_curso
92,30,8.0,mejorada,1,4,6869218442907837545,3,4,21,10,12,7,1,8,1,perdido
93,31,1.0,mejorada,1,2,8923702211518539140,0,0,0,10,0,0,2,1,1,en_curso
93,31,2.0,mejorada,1,2,8923702211518539140,0,0,0,5,0,1,1,2,1,en_curso
93,31,3.0,mejorada,1,2,8923702211518539140,0,0,0,1,0,5,2,3,1,en_curso
93,31,4.0,mejorada,1,2,8923702211518539140,0,0,0,0,0,6,2,4,1,en_curso
93,31,5.0,mejorada,1,2,8923702211518539140,1,0,0,2,0,6,2,5,1,en_curso
93,31,6.0,mejorada,1,2,8923702211518539140,1,0,3,3,3,6,2,6,1,en_curso
93,31,7.0,mejorada,1,2,8923702211518539140,1,0,3,0,3,6,2,7,1,en_curso
93,31,8.0,mejorada,1,2,8923702211518539140,1,1,3,0,3,6,2,8,1,en_curso
93,31,9.0,mejorada,1,2,8923702211518539140,3,2,3,5,3,6,2,9,1,en_curso
93,31,10.0,mejorada,1,2,8923702211518539140,3,3,5,5,5,6,2,10,1,en_curso
93,31,11.0,mejorada,1,2,8923702211518539140,4,3,5,6,5,6,2,11,1,en_curso
93,31,12.0,mejorada,1,2,8923702211518539140,5,3,5,8,5,6,2,12,1,en_curso
93,31,13.0,mejorada,1,2,8923702211518539140,5,3,8,7,8,6,2,13,1,en_curso
93,31,14.0,mejorada,1,2,8923702211518539140,7,3,8,8,8,6,2,14,1,ganado
94,31,1.0,mejorada,1,3,8923702211518539140,0,0,0,10,0,0,3,1,1,en_curso
94,31,2.0,mejorada,1,3,8923702211518539140,0,0,0,6,0,0,2,2,1,en_curso
94,31,3.0,mejorada,1,3,8923702211518539140,0,0,0,3,0,5,3,3,1,en_curso
94,31,4.0,mejorada,1,3,8923702211518539140,0,0,2,6,2,6,3,4,1,en_curso
94,31,5.0,mejorada,1,3,8923702211518539140,0,0,2,8,2,6,3,5,1,en_curso
94,31,6.0,mejorada,1,3,8923702211518539140,1,0,2,8,2,6,3,6,1,en_curso
94,31,7.0,mejorada,1,3,8923702211518539140,1,0,6,8,6,7,2,7,1,en_curso
94,31,8.0,mejorada,1,3,8923702211518539140,1,1,7,13,7,7,3,8,1,en_curso
94,31,9.0,mejorada,1,3,8923702211518539140,1,1,15,13,13,7,1,9,1,en_curso
94,31,10.0,mejorada,1,3,8923702211518539140,2,1,18,14,16,7,1,10,1,en_curso
94,31,11.0,mejorada,1,3,8923702211518539140,2,2,18,9,16,7,0,11,1,en_curso
94,31,12.0,mejorada,1,3,8923702211518539140,2,4,20,10,18,7,1,12,1,perdido
95,31,1.0,mejorada,1,4,8923702211518539140,0,0,0,10,0,0,4,1,1,en_curso
95,31,2.0,mejorada,1,4,8923702211518539140,0,0,0,6,0,0,2,2,1,en_curso
95,31,3.0,mejorada,1,4,8923702211518539140,0,0,0,4,0,4,4,3,1,en_curso
95,31,4.0,mejorada,1,4,8923702211518539140,0,0,0,6,0,5,4,4,1,en_curso
95,31,5.0,mejorada,1,4,8923702211518539140,1,1,0,13,0,5,3,5,1,en_curso
95,31,6.0,mejorada,1,4,8923702211518539140,1,3,3,10,3,6,0,6,1,en_curso
95,31,7.0,mejorada,1,4,8923702211518539140,1,3,3,8,3,7,2,7,1,en_curso
95,31,8.0,mejorada,1,4,8923702211518539140,1,3,3,10,3,7,3,8,1,en_curso
95,31,9.0,mejorada,1,4,8923702211518539140,1,3,3,7,3,7,2,9,1,en_curso
95,31,10.0,mejorada,1,4,8923702211518539140,1,3,3,7,3,7,4,10,1,en_curso
95,31,11.0,mejorada,1,4,8923702211518539140,2,4,3,7,3,7,4,11,1,perdido
96,32,1.0,mejorada,1,2,3005208497149623952,0,0,0,10,0,0,2,1,1,en_curso
96,32,2.0,mejorada,1,2,3005208497149623952,0,0,4,7,4,1,1,2,1,en_curso
96,32,3.0,mejorada,1,2,3005208497149623952,0,0,4,3,4,4,2,3,1,en_curso
96,32,4.0,mejorada,1,2,3005208497149623952,0,0,7,4,7,8,2,4,1,en_curso
96,32,5.0,mejorada,1,2,3005208497149623952,0,0,7,4,7,8,2,5,1,en_curso
96,32,6.0,mejorada,1,2,3005208497149623952,0,1,8,9,7,8,2,6,1,en_curso
96,32,7.0,mejorada,1,2,3005208497149623952,1,1,14,10,13,8,2,7,1,en_curso
96,32,8.0,mejorada,1,2,3005208497149623952,2,1,24,9,19,8,2,8,1,perdido
97,32,1.0,mejorada,1,3,3005208497149623952,0,0,0,10,0,0,3,1,1,en_curso
97,32,2.0,mejorada,1,3,3005208497149623952,0,0,4,8,4,1,2,2,1,en_curso
97,32,3.0,mejorada,1,3,3005208497149623952,0,0,4,5,4,4,3,3,1,en_curso
97,32,4.0,mejorada,1,3,3005208497149623952,0,1,4,7,4,7,3,4,1,en_curso
97,32,5.0,mejorada,1,3,3005208497149623952,0,1,8,11,7,7,2,5,1,en_curso
97,32,6.0,mejorada,1,3,3005208497149623952,1,1,10,10,8,7,1,6,1,en_curso
97,32,7.0,mejorada,1,3,3005208497149623952,1,1,11,9,8,7,1,7,1,en_curso
97,32,8.0,mejorada,1,3,3005208497149623952,1,2,11,9,8,7,0,8,1,en_curso
97,32,9.0,mejorada,1,3,3005208497149623952,1,4,12,9,9,8,3,9,1,perdido
98,32,1.0,mejorada,1,4,3005208497149623952,0,0,0,10,0,0,4,1,1,en_curso
98,32,2.0,mejorada,1,4,3005208497149623952,0,0,4,8,4,1,2,2,1,en_curso
98,32,3.0,mejorada,1,4,3005208497149623952,0,0,4,7,4,5,4,3,1,en_curso
98,32,4.0,mejorada,1,4,3005208497149623952,0,1,4,9,4,8,4,4,1,en_curso
98,32,5.0,mejorada,1,4,3005208497149623952,0,1,8,15,7,8,0,5,1,en_curso
98,32,6.0,mejorada,1,4,3005208497149623952,0,1,12,18,9,8,0,6,1,en_curso
98,32,7.0,mejorada,1,4,3005208497149623952,0,1,15,17,10,8,0,7,1,en_curso
98,32,8.0,mejorada,1,4,3005208497149623952,0,2,18,18,13,8,0,8,1,en_curso
98,32,9.0,mejorada,1,4,3005208497149623952,0,4,23,22,16,8,0,9,1,perdido
99,33,1.0,mejorada,1,2,3416887693423450256,0,0,0,10,0,0,2,1,1,en_curso
99,33,2.0,mejorada,1,2,3416887693423450256,0,0,5,5,5,2,0,2,1,en_curso
99,33,3.0,mejorada,1,2,3416887693423450256,0,0,5,7,5,3,2,3,1,en_curso
99,33,4.0,mejorada,1,2,3416887693423450256,0,0,5,6,5,5,2,4,1,en_curso
99,33,5.0,mejorada,1,2,3416887693423450256,0,1,7,7,7,6,2,5,1,en_curso
99,33,6.0,mejorada,1,2,3416887693423450256,1,2,17,9,13,7,2,6,1,en_curso
99,33,7.0,mejorada,1,2,3416887693423450256,2,2,24,9,16,7,1,7,1,perdido
100,33,1.0,mejorada,1,3,3416887693423450256,0,0,0,10,0,0,3,1,1,en_curso
100,33,2.0,mejorada,1,3,3416887693423450256,0,0,5,5,5,2,0,2,1,en_curso
100,33,3.0,mejorada,1,3,3416887693423450256,0,0,5,7,5,3,3,3,1,en_curso
100,33,4.0,mejorada,1,3,3416887693423450256,0,0,7,12,7,5,2,4,1,en_curso
100,33,5.0,mejorada,1,3,3416887693423450256,0,0,11,11,9,5,0,5,1,en_curso
100,33,6.0,mejorada,1,3,3416887693423450256,0,0,14,9,12,5,0,6,1,en_curso
100,33,7.0,mejorada,1,3,3416887693423450256,0,3,26,16,22,7,0,7,1,perdido
101,33,1.0,mejorada,1,4,3416887693423450256,0,0,0,10,0,0,4,1,1,en_curso
101,33,2.0,mejorada,1,4,3416887693423450256,0,0,5,6,5,1,1,2,1,en_curso
101,33,3.0,mejorada,1,4,3416887693423450256,0,0,10,10,8,3,3,3,1,en_curso
101,33,4.0,mejorada,1,4,3416887693423450256,0,0,10,13,8,4,0,4,1,en_curso
101,33,5.0,mejorada,1,4,3416887693423450256,0,0,13,13,9,6,0,5,1,en_curso
101,33,6.0,mejorada,1,4,3416887693423450256,0,1,24,18,20,6,0,6,1,perdido
102,34,1.0,mejorada,1,2,4330887939463945487,0,0,0,10,0,0,2,1,1,en_curso
102,34,2.0,mejorada,1,2,4330887939463945487,0,0,0,5,0,0,2,2,1,en_curso
102,34,3.0,mejorada,1,2,4330887939463945487,0,0,0,5,0,5,2,3,1,en_curso
102,34,4.0,mejorada,1,2,4330887939463945487,0,1,3,4,3,5,2,4,1,en_curso
102,34,5.0,mejorada,1,2,4330887939463945487,0,2,5,6,5,6,2,5,1,en_curso
102,34,6.0,mejorada,1,2,4330887939463945487,2,2,5,3,5,6,2,6,1,en_curso
102,34,7.0,mejorada,1,2,4330887939463945487,3,2,10,7,9,6,2,7,1,en_curso
102,34,8.0,mejorada,1,2,4330887939463945487,3,2,10,4,9,6,2,8,1,en_curso
102,34,9.0,mejorada,1,2,4330887939463945487,4,4,17,10,16,8,2,9,1,perdido
103,34,1.0,mejorada,1,3,4330887939463945487,0,0,0,10,0,0,3,1,1,en_curso
103,34,2.0,mejorada,1,3,4330887939463945487,0,0,0,5,0,0,2,2,1,en_curso
103,34,3.0,mejorada,1,3,4330887939463945487,0,0,0,6,0,5,3,3,1,en_curso
103,34,4.0,mejorada,1,3,4330887939463945487,0,1,3,5,3,6,3,4,1,en_curso
103,34,5.0,mejorada,1,3,4330887939463945487,1,2,4,8,4,6,3,5,1,en_curso
103,34,6.0,mejorada,1,3,4330887939463945487,1,2,7,6,6,6,3,6,1,en_curso
103,34,7.0,mejorada,1,3,4330887939463945487,3,2,7,10,6,6,3,7,1,en_curso
103,34,8.0,mejorada,1,3,4330887939463945487,3,3,12,12,11,7,1,8,1,en_curso
103,34,9.0,mejorada,1,3,4330887939463945487,4,3,13,14,12,7,1,9,1,en_curso
103,34,10.0,mejorada,1,3,4330887939463945487,4,3,15,13,14,7,0,10,1,en_curso
103,34,11.0,mejorada,1,3,4330887939463945487,4,3,15,13,14,7,0,11,1,en_curso
103,34,12.0,mejorada,1,3,4330887939463945487,4,3,24,9,21,8,0,12,1,perdido
104,34,1.0,mejorada,1,4,4330887939463945487,0,0,0,10,0,0,4,1,1,en_curso
104,34,2.0,mejorada,1,4,4330887939463945487,0,0,0,7,0,1,3,2,1,en_curso
104,34,3.0,mejorada,1,4,4330887939463945487,0,0,3,8,3,6,3,3,1,en_curso
104,34,4.0,mejorada,1,4,4330887939463945487,0,0,6,12,5,6,1,4,1,en_curso
104,34,5.0,mejorada,1,4,4330887939463945487,0,0,6,10,5,6,0,5,1,en_curso
104,34,6.0,mejorada,1,4,4330887939463945487,0,0,10,9,7,6,1,6,1,en_curso
104,34,7.0,mejorada,1,4,4330887939463945487,0,0,10,9,7,6,1,7,1,en_curso
104,34,8.0,mejorada,1,4,4330887939463945487,0,0,16,11,13,6,2,8,1,en_curso
104,34,9.0,mejorada,1,4,4330887939463945487,0,1,21,13,15,6,1,9,1,en_curso
104,34,10.0,mejorada,1,4,4330887939463945487,1,1,25,17,17,7,1,10,1,perdido
105,35,1.0,mejorada,1,2,1747564835162871655,0,0,0,10,0,0,2,1,1,en_curso
105,35,2.0,mejorada,1,2,1747564835162871655,0,0,0,5,0,1,1,2,1,en_curso
105,35,3.0,mejorada,1,2,1747564835162871655,0,0,2,6,2,5,2,3,1,en_curso
105,35,4.0,mejorada,1,2,1747564835162871655,0,0,2,7,2,5,2,4,1,en_curso
105,35,5.0,mejorada,1,2,1747564835162871655,0,0,4,5,2,6,2,5,1,en_curso
105,35,6.0,mejorada,1,2,1747564835162871655,1,0,4,1,2,6,2,6,1,en_curso
105,35,7.0,mejorada,1,2,1747564835162871655,2,0,6,5,4,6,2,7,1,en_curso
105,35,8.0,mejorada,1,2,1747564835162871655,2,0,12,8,9,6,1,8,1,en_curso
105,35,9.0,mejorada,1,2,1747564835162871655,3,1,12,5,9,6,2,9,1,en_curso
105,35,10.0,mejorada,1,2,1747564835162871655,4,1,12,8,9,7,2,10,1,en_curso
105,35,11.0,mejorada,1,2,1747564835162871655,5,1,18,8,15,7,2,11,1,en_curso
105,35,12.0,mejorada,1,2,1747564835162871655,5,1,18,7,15,7,2,12,1,en_curso
105,35,13.0,mejorada,1,2,1747564835162871655,5,2,20,14,17,7,2,13,1,en_curso
105,35,14.0,mejorada,1,2,1747564835162871655,5,3,24,16,21,7,1,14,1,perdido
106,35,1.0,mejorada,1,3,1747564835162871655,0,0,0,10,0,0,3,1,1,en_curso
106,35,2.0,mejorada,1,3,1747564835162871655,0,0,0,5,0,1,1,2,1,en_curso
106,35,3.0,mejorada,1,3,1747564835162871655,0,0,0,5,0,5,3,3,1,en_curso
106,35,4.0,mejorada,1,3,1747564835162871655,1,0,0,2,0,5,3,4,1,en_curso
106,35,5.0,mejorada,1,3,1747564835162871655,1,0,0,4,0,5,3,5,1,en_curso
106,35,6.0,mejorada,1,3,1747564835162871655,3,0,0,4,0,6,3,6,1,en_curso
106,35,7.0,mejorada,1,3,1747564835162871655,3,0,0,7,0,6,3,7,1,en_curso
106,35,8.0,mejorada,1,3,1747564835162871655,3,0,0,8,0,6,3,8,1,en_curso
106,35,9.0,mejorada,1,3,1747564835162871655,4,0,3,5,3,6,2,9,1,en_curso
106,35,10.0,mejorada,1,3,1747564835162871655,4,1,6,9,4,6,3,10,1,en_curso
106,35,11.0,mejorada,1,3,1747564835162871655,4,1,11,15,7,6,1,11,1,en_curso
106,35,12.0,mejorada,1,3,1747564835162871655,5,1,12,14,8,6,1,12,1,en_curso
106,35,13.0,mejorada,1,3,1747564835162871655,6,1,18,18,10,6,1,13,1,en_curso
106,35,14.0,mejorada,1,3,1747564835162871655,6,1,21,15,13,6,0,14,1,en_curso
106,35,15.0,mejorada,1,3,1747564835162871655,6,1,24,14,16,6,0,15,1,perdido
107,35,1.0,mejorada,1,4,1747564835162871655,0,0,0,10,0,0,4,1,1,en_curso
107,35,2.0,mejorada,1,4,1747564835162871655,0,0,0,6,0,1,2,2,1,en_curso
107,35,3.0,mejorada,1,4,1747564835162871655,0,0,1,11,1,5,4,3,1,en_curso
107,35,4.0,mejorada,1,4,1747564835162871655,0,0,3,11,3,6,1,4,1,en_curso
107,35,5.0,mejorada,1,4,1747564835162871655,0,0,4,15,4,6,1,5,1,en_curso
107,35,6.0,mejorada,1,4,1747564835162871655,0,0,12,15,9,6,1,6,1,en_curso
107,35,7.0,mejorada,1,4,1747564835162871655,1,0,16,13,11,6,1,7,1,en_curso
107,35,8.0,mejorada,1,4,1747564835162871655,1,0,19,9,14,6,1,8,1,en_curso
107,35,9.0,mejorada,1,4,1747564835162871655,2,0,19,8,14,6,4,9,1,en_curso
107,35,10.0,mejorada,1,4,1747564835162871655,3,1,26,10,18,6,1,10,1,perdido
108,36,1.0,mejorada,1,2,1198314379297268474,0,0,0,10,0,0,2,1,1,en_curso
108,36,2.0,mejorada,1,2,1198314379297268474,0,0,0,8,0,0,2,2,1,en_curso
108,36,3.0,mejorada,1,2,1198314379297268474,0,0,0,5,0,5,2,3,1,en_curso
108,36,4.0,mejorada,1,2,1198314379297268474,0,0,3,3,3,5,2,4,1,en_curso
108,36,5.0,mejorada,1,2,1198314379297268474,0,0,3,2,3,5,2,5,1,en_curso
108,36,6.0,mejorada,1,2,1198314379297268474,0,0,6,1,6,7,2,6,1,en_curso
108,36,7.0,mejorada,1,2,1198314379297268474,2,1,6,5,6,7,2,7,1,en_curso
108,36,8.0,mejorada,1,2,1198314379297268474,2,1,9,3,8,8,2,8,1,en_curso
108,36,9.0,mejorada,1,2,1198314379297268474,3,1,9,2,8,8,2,9,1,en_curso
108,36,10.0,mejorada,1,2,1198314379297268474,3,2,9,2,8,8,2,10,1,en_curso
108,36,11.0,mejorada,1,2,1198314379297268474,3,3,11,4,10,8,2,11,1,en_curso
108,36,12.0,mejorada,1,2,1198314379297268474,3,4,13,11,12,8,1,12,1,perdido
109,36,1.0,mejorada,1,3,1198314379297268474,0,0,0,10,0,0,3,1,1,en_curso
109,36,2.0,mejorada,1,3,1198314379297268474,0,0,0,8,0,0,2,2,1,en_curso
109,36,3.0,mejorada,1,3,1198314379297268474,0,0,0,6,0,5,3,3,1,en_curso
109,36,4.0,mejorada,1,3,1198314379297268474,0,0,3,4,3,6,3,4,1,en_curso
109,36,5.0,mejorada,1,3,1198314379297268474,0,0,5,7,4,8,3,5,1,en_curso
109,36,6.0,mejorada,1,3,1198314379297268474,0,1,10,9,6,8,3,6,1,en_curso
109,36,7.0,mejorada,1,3,1198314379297268474,1,1,10,7,6,8,2,7,1,en_curso
109,36,8.0,mejorada,1,3,1198314379297268474,1,1,12,4,8,8,3,8,1,en_curso
109,36,9.0,mejorada,1,3,1198314379297268474,2,1,12,5,8,8,3,9,1,en_curso
109,36,10.0,mejorada,1,3,1198314379297268474,2,3,14,15,10,8,3,10,1,en_curso
109,36,11.0,mejorada,1,3,1198314379297268474,2,4,18,6,12,8,1,11,1,perdido
110,36,1.0,mejorada,1,4,1198314379297268474,0,0,0,10,0,0,4,1,1,en_curso
110,36,2.0,mejorada,1,4,1198314379297268474,0,0,0,9,0,1,3,2,1,en_curso
110,36,3.0,mejorada,1,4,1198314379297268474,0,0,0,9,0,6,2,3,1,en_curso
110,36,4.0,mejorada,1,4,1198314379297268474,0,0,5,11,4,7,3,4,1,en_curso
110,36,5.0,mejorada,1,4,1198314379297268474,0,0,6,12,5,8,1,5,1,en_curso
110,36,6.0,mejorada,1,4,1198314379297268474,0,0,7,15,5,8,1,6,1,en_curso
110,36,7.0,mejorada,1,4,1198314379297268474,0,1,9,15,6,8,1,7,1,en_curso
110,36,8.0,mejorada,1,4,1198314379297268474,1,1,14,14,11,8,1,8,1,en_curso
110,36,9.0,mejorada,1,4,1198314379297268474,1,2,18,13,12,8,0,9,1,en_curso
110,36,10.0,mejorada,1,4,1198314379297268474,1,3,18,13,12,8,0,10,1,en_curso
110,36,11.0,mejorada,1,4,1198314379297268474,1,3,25,8,18,8,0,11,1,perdido
111,37,1.0,mejorada,1,2,4387603514346341532,0,0,0,10,0,0,2,1,1,en_curso
111,37,2.0,mejorada,1,2,4387603514346341532,0,0,2,6,2,0,0,2,1,en_curso
111,37,3.0,mejorada,1,2,4387603514346341532,0,0,2,4,2,3,2,3,1,en_curso
111,37,4.0,mejorada,1,2,4387603514346341532,0,0,4,3,4,5,2,4,1,en_curso
111,37,5.0,mejorada,1,2,4387603514346341532,0,0,4,0,4,7,2,5,1,en_curso
111,37,6.0,mejorada,1,2,4387603514346341532,0,0,4,1,4,7,2,6,1,en_curso
111,37,7.0,mejorada,1,2,4387603514346341532,1,0,4,3,4,7,2,7,1,en_curso
111,37,8.0,mejorada,1,2,4387603514346341532,1,0,4,1,4,8,2,8,1,en_curso
111,37,9.0,mejorada,1,2,4387603514346341532,3,0,4,1,4,8,2,9,1,en_curso
111,37,10.0,mejorada,1,2,4387603514346341532,3,0,4,1,4,8,2,10,1,en_curso
111,37,11.0,mejorada,1,2,4387603514346341532,3,0,4,0,4,8,2,11,1,en_curso
111,37,12.0,mejorada,1,2,4387603514346341532,4,0,4,2,4,8,2,12,1,en_curso
111,37,13.0,mejorada,1,2,4387603514346341532,6,0,4,0,4,8,2,13,1,en_curso
111,37,14.0,mejorada,1,2,4387603514346341532,7,2,6,8,6,8,2,14,1,ganado
112,37,1.0,mejorada,1,3,4387603514346341532,0,0,0,10,0,0,3,1,1,en_curso
112,37,2.0,mejorada,1,3,4387603514346341532,0,0,2,8,2,0,1,2,1,en_curso
112,37,3.0,mejorada,1,3,4387603514346341532,0,0,2,7,2,3,3,3,1,en_curso
112,37,4.0,mejorada,1,3,4387603514346341532,0,0,8,13,7,4,3,4,1,en_curso
112,37,5.0,mejorada,1,3,4387603514346341532,0,0,8,10,7,5,0,5,1,en_curso
112,37,6.0,mejorada,1,3,4387603514346341532,0,0,14,13,11,5,1,6,1,en_curso
112,37,7.0,mejorada,1,3,4387603514346341532,0,0,14,10,11,5,0,7,1,en_curso
112,37,8.0,mejorada,1,3,4387603514346341532,0,0,19,10,12,5,0,8,1,en_curso
112,37,9.0,mejorada,1,3,4387603514346341532,0,2,25,15,17,7,0,9,1,perdido
113,37,1.0,mejorada,1,4,4387603514346341532,0,0,0,10,0,0,4,1,1,en_curso
113,37,2.0,mejorada,1,4,4387603514346341532,0,0,2,8,2,0,1,2,1,en_curso
113,37,3.0,mejorada,1,4,4387603514346341532,0,0,2,8,2,2,4,3,1,en_curso
113,37,4.0,mejorada,1,4,4387603514346341532,0,0,12,12,9,5,2,4,1,en_curso
113,37,5.0,mejorada,1,4,4387603514346341532,1,0,16,12,11,5,1,5,1,en_curso
113,37,6.0,mejorada,1,4,4387603514346341532,1,0,18,12,12,6,0,6,1,en_curso
113,37,7.0,mejorada,1,4,4387603514346341532,1,0,18,5,12,6,1,7,1,en_curso
113,37,8.0,mejorada,1,4,4387603514346341532,1,0,19,8,12,6,3,8,1,en_curso
113,37,9.0,mejorada,1,4,4387603514346341532,1,1,19,7,12,6,2,9,1,en_curso
113,37,10.0,mejorada,1,4,4387603514346341532,1,1,21,9,14,7,3,10,1,en_curso
113,37,11.0,mejorada,1,4,4387603514346341532,2,1,26,10,18,7,1,11,1,perdido
114,38,1.0,mejorada,1,2,2092869344936845210,0,0,0,10,0,0,2,1,1,en_curso
114,38,2.0,mejorada,1,2,2092869344936845210,0,0,3,8,3,0,0,2,1,en_curso
114,38,3.0,mejorada,1,2,2092869344936845210,0,0,6,9,5,4,2,3,1,en_curso
114,38,4.0,mejorada,1,2,2092869344936845210,0,0,6,6,5,4,2,4,1,en_curso
114,38,5.0,mejorada,1,2,2092869344936845210,1,0,6,4,5,4,2,5,1,en_curso
114,38,6.0,mejorada,1,2,2092869344936845210,2,0,8,7,7,4,2,6,1,en_curso
114,38,7.0,mejorada,1,2,2092869344936845210,2,0,8,11,7,5,2,7,1,en_curso
114,38,8.0,mejorada,1,2,2092869344936845210,3,0,8,9,7,6,1,8,1,en_curso
114,38,9.0,mejorada,1,2,2092869344936845210,3,0,8,6,7,7,1,9,1,en_curso
114,38,10.0,mejorada,1,2,2092869344936845210,3,0,8,3,7,8,2,10,1,en_curso
114,38,11.0,mejorada,1,2,2092869344936845210,3,0,8,8,7,8,2,11,1,en_curso
114,38,12.0,mejorada,1,2,2092869344936845210,3,0,8,8,7,8,2,12,1,en_curso
114,38,13.0,mejorada,1,2,2092869344936845210,4,0,8,8,7,8,2,13,1,en_curso
114,38,14.0,mejorada,1,2,2092869344936845210,5,0,8,8,7,8,1,14,1,en_curso
114,38,15.0,mejorada,1,2,2092869344936845210,5,1,12,9,9,8,2,15,1,en_curso
114,38,16.0,mejorada,1,2,2092869344936845210,5,1,14,9,10,8,1,16,1,en_curso
114,38,17.0,mejorada,1,2,2092869344936845210,5,1,14,10,10,8,1,17,1,en_curso
114,38,18.0,mejorada,1,2,2092869344936845210,5,1,14,8,10,8,1,18,1,en_curso
114,38,19.0,mejorada,1,2,2092869344936845210,5,1,14,6,10,8,2,19,1,en_curso
114,38,20.0,mejorada,1,2,2092869344936845210,7,2,23,6,17,8,2,20,1,ganado
115,38,1.0,mejorada,1,3,2092869344936845210,0,0,0,10,0,0,3,1,1,en_curso
115,38,2.0,mejorada,1,3,2092869344936845210,0,0,3,8,3,0,0,2,1,en_curso
115,38,3.0,mejorada,1,3,2092869344936845210,0,0,6,10,5,4,3,3,1,en_curso
115,38,4.0,mejorada,1,3,2092869344936845210,0,0,10,12,8,5,1,4,1,en_curso
115,38,5.0,mejorada,1,3,2092869344936845210,1,0,13,12,10,5,1,5,1,en_curso
115,38,6.0,mejorada,1,3,2092869344936845210,1,0,16,12,11,5,0,6,1,en_curso
115,38,7.0,mejorada,1,3,2092869344936845210,1,0,16,9,11,5,0,7,1,en_curso
115,38,8.0,mejorada,1,3,2092869344936845210,1,0,17,7,12,5,1,8,1,en_curso
115,38,9.0,mejorada,1,3,2092869344936845210,1,0,17,5,12,5,3,9,1,en_curso
115,38,10.0,mejorada,1,3,2092869344936845210,3,1,17,7,12,5,3,10,1,en_curso
115,38,11.0,mejorada,1,3,2092869344936845210,6,1,17,11,12,5,3,11,1,en_curso
115,38,12.0,mejorada,1,3,2092869344936845210,6,2,17,16,12,6,0,12,1,en_curso
115,38,13.0,mejorada,1,3,2092869344936845210,6,3,24,13,19,8,0,13,1,perdido
116,38,1.0,mejorada,1,4,2092869344936845210,0,0,0,10,0,0,4,1,1,en_curso
116,38,2.0,mejorada,1,4,2092869344936845210,0,0,3,8,3,0,0,2,1,en_curso
116,38,3.0,mejorada,1,4,2092869344936845210,0,0,6,10,5,4,3,3,1,en_curso
116,38,4.0,mejorada,1,4,2092869344936845210,0,0,10,12,8,5,1,4,1,en_curso
116,38,5.0,mejorada,1,4,2092869344936845210,1,0,13,12,10,5,1,5,1,en_curso
116,38,6.0,mejorada,1,4,2092869344936845210,1,0,16,12,11,5,0,6,1,en_curso
116,38,7.0,mejorada,1,4,2092869344936845210,1,0,16,9,11,5,0,7,1,en_curso
116,38,8.0,mejorada,1,4,2092869344936845210,1,0,17,9,12,6,3,8,1,en_curso
116,38,9.0,mejorada,1,4,2092869344936845210,1,0,17,6,12,6,2,9,1,en_curso
116,38,10.0,mejorada,1,4,2092869344936845210,2,0,17,6,12,6,4,10,1,en_curso
116,38,11.0,mejorada,1,4,2092869344936845210,2,0,20,13,15,7,4,11,1,en_curso
116,38,12.0,mejorada,1,4,2092869344936845210,2,0,20,11,15,7,1,12,1,en_curso
116,38,13.0,mejorada,1,4,2092869344936845210,3,1,20,11,15,7,1,13,1,en_curso
116,38,14.0,mejorada,1,4,2092869344936845210,3,2,23,12,18,8,0,14,1,en_curso
116,38,15.0,mejorada,1,4,2092869344936845210,3,2,26,10,19,8,0,15,1,perdido
117,39,1.0,mejorada,1,2,6177943668448659538,0,0,0,10,0,0,2,1,1,en_curso
117,39,2.0,mejorada,1,2,6177943668448659538,0,0,3,3,3,1,0,2,1,en_curso
117,39,3.0,mejorada,1,2,6177943668448659538,0,0,3,2,3,3,2,3,1,en_curso
117,39,4.0,mejorada,1,2,6177943668448659538,0,0,3,0,3,4,2,4,1,en_curso
117,39,5.0,mejorada,1,2,6177943668448659538,1,0,3,2,3,4,2,5,1,en_curso
117,39,6.0,mejorada,1,2,6177943668448659538,1,0,3,3,3,5,2,6,1,en_curso
117,39,7.0,mejorada,1,2,6177943668448659538,2,0,3,2,3,5,2,7,1,en_curso
117,39,8.0,mejorada,1,2,6177943668448659538,3,2,9,8,8,7,2,8,1,en_curso
117,39,9.0,mejorada,1,2,6177943668448659538,3,4,9,6,8,7,2,9,1,perdido
118,39,1.0,mejorada,1,3,6177943668448659538,0,0,0,10,0,0,3,1,1,en_curso
118,39,2.0,mejorada,1,3,6177943668448659538,0,0,3,5,3,1,1,2,1,en_curso
118,39,3.0,mejorada,1,3,6177943668448659538,0,0,3,5,3,1,3,3,1,en_curso
118,39,4.0,mejorada,1,3,6177943668448659538,0,0,3,7,3,6,3,4,1,en_curso
118,39,5.0,mejorada,1,3,6177943668448659538,0,1,3,6,3,7,3,5,1,en_curso
118,39,6.0,mejorada,1,3,6177943668448659538,0,1,9,9,9,7,1,6,1,en_curso
118,39,7.0,mejorada,1,3,6177943668448659538,0,1,11,9,9,7,2,7,1,en_curso
118,39,8.0,mejorada,1,3,6177943668448659538,0,2,18,8,14,7,2,8,1,en_curso
118,39,9.0,mejorada,1,3,6177943668448659538,0,2,18,4,14,7,3,9,1,en_curso
118,39,10.0,mejorada,1,3,6177943668448659538,1,2,27,9,20,7,2,10,1,perdido
119,39,1.0,mejorada,1,4,6177943668448659538,0,0,0,10,0,0,4,1,1,en_curso
119,39,2.0,mejorada,1,4,6177943668448659538,0,0,3,5,3,1,1,2,1,en_curso
119,39,3.0,mejorada,1,4,6177943668448659538,0,0,3,7,3,1,4,3,1,en_curso
119,39,4.0,mejorada,1,4,6177943668448659538,0,0,3,10,3,5,3,4,1,en_curso
119,39,5.0,mejorada,1,4,6177943668448659538,0,0,3,8,3,6,2,5,1,en_curso
119,39,6.0,mejorada,1,4,6177943668448659538,0,1,9,10,9,7,2,6,1,en_curso
119,39,7.0,mejorada,1,4,6177943668448659538,0,1,11,8,9,7,0,7,1,en_curso
119,39,8.0,mejorada,1,4,6177943668448659538,0,1,16,9,11,7,2,8,1,en_curso
119,39,9.0,mejorada,1,4,6177943668448659538,1,1,16,8,11,7,3,9,1,en_curso
119,39,10.0,mejorada,1,4,6177943668448659538,1,1,16,9,11,7,2,10,1,en_curso
119,39,11.0,mejorada,1,4,6177943668448659538,2,1,24,15,15,7,1,11,1,perdido
120,40,1.0,mejorada,1,2,4032014784384463676,0,0,0,10,0,0,2,1,1,en_curso
120,40,2.0,mejorada,1,2,4032014784384463676,0,0,6,6,6,2,2,2,1,en_curso
120,40,3.0,mejorada,1,2,4032014784384463676,0,0,9,5,6,6,2,3,1,en_curso
120,40,4.0,mejorada,1,2,4032014784384463676,0,0,11,1,7,6,2,4,1,en_curso
120,40,5.0,mejorada,1,2,4032014784384463676,0,0,11,0,7,6,2,5,1,en_curso
120,40,6.0,mejorada,1,2,4032014784384463676,0,2,11,10,7,6,2,6,1,en_curso
120,40,7.0,mejorada,1,2,4032014784384463676,0,2,13,11,9,7,1,7,1,en_curso
120,40,8.0,mejorada,1,2,4032014784384463676,1,2,13,8,9,7,1,8,1,en_curso
120,40,9.0,mejorada,1,2,4032014784384463676,1,2,13,5,9,7,2,9,1,en_curso
120,40,10.0,mejorada,1,2,4032014784384463676,1,3,15,8,11,7,1,10,1,en_curso
120,40,11.0,mejorada,1,2,4032014784384463676,1,3,15,10,11,7,1,11,1,en_curso
120,40,12.0,mejorada,1,2,4032014784384463676,1,4,20,12,15,7,1,12,1,perdido
121,40,1.0,mejorada,1,3,4032014784384463676,0,0,0,10,0,0,3,1,1,en_curso
121,40,2.0,mejorada,1,3,4032014784384463676,0,0,6,6,6,2,2,2,1,en_curso
121,40,3.0,mejorada,1,3,4032014784384463676,0,0,9,5,6,6,3,3,1,en_curso
121,40,4.0,mejorada,1,3,4032014784384463676,0,0,11,3,7,6,3,4,1,en_curso
121,40,5.0,mejorada,1,3,4032014784384463676,1,0,11,0,7,6,3,5,1,en_curso
121,40,6.0,mejorada,1,3,4032014784384463676,2,1,14,5,10,6,3,6,1,en_curso
121,40,7.0,mejorada,1,3,4032014784384463676,4,1,14,4,10,6,3,7,1,en_curso
121,40,8.0,mejorada,1,3,4032014784384463676,5,1,14,3,10,6,3,8,1,en_curso
121,40,9.0,mejorada,1,3,4032014784384463676,6,1,20,6,13,7,3,9,1,en_curso
121,40,10.0,mejorada,1,3,4032014784384463676,6,1,23,8,14,7,3,10,1,en_curso
121,40,11.0,mejorada,1,3,4032014784384463676,6,1,24,11,14,7,3,11,1,perdido
122,40,1.0,mejorada,1,4,4032014784384463676,0,0,0,10,0,0,4,1,1,en_curso
122,40,2.0,mejorada,1,4,4032014784384463676,0,0,6,7,6,2,3,2,1,en_curso
122,40,3.0,mejorada,1,4,4032014784384463676,0,1,10,11,7,5,3,3,1,en_curso
122,40,4.0,mejorada,1,4,4032014784384463676,0,1,10,8,7,6,2,4,1,en_curso
122,40,5.0,mejorada,1,4,4032014784384463676,0,1,10,9,7,6,1,5,1,en_curso
122,40,6.0,mejorada,1,4,4032014784384463676,0,1,10,6,7,6,3,6,1,en_curso
122,40,7.0,mejorada,1,4,4032014784384463676,1,2,10,7,7,6,4,7,1,en_curso
122,40,8.0,mejorada,1,4,4032014784384463676,3,2,12,9,8,7,3,8,1,en_curso
122,40,9.0,mejorada,1,4,4032014784384463676,3,2,14,9,10,8,1,9,1,en_curso
122,40,10.0,mejorada,1,4,4032014784384463676,4,4,18,13,14,8,3,10,1,perdido
123,41,1.0,mejorada,1,2,7680100789218536959,0,0,0,10,0,0,2,1,1,en_curso
123,41,2.0,mejorada,1,2,7680100789218536959,0,0,0,6,0,0,2,2,1,en_curso
123,41,3.0,mejorada,1,2,7680100789218536959,0,0,5,10,4,4,2,3,1,en_curso
123,41,4.0,mejorada,1,2,7680100789218536959,0,0,5,4,4,4,1,4,1,en_curso
123,41,5.0,mejorada,1,2,7680100789218536959,1,0,5,0,4,4,2,5,1,en_curso
123,41,6.0,mejorada,1,2,7680100789218536959,1,1,5,3,4,5,2,6,1,en_curso
123,41,7.0,mejorada,1,2,7680100789218536959,2,1,5,3,4,5,2,7,1,en_curso
123,41,8.0,mejorada,1,2,7680100789218536959,3,1,7,6,6,5,2,8,1,en_curso
123,41,9.0,mejorada,1,2,7680100789218536959,4,1,7,4,6,5,2,9,1,en_curso
123,41,10.0,mejorada,1,2,7680100789218536959,4,1,7,4,6,6,2,10,1,en_curso
123,41,11.0,mejorada,1,2,7680100789218536959,4,1,7,1,6,6,2,11,1,en_curso
123,41,12.0,mejorada,1,2,7680100789218536959,5,1,7,0,6,6,2,12,1,en_curso
123,41,13.0,mejorada,1,2,7680100789218536959,5,1,7,0,6,6,2,13,1,en_curso
123,41,14.0,mejorada,1,2,7680100789218536959,5,2,7,4,6,7,2,14,1,en_curso
123,41,15.0,mejorada,1,2,7680100789218536959,5,2,7,0,6,7,2,15,1,en_curso
123,41,16.0,mejorada,1,2,7680100789218536959,8,2,7,0,6,7,2,16,1,ganado
124,41,1.0,mejorada,1,3,7680100789218536959,0,0,0,10,0,0,3,1,1,en_curso
124,41,2.0,mejorada,1,3,7680100789218536959,0,0,0,7,0,0,3,2,1,en_curso
124,41,3.0,mejorada,1,3,7680100789218536959,0,0,4,11,3,3,2,3,1,en_curso
124,41,4.0,mejorada,1,3,7680100789218536959,0,0,4,6,3,5,2,4,1,en_curso
124,41,5.0,mejorada,1,3,7680100789218536959,0,1,4,7,3,5,2,5,1,en_curso
124,41,6.0,mejorada,1,3,7680100789218536959,1,1,7,11,5,6,1,6,1,en_curso
124,41,7.0,mejorada,1,3,7680100789218536959,1,1,9,7,7,7,1,7,1,en_curso
124,41,8.0,mejorada,1,3,7680100789218536959,1,1,16,8,12,8,3,8,1,en_curso
124,41,9.0,mejorada,1,3,7680100789218536959,2,4,16,13,12,8,3,9,1,perdido
125,41,1.0,mejorada,1,4,7680100789218536959,0,0,0,10,0,0,4,1,1,en_curso
125,41,2.0,mejorada,1,4,7680100789218536959,0,0,0,7,0,1,3,2,1,en_curso
125,41,3.0,mejorada,1,4,7680100789218536959,0,0,5,11,4,4,2,3,1,en_curso
125,41,4.0,mejorada,1,4,7680100789218536959,0,0,5,7,4,4,2,4,1,en_curso
125,41,5.0,mejorada,1,4,7680100789218536959,1,0,5,5,4,4,4,5,1,en_curso
125,41,6.0,mejorada,1,4,7680100789218536959,1,0,5,6,4,7,4,6,1,en_curso
125,41,7.0,mejorada,1,4,7680100789218536959,1,0,7,11,5,7,3,7,1,en_curso
125,41,8.0,mejorada,1,4,7680100789218536959,1,0,11,14,7,7,2,8,1,en_curso
125,41,9.0,mejorada,1,4,7680100789218536959,1,1,11,18,7,7,2,9,1,en_curso
125,41,10.0,mejorada,1,4,7680100789218536959,1,1,15,27,10,7,1,10,1,en_curso
125,41,11.0,mejorada,1,4,7680100789218536959,3,1,24,31,18,7,1,11,1,perdido
126,42,1.0,mejorada,1,2,6458805560192802266,0,0,0,10,0,0,2,1,1,en_curso
126,42,2.0,mejorada,1,2,6458805560192802266,0,0,5,10,5,0,1,2,1,en_curso
126,42,3.0,mejorada,1,2,6458805560192802266,0,0,7,7,7,3,2,3,1,en_curso
126,42,4.0,mejorada,1,2,6458805560192802266,0,1,7,7,7,5,2,4,1,en_curso
126,42,5.0,mejorada,1,2,6458805560192802266,0,2,7,7,7,7,2,5,1,en_curso
126,42,6.0,mejorada,1,2,6458805560192802266,0,4,12,5,12,8,2,6,1,perdido
127,42,1.0,mejorada,1,3,6458805560192802266,0,0,0,10,0,0,3,1,1,en_curso
127,42,2.0,mejorada,1,3,6458805560192802266,0,0,5,10,5,0,1,2,1,en_curso
127,42,3.0,mejorada,1,3,6458805560192802266,0,0,7,9,7,3,3,3,1,en_curso
127,42,4.0,mejorada,1,3,6458805560192802266,0,0,7,5,7,5,2,4,1,en_curso
127,42,5.0,mejorada,1,3,6458805560192802266,0,1,9,8,9,6,3,5,1,en_curso
127,42,6.0,mejorada,1,3,6458805560192802266,2,2,14,9,12,7,3,6,1,en_curso
127,42,7.0,mejorada,1,3,6458805560192802266,2,2,18,9,15,8,2,7,1,en_curso
127,42,8.0,mejorada,1,3,6458805560192802266,3,3,19,13,16,8,2,8,1,en_curso
127,42,9.0,mejorada,1,3,6458805560192802266,4,3,25,13,18,8,0,9,1,perdido
128,42,1.0,mejorada,1,4,6458805560192802266,0,0,0,10,0,0,4,1,1,en_curso
128,42,2.0,mejorada,1,4,6458805560192802266,0,0,5,10,5,0,1,2,1,en_curso
128,42,3.0,mejorada,1,4,6458805560192802266,0,0,7,9,7,3,3,3,1,en_curso
128,42,4.0,mejorada,1,4,6458805560192802266,0,0,7,6,7,6,3,4,1,en_curso
128,42,5.0,mejorada,1,4,6458805560192802266,0,1,9,7,9,8,2,5,1,en_curso
128,42,6.0,mejorada,1,4,6458805560192802266,0,2,11,7,10,8,4,6,1,en_curso
128,42,7.0,mejorada,1,4,6458805560192802266,1,3,15,14,11,8,3,7,1,en_curso
128,42,8.0,mejorada,1,4,6458805560192802266,1,3,15,12,11,8,1,8,1,en_curso
128,42,9.0,mejorada,1,4,6458805560192802266,2,3,15,9,11,8,1,9,1,en_curso
128,42,10.0,mejorada,1,4,6458805560192802266,2,3,17,10,13,8,2,10,1,en_curso
128,42,11.0,mejorada,1,4,6458805560192802266,2,3,18,9,14,8,2,11,1,en_curso
128,42,12.0,mejorada,1,4,6458805560192802266,6,3,18,10,14,8,2,12,1,en_curso
128,42,13.0,mejorada,1,4,6458805560192802266,6,3,21,8,16,8,0,13,1,en_curso
128,42,14.0,mejorada,1,4,6458805560192802266,6,3,21,9,16,8,4,14,1,en_curso
128,42,15.0,mejorada,1,4,6458805560192802266,6,3,24,12,17,8,1,15,1,perdido
129,43,1.0,mejorada,1,2,2881073745369361439,0,0,0,10,0,0,2,1,1,en_curso
129,43,2.0,mejorada,1,2,2881073745369361439,0,0,3,4,3,1,1,2,1,en_curso
129,43,3.0,mejorada,1,2,2881073745369361439,0,0,6,2,6,5,2,3,1,en_curso
129,43,4.0,mejorada,1,2,2881073745369361439,0,1,9,4,9,6,2,4,1,en_curso
129,43,5.0,mejorada,1,2,2881073745369361439,1,1,11,5,10,6,2,5,1,en_curso
129,43,6.0,mejorada,1,2,2881073745369361439,1,1,15,13,13,6,2,6,1,en_curso
129,43,7.0,mejorada,1,2,2881073745369361439,2,1,15,13,13,6,1,7,1,en_curso
129,43,8.0,mejorada,1,2,2881073745369361439,2,2,26,13,17,6,0,8,1,perdido
130,43,1.0,mejorada,1,3,2881073745369361439,0,0,0,10,0,0,3,1,1,en_curso
130,43,2.0,mejorada,1,3,2881073745369361439,0,0,3,4,3,1,1,2,1,en_curso
130,43,3.0,mejorada,1,3,2881073745369361439,1,0,5,4,5,5,3,3,1,en_curso
130,43,4.0,mejorada,1,3,2881073745369361439,1,0,5,5,5,7,3,4,1,en_curso
130,43,5.0,mejorada,1,3,2881073745369361439,1,1,5,3,5,7,3,5,1,en_curso
130,43,6.0,mejorada,1,3,2881073745369361439,2,1,5,6,5,7,3,6,1,en_curso
130,43,7.0,mejorada,1,3,2881073745369361439,2,1,5,6,5,7,3,7,1,en_curso
130,43,8.0,mejorada,1,3,2881073745369361439,5,1,9,5,9,7,3,8,1,en_curso
130,43,9.0,mejorada,1,3,2881073745369361439,5,1,9,4,9,7,3,9,1,en_curso
130,43,10.0,mejorada,1,3,2881073745369361439,7,1,11,5,11,7,3,10,1,ganado
131,43,1.0,mejorada,1,4,2881073745369361439,0,0,0,10,0,0,4,1,1,en_curso
131,43,2.0,mejorada,1,4,2881073745369361439,1,0,3,7,3,1,2,2,1,en_curso
131,43,3.0,mejorada,1,4,2881073745369361439,1,0,5,13,5,5,3,3,1,en_curso
131,43,4.0,mejorada,1,4,2881073745369361439,1,2,17,19,13,6,0,4,1,en_curso
131,43,5.0,mejorada,1,4,2881073745369361439,1,2,20,16,15,6,0,5,1,en_curso
131,43,6.0,mejorada,1,4,2881073745369361439,1,3,24,13,16,6,0,6,1,perdido
132,44,1.0,mejorada,1,2,7676241779586807193,0,0,0,10,0,0,2,1,1,en_curso
132,44,2.0,mejorada,1,2,7676241779586807193,0,0,3,5,3,2,1,2,1,en_curso
132,44,3.0,mejorada,1,2,7676241779586807193,0,0,3,1,3,4,2,3,1,en_curso
132,44,4.0,mejorada,1,2,7676241779586807193,0,0,3,0,3,6,2,4,1,en_curso
132,44,5.0,mejorada,1,2,7676241779586807193,0,0,3,1,3,7,2,5,1,en_curso
132,44,6.0,mejorada,1,2,7676241779586807193,0,0,3,0,3,7,2,6,1,en_curso
132,44,7.0,mejorada,1,2,7676241779586807193,1,0,3,0,3,7,2,7,1,en_curso
132,44,8.0,mejorada,1,2,7676241779586807193,1,0,3,0,3,7,2,8,1,en_curso
132,44,9.0,mejorada,1,2,7676241779586807193,2,0,3,1,3,7,2,9,1,en_curso
132,44,10.0,mejorada,1,2,7676241779586807193,4,0,3,0,3,7,2,10,1,en_curso
132,44,11.0,mejorada,1,2,7676241779586807193,4,1,3,3,3,7,2,11,1,en_curso
132,44,12.0,mejorada,1,2,7676241779586807193,5,1,3,2,3,7,2,12,1,en_curso
132,44,13.0,mejorada,1,2,7676241779586807193,5,1,6,7,6,7,2,13,1,en_curso
132,44,14.0,mejorada,1,2,7676241779586807193,7,2,6,8,6,7,2,14,1,ganado
133,44,1.0,mejorada,1,3,7676241779586807193,0,0,0,10,0,0,3,1,1,en_curso
133,44,2.0,mejorada,1,3,7676241779586807193,0,0,3,5,3,2,1,2,1,en_curso
133,44,3.0,mejorada,1,3,7676241779586807193,1,0,3,1,3,4,3,3,1,en_curso
133,44,4.0,mejorada,1,3,7676241779586807193,1,0,6,2,3,6,3,4,1,en_curso
133,44,5.0,mejorada,1,3,7676241779586807193,1,0,6,1,3,6,3,5,1,en_curso
133,44,6.0,mejorada,1,3,7676241779586807193,1,1,7,7,4,6,3,6,1,en_curso
133,44,7.0,mejorada,1,3,7676241779586807193,3,1,10,6,7,6,3,7,1,en_curso
133,44,8.0,mejorada,1,3,7676241779586807193,3,1,10,4,7,6,3,8,1,en_curso
133,44,9.0,mejorada,1,3,7676241779586807193,5,1,10,2,7,6,3,9,1,en_curso
133,44,10.0,mejorada,1,3,7676241779586807193,5,1,10,1,7,6,3,10,1,en_curso
133,44,11.0,mejorada,1,3,7676241779586807193,5,1,10,6,7,6,3,11,1,en_curso
133,44,12.0,mejorada,1,3,7676241779586807193,7,2,13,13,10,6,3,12,1,ganado
134,44,1.0,mejorada,1,4,7676241779586807193,0,0,0,10,0,0,4,1,1,en_curso
134,44,2.0,mejorada,1,4,7676241779586807193,0,0,3,6,3,1,2,2,1,en_curso
134,44,3.0,mejorada,1,4,7676241779586807193,1,1,8,9,5,3,4,3,1,en_curso
134,44,4.0,mejorada,1,4,7676241779586807193,2,2,10,8,7,4,3,4,1,en_curso
134,44,5.0,mejorada,1,4,7676241779586807193,2,2,10,11,7,6,3,5,1,en_curso
134,44,6.0,mejorada,1,4,7676241779586807193,2,2,12,9,9,6,0,6,1,en_curso
134,44,7.0,mejorada,1,4,7676241779586807193,2,2,12,8,9,6,3,7,1,en_curso
134,44,8.0,mejorada,1,4,7676241779586807193,2,2,15,7,9,6,4,8,1,en_curso
134,44,9.0,mejorada,1,4,7676241779586807193,5,2,20,10,12,6,3,9,1,en_curso
134,44,10.0,mejorada,1,4,7676241779586807193,5,3,22,8,13,6,2,10,1,en_curso
134,44,11.0,mejorada,1,4,7676241779586807193,5,3,24,22,14,7,4,11,1,perdido
135,45,1.0,mejorada,1,2,7422641071193402884,0,0,0,10,0,0,2,1,1,en_curso
135,45,2.0,mejorada,1,2,7422641071193402884,0,0,0,5,0,0,2,2,1,en_curso
135,45,3.0,mejorada,1,2,7422641071193402884,0,1,0,4,0,5,2,3,1,en_curso
135,45,4.0,mejorada,1,2,7422641071193402884,0,1,0,3,0,6,2,4,1,en_curso
135,45,5.0,mejorada,1,2,7422641071193402884,1,1,0,2,0,7,2,5,1,en_curso
135,45,6.0,mejorada,1,2,7422641071193402884,1,1,0,2,0,8,2,6,1,en_curso
135,45,7.0,mejorada,1,2,7422641071193402884,1,1,1,5,1,8,2,7,1,en_curso
135,45,8.0,mejorada,1,2,7422641071193402884,2,1,8,12,8,8,1,8,1,en_curso
135,45,9.0,mejorada,1,2,7422641071193402884,2,1,8,8,8,8,0,9,1,en_curso
135,45,10.0,mejorada,1,2,7422641071193402884,2,1,8,8,8,8,2,10,1,en_curso
135,45,11.0,mejorada,1,2,7422641071193402884,2,2,11,9,11,8,1,11,1,en_curso
135,45,12.0,mejorada,1,2,7422641071193402884,3,2,25,9,15,8,1,12,1,perdido
136,45,1.0,mejorada,1,3,7422641071193402884,0,0,0,10,0,0,3,1,1,en_curso
136,45,2.0,mejorada,1,3,7422641071193402884,0,0,0,5,0,0,2,2,1,en_curso
136,45,3.0,mejorada,1,3,7422641071193402884,0,1,0,4,0,5,3,3,1,en_curso
136,45,4.0,mejorada,1,3,7422641071193402884,0,1,0,3,0,6,3,4,1,en_curso
136,45,5.0,mejorada,1,3,7422641071193402884,0,1,0,5,0,7,3,5,1,en_curso
136,45,6.0,mejorada,1,3,7422641071193402884,2,1,0,5,0,8,3,6,1,en_curso
136,45,7.0,mejorada,1,3,7422641071193402884,3,1,6,12,4,8,3,7,1,en_curso
136,45,8.0,mejorada,1,3,7422641071193402884,4,1,10,7,8,8,3,8,1,en_curso
136,45,9.0,mejorada,1,3,7422641071193402884,5,1,10,6,8,8,3,9,1,en_curso
136,45,10.0,mejorada,1,3,7422641071193402884,6,2,10,8,8,8,3,10,1,en_curso
136,45,11.0,mejorada,1,3,7422641071193402884,6,2,11,10,9,8,2,11,1,en_curso
136,45,12.0,mejorada,1,3,7422641071193402884,6,2,11,8,9,8,1,12,1,en_curso
136,45,13.0,mejorada,1,3,7422641071193402884,6,2,15,12,10,8,3,13,1,en_curso
136,45,14.0,mejorada,1,3,7422641071193402884,7,2,21,15,16,8,1,14,1,ganado
137,45,1.0,mejorada,1,4,7422641071193402884,0,0,0,10,0,0,4,1,1,en_curso
137,45,2.0,mejorada,1,4,7422641071193402884,0,0,0,6,0,1,3,2,1,en_curso
137,45,3.0,mejorada,1,4,7422641071193402884,0,1,0,6,0,5,4,3,1,en_curso
137,45,4.0,mejorada,1,4,7422641071193402884,0,2,2,10,2,7,2,4,1,en_curso
137,45,5.0,mejorada,1,4,7422641071193402884,1,2,2,8,2,8,1,5,1,en_curso
137,45,6.0,mejorada,1,4,7422641071193402884,2,2,4,8,4,8,4,6,1,en_curso
137,45,7.0,mejorada,1,4,7422641071193402884,3,3,13,14,12,8,2,7,1,en_curso
137,45,8.0,mejorada,1,4,7422641071193402884,3,3,17,8,13,8,0,8,1,en_curso
137,45,9.0,mejorada,1,4,7422641071193402884,3,3,17,8,13,8,4,9,1,en_curso
137,45,10.0,mejorada,1,4,7422641071193402884,3,3,19,11,14,8,4,10,1,en_curso
137,45,11.0,mejorada,1,4,7422641071193402884,3,3,20,12,14,8,2,11,1,en_curso
137,45,12.0,mejorada,1,4,7422641071193402884,5,3,25,13,18,8,2,12,1,perdido
138,46,1.0,mejorada,1,2,3573857246032727844,0,0,0,10,0,0,2,1,1,en_curso
138,46,2.0,mejorada,1,2,3573857246032727844,0,0,0,8,0,0,0,2,1,en_curso
138,46,3.0,mejorada,1,2,3573857246032727844,0,0,0,3,0,2,2,3,1,en_curso
138,46,4.0,mejorada,1,2,3573857246032727844,0,0,0,1,0,4,2,4,1,en_curso
138,46,5.0,mejorada,1,2,3573857246032727844,0,1,2,1,2,5,2,5,1,en_curso
138,46,6.0,mejorada,1,2,3573857246032727844,0,1,2,1,2,5,2,6,1,en_curso
138,46,7.0,mejorada,1,2,3573857246032727844,0,1,2,0,2,5,2,7,1,en_curso
138,46,8.0,mejorada,1,2,3573857246032727844,2,1,2,4,2,5,2,8,1,en_curso
138,46,9.0,mejorada,1,2,3573857246032727844,2,1,2,4,2,5,2,9,1,en_curso
138,46,10.0,mejorada,1,2,3573857246032727844,4,1,2,2,2,6,2,10,1,en_curso
138,46,11.0,mejorada,1,2,3573857246032727844,4,2,2,0,2,7,2,11,1,en_curso
138,46,12.0,mejorada,1,2,3573857246032727844,4,2,2,0,2,7,2,12,1,en_curso
138,46,13.0,mejorada,1,2,3573857246032727844,5,4,2,6,2,7,2,13,1,perdido
139,46,1.0,mejorada,1,3,3573857246032727844,0,0,0,10,0,0,3,1,1,en_curso
139,46,2.0,mejorada,1,3,3573857246032727844,0,0,0,8,0,0,0,2,1,en_curso
139,46,3.0,mejorada,1,3,3573857246032727844,0,0,0,6,0,2,3,3,1,en_curso
139,46,4.0,mejorada,1,3,3573857246032727844,0,0,2,10,2,4,2,4,1,en_curso
139,46,5.0,mejorada,1,3,3573857246032727844,0,0,7,9,6,5,1,5,1,en_curso
139,46,6.0,mejorada,1,3,3573857246032727844,0,0,11,8,7,5,3,6,1,en_curso
139,46,7.0,mejorada,1,3,3573857246032727844,0,1,11,7,7,6,3,7,1,en_curso
139,46,8.0,mejorada,1,3,3573857246032727844,1,1,11,10,7,6,3,8,1,en_curso
139,46,9.0,mejorada,1,3,3573857246032727844,1,1,11,7,7,6,1,9,1,en_curso
139,46,10.0,mejorada,1,3,3573857246032727844,1,1,13,11,9,6,2,10,1,en_curso
139,46,11.0,mejorada,1,3,3573857246032727844,1,3,14,10,9,6,3,11,1,en_curso
139,46,12.0,mejorada,1,3,3573857246032727844,4,4,22,14,16,7,1,12,1,perdido
140,46,1.0,mejorada,1,4,3573857246032727844,0,0,0,10,0,0,4,1,1,en_curso
140,46,2.0,mejorada,1,4,3573857246032727844,0,0,0,8,0,0,0,2,1,en_curso
140,46,3.0,mejorada,1,4,3573857246032727844,0,0,1,9,1,3,2,3,1,en_curso
140,46,4.0,mejorada,1,4,3573857246032727844,0,0,2,10,2,3,1,4,1,en_curso
140,46,5.0,mejorada,1,4,3573857246032727844,0,0,2,8,2,7,3,5,1,en_curso
140,46,6.0,mejorada,1,4,3573857246032727844,0,0,6,8,5,7,3,6,1,en_curso
140,46,7.0,mejorada,1,4,3573857246032727844,0,2,6,10,5,7,3,7,1,en_curso
140,46,8.0,mejorada,1,4,3573857246032727844,1,2,8,19,7,7,2,8,1,en_curso
140,46,9.0,mejorada,1,4,3573857246032727844,3,2,8,15,7,7,2,9,1,en_curso
140,46,10.0,mejorada,1,4,3573857246032727844,3,3,8,11,7,7,0,10,1,en_curso
140,46,11.0,mejorada,1,4,3573857246032727844,3,3,14,11,11,7,0,11,1,en_curso
140,46,12.0,mejorada,1,4,3573857246032727844,3,3,14,8,11,7,3,12,1,en_curso
140,46,13.0,mejorada,1,4,3573857246032727844,3,3,18,10,13,7,3,13,1,en_curso
140,46,14.0,mejorada,1,4,3573857246032727844,4,3,21,12,14,8,2,14,1,en_curso
140,46,15.0,mejorada,1,4,3573857246032727844,5,3,21,19,14,8,1,15,1,en_curso
140,46,16.0,mejorada,1,4,3573857246032727844,5,3,25,20,16,8,0,16,1,perdido
141,47,1.0,mejorada,1,2,2659357371229571338,0,0,0,10,0,0,2,1,1,en_curso
141,47,2.0,mejorada,1,2,2659357371229571338,0,0,0,5,0,0,0,2,1,en_curso
141,47,3.0,mejorada,1,2,2659357371229571338,0,0,3,4,3,3,2,3,1,en_curso
141,47,4.0,mejorada,1,2,2659357371229571338,0,0,7,4,4,6,2,4,1,en_curso
141,47,5.0,mejorada,1,2,2659357371229571338,0,0,7,2,4,7,2,5,1,en_curso
141,47,6.0,mejorada,1,2,2659357371229571338,0,0,7,3,4,7,2,6,1,en_curso
141,47,7.0,mejorada,1,2,2659357371229571338,0,1,7,3,4,7,2,7,1,en_curso
141,47,8.0,mejorada,1,2,2659357371229571338,1,1,7,1,4,7,2,8,1,en_curso
141,47,9.0,mejorada,1,2,2659357371229571338,1,1,7,1,4,7,2,9,1,en_curso
141,47,10.0,mejorada,1,2,2659357371229571338,3,1,7,7,4,7,2,10,1,en_curso
141,47,11.0,mejorada,1,2,2659357371229571338,4,4,15,9,11,7,1,11,1,perdido
142,47,1.0,mejorada,1,3,2659357371229571338,0,0,0,10,0,0,3,1,1,en_curso
142,47,2.0,mejorada,1,3,2659357371229571338,0,0,0,8,0,0,1,2,1,en_curso
142,47,3.0,mejorada,1,3,2659357371229571338,0,1,0,7,0,2,3,3,1,en_curso
142,47,4.0,mejorada,1,3,2659357371229571338,0,1,0,9,0,5,3,4,1,en_curso
142,47,5.0,mejorada,1,3,2659357371229571338,0,3,2,14,2,7,1,5,1,en_curso
142,47,6.0,mejorada,1,3,2659357371229571338,1,3,2,11,2,7,1,6,1,en_curso
142,47,7.0,mejorada,1,3,2659357371229571338,1,3,2,9,2,7,0,7,1,en_curso
142,47,8.0,mejorada,1,3,2659357371229571338,1,3,5,9,5,7,2,8,1,en_curso
142,47,9.0,mejorada,1,3,2659357371229571338,1,4,11,16,9,7,1,9,1,perdido
143,47,1.0,mejorada,1,4,2659357371229571338,0,0,0,10,0,0,4,1,1,en_curso
143,47,2.0,mejorada,1,4,2659357371229571338,0,0,0,8,0,0,1,2,1,en_curso
143,47,3.0,mejorada,1,4,2659357371229571338,0,0,0,8,0,3,3,3,1,en_curso
143,47,4.0,mejorada,1,4,2659357371229571338,0,2,5,13,5,5,3,4,1,en_curso
143,47,5.0,mejorada,1,4,2659357371229571338,0,2,8,9,8,5,0,5,1,en_curso
143,47,6.0,mejorada,1,4,2659357371229571338,0,2,11,8,9,6,3,6,1,en_curso
143,47,7.0,mejorada,1,4,2659357371229571338,0,2,15,9,9,6,0,7,1,en_curso
143,47,8.0,mejorada,1,4,2659357371229571338,0,2,20,8,14,7,1,8,1,en_curso
143,47,9.0,mejorada,1,4,2659357371229571338,0,2,26,9,16,8,2,9,1,perdido
144,48,1.0,mejorada,1,2,6294909946641896535,0,0,0,10,0,0,2,1,1,en_curso
144,48,2.0,mejorada,1,2,6294909946641896535,0,0,2,6,2,0,1,2,1,en_curso
144,48,3.0,mejorada,1,2,6294909946641896535,1,0,5,4,5,3,2,3,1,en_curso
144,48,4.0,mejorada,1,2,6294909946641896535,1,0,5,3,5,6,2,4,1,en_curso
144,48,5.0,mejorada,1,2,6294909946641896535,1,0,5,1,5,7,2,5,1,en_curso
144,48,6.0,mejorada,1,2,6294909946641896535,1,0,5,4,5,7,2,6,1,en_curso
144,48,7.0,mejorada,1,2,6294909946641896535,1,0,5,2,5,7,2,7,1,en_curso
144,48,8.0,mejorada,1,2,6294909946641896535,1,0,5,0,5,7,2,8,1,en_curso
144,48,9.0,mejorada,1,2,6294909946641896535,3,0,5,0,5,7,2,9,1,en_curso
144,48,10.0,mejorada,1,2,6294909946641896535,3,0,5,4,5,7,2,10,1,en_curso
144,48,11.0,mejorada,1,2,6294909946641896535,4,1,5,7,5,7,2,11,1,en_curso
144,48,12.0,mejorada,1,2,6294909946641896535,4,3,7,12,6,7,2,12,1,en_curso
144,48,13.0,mejorada,1,2,6294909946641896535,4,3,10,9,6,7,0,13,1,en_curso
144,48,14.0,mejorada,1,2,6294909946641896535,4,3,13,12,8,7,0,14,1,en_curso
144,48,15.0,mejorada,1,2,6294909946641896535,4,3,13,14,8,7,0,15,1,en_curso
144,48,16.0,mejorada,1,2,6294909946641896535,4,3,24,20,16,7,0,16,1,perdido
145,48,1.0,mejorada,1,3,6294909946641896535,0,0,0,10,0,0,3,1,1,en_curso
145,48,2.0,mejorada,1,3,6294909946641896535,0,0,2,7,2,0,2,2,1,en_curso
145,48,3.0,mejorada,1,3,6294909946641896535,0,0,2,5,2,4,3,3,1,en_curso
145,48,4.0,mejorada,1,3,6294909946641896535,1,0,2,6,2,5,3,4,1,en_curso
145,48,5.0,mejorada,1,3,6294909946641896535,2,0,5,7,5,5,3,5,1,en_curso
145,48,6.0,mejorada,1,3,6294909946641896535,3,0,5,5,5,6,3,6,1,en_curso
145,48,7.0,mejorada,1,3,6294909946641896535,3,0,7,6,7,7,3,7,1,en_curso
145,48,8.0,mejorada,1,3,6294909946641896535,4,1,12,9,12,7,3,8,1,en_curso
145,48,9.0,mejorada,1,3,6294909946641896535,4,1,19,10,15,7,1,9,1,en_curso
145,48,10.0,mejorada,1,3,6294909946641896535,5,1,19,9,15,7,2,10,1,en_curso
145,48,11.0,mejorada,1,3,6294909946641896535,5,1,21,7,16,7,2,11,1,en_curso
145,48,12.0,mejorada,1,3,6294909946641896535,6,2,23,11,18,7,2,12,1,en_curso
145,48,13.0,mejorada,1,3,6294909946641896535,6,2,23,12,18,7,1,13,1,en_curso
145,48,14.0,mejorada,1,3,6294909946641896535,6,2,25,9,20,7,2,14,1,perdido
146,48,1.0,mejorada,1,4,6294909946641896535,0,0,0,10,0,0,4,1,1,en_curso
146,48,2.0,mejorada,1,4,6294909946641896535,0,0,2,7,2,0,2,2,1,en_curso
146,48,3.0,mejorada,1,4,6294909946641896535,0,0,2,6,2,4,4,3,1,en_curso
146,48,4.0,mejorada,1,4,6294909946641896535,2,0,5,11,5,5,2,4,1,en_curso
146,48,5.0,mejorada,1,4,6294909946641896535,2,0,8,14,6,5,0,5,1,en_curso
146,48,6.0,mejorada,1,4,6294909946641896535,2,0,8,14,6,5,0,6,1,en_curso
146,48,7.0,mejorada,1,4,6294909946641896535,2,0,10,12,8,5,0,7,1,en_curso
146,48,8.0,mejorada,1,4,6294909946641896535,2,0,12,8,10,6,1,8,1,en_curso
146,48,9.0,mejorada,1,4,6294909946641896535,2,0,12,9,10,6,2,9,1,en_curso
146,48,10.0,mejorada,1,4,6294909946641896535,2,0,12,8,10,7,1,10,1,en_curso
146,48,11.0,mejorada,1,4,6294909946641896535,2,1,25,15,20,8,2,11,1,perdido
147,49,1.0,mejorada,1,2,1288989149403113816,0,0,0,10,0,0,2,1,1,en_curso
147,49,2.0,mejorada,1,2,1288989149403113816,0,0,2,7,2,0,1,2,1,en_curso
147,49,3.0,mejorada,1,2,1288989149403113816,0,0,2,6,2,3,2,3,1,en_curso
147,49,4.0,mejorada,1,2,1288989149403113816,0,0,5,6,5,4,2,4,1,en_curso
147,49,5.0,mejorada,1,2,1288989149403113816,1,0,5,4,5,5,2,5,1,en_curso
147,49,6.0,mejorada,1,2,1288989149403113816,1,0,5,2,5,5,2,6,1,en_curso
147,49,7.0,mejorada,1,2,1288989149403113816,1,0,7,7,7,6,2,7,1,en_curso
147,49,8.0,mejorada,1,2,1288989149403113816,2,0,9,9,8,6,2,8,1,en_curso
147,49,9.0,mejorada,1,2,1288989149403113816,2,0,9,8,8,6,2,9,1,en_curso
147,49,10.0,mejorada,1,2,1288989149403113816,2,0,12,8,10,6,1,10,1,en_curso
147,49,11.0,mejorada,1,2,1288989149403113816,3,0,12,7,10,6,2,11,1,en_curso
147,49,12.0,mejorada,1,2,1288989149403113816,3,0,15,15,13,6,1,12,1,en_curso
147,49,13.0,mejorada,1,2,1288989149403113816,3,1,25,12,18,6,1,13,1,perdido
148,49,1.0,mejorada,1,3,1288989149403113816,0,0,0,10,0,0,3,1,1,en_curso
148,49,2.0,mejorada,1,3,1288989149403113816,0,0,2,7,2,0,1,2,1,en_curso
148,49,3.0,mejorada,1,3,1288989149403113816,0,0,2,8,2,3,3,3,1,en_curso
148,49,4.0,mejorada,1,3,1288989149403113816,0,0,5,8,5,4,3,4,1,en_curso
148,49,5.0,mejorada,1,3,1288989149403113816,0,2,7,5,7,5,2,5,1,en_curso
148,49,6.0,mejorada,1,3,1288989149403113816,1,2,9,7,8,6,3,6,1,en_curso
148,49,7.0,mejorada,1,3,1288989149403113816,1,2,14,9,10,7,2,7,1,en_curso
148,49,8.0,mejorada,1,3,1288989149403113816,2,4,17,14,13,7,3,8,1,perdido
149,49,1.0,mejorada,1,4,1288989149403113816,0,0,0,10,0,0,4,1,1,en_curso
149,49,2.0,mejorada,1,4,1288989149403113816,0,0,2,7,2,0,1,2,1,en_curso
149,49,3.0,mejorada,1,4,1288989149403113816,0,0,2,5,2,3,3,3,1,en_curso
149,49,4.0,mejorada,1,4,1288989149403113816,1,1,7,9,7,5,3,4,1,en_curso
149,49,5.0,mejorada,1,4,1288989149403113816,1,1,7,8,7,6,1,5,1,en_curso
149,49,6.0,mejorada,1,4,1288989149403113816,3,1,8,7,8,6,2,6,1,en_curso
149,49,7.0,mejorada,1,4,1288989149403113816,3,1,10,8,10,6,2,7,1,en_curso
149,49,8.0,mejorada,1,4,1288989149403113816,3,1,13,7,11,6,3,8,1,en_curso
149,49,9.0,mejorada,1,4,1288989149403113816,3,2,15,11,12,6,2,9,1,en_curso
149,49,10.0,mejorada,1,4,1288989149403113816,4,3,18,12,15,7,2,10,1,en_curso
149,49,11.0,mejorada,1,4,1288989149403113816,4,4,21,11,17,7,0,11,1,perdido
150,50,1.0,mejorada,1,2,1843827724646817314,0,0,0,10,0,0,2,1,1,en_curso
150,50,2.0,mejorada,1,2,1843827724646817314,0,0,0,5,0,0,1,2,1,en_curso
150,50,3.0,mejorada,1,2,1843827724646817314,0,0,0,2,0,5,2,3,1,en_curso
150,50,4.0,mejorada,1,2,1843827724646817314,0,0,2,4,2,6,2,4,1,en_curso
150,50,5.0,mejorada,1,2,1843827724646817314,0,1,2,3,2,6,2,5,1,en_curso
150,50,6.0,mejorada,1,2,1843827724646817314,0,1,2,1,2,6,2,6,1,en_curso
150,50,7.0,mejorada,1,2,1843827724646817314,0,1,2,0,2,6,2,7,1,en_curso
150,50,8.0,mejorada,1,2,1843827724646817314,2,1,2,1,2,6,2,8,1,en_curso
150,50,9.0,mejorada,1,2,1843827724646817314,2,1,2,2,2,7,2,9,1,en_curso
150,50,10.0,mejorada,1,2,1843827724646817314,2,1,2,0,2,7,2,10,1,en_curso
150,50,11.0,mejorada,1,2,1843827724646817314,4,2,4,5,4,7,2,11,1,en_curso
150,50,12.0,mejorada,1,2,1843827724646817314,4,2,6,6,4,8,2,12,1,en_curso
150,50,13.0,mejorada,1,2,1843827724646817314,5,2,13,6,9,8,2,13,1,en_curso
150,50,14.0,mejorada,1,2,1843827724646817314,5,2,13,4,9,8,2,14,1,en_curso
150,50,15.0,mejorada,1,2,1843827724646817314,5,2,13,2,9,8,2,15,1,en_curso
150,50,16.0,mejorada,1,2,1843827724646817314,5,3,13,4,9,8,2,16,1,en_curso
150,50,17.0,mejorada,1,2,1843827724646817314,5,3,13,8,9,8,2,17,1,en_curso
150,50,18.0,mejorada,1,2,1843827724646817314,5,3,15,13,11,8,1,18,1,en_curso
150,50,19.0,mejorada,1,2,1843827724646817314,5,3,20,14,14,8,1,19,1,en_curso
150,50,20.0,mejorada,1,2,1843827724646817314,7,3,22,12,16,8,1,20,1,ganado
151,50,1.0,mejorada,1,3,1843827724646817314,0,0,0,10,0,0,3,1,1,en_curso
151,50,2.0,mejorada,1,3,1843827724646817314,0,0,0,5,0,0,1,2,1,en_curso
151,50,3.0,mejorada,1,3,1843827724646817314,1,0,0,3,0,4,3,3,1,en_curso
151,50,4.0,mejorada,1,3,1843827724646817314,1,2,0,3,0,5,3,4,1,en_curso
151,50,5.0,mejorada,1,3,1843827724646817314,2,2,0,4,0,6,3,5,1,en_curso
151,50,6.0,mejorada,1,3,1843827724646817314,3,2,7,6,7,8,3,6,1,en_curso
151,50,7.0,mejorada,1,3,1843827724646817314,3,2,7,7,7,8,3,7,1,en_curso
151,50,8.0,mejorada,1,3,1843827724646817314,6,2,7,5,7,8,3,8,1,en_curso
151,50,9.0,mejorada,1,3,1843827724646817314,7,2,7,7,7,8,3,9,1,ganado
152,50,1.0,mejorada,1,4,1843827724646817314,0,0,0,10,0,0,4,1,1,en_curso
152,50,2.0,mejorada,1,4,1843827724646817314,0,0,0,7,0,1,2,2,1,en_curso
152,50,3.0,mejorada,1,4,1843827724646817314,1,0,0,6,0,4,4,3,1,en_curso
152,50,4.0,mejorada,1,4,1843827724646817314,2,2,0,7,0,5,4,4,1,en_curso
152,50,5.0,mejorada,1,4,1843827724646817314,2,2,3,12,3,5,3,5,1,en_curso
152,50,6.0,mejorada,1,4,1843827724646817314,3,4,10,15,8,5,2,6,1,perdido
153,51,1.0,mejorada,1,2,67904952949206819,0,0,0,10,0,0,2,1,1,en_curso
153,51,2.0,mejorada,1,2,67904952949206819,0,0,5,12,3,0,0,2,1,en_curso
153,51,3.0,mejorada,1,2,67904952949206819,0,1,5,11,3,2,0,3,1,en_curso
153,51,4.0,mejorada,1,2,67904952949206819,0,1,5,9,3,2,0,4,1,en_curso
153,51,5.0,mejorada,1,2,67904952949206819,0,1,5,5,3,4,1,5,1,en_curso
153,51,6.0,mejorada,1,2,67904952949206819,0,1,5,6,3,6,2,6,1,en_curso
153,51,7.0,mejorada,1,2,67904952949206819,0,1,5,3,3,6,2,7,1,en_curso
153,51,8.0,mejorada,1,2,67904952949206819,0,1,5,6,3,6,2,8,1,en_curso
153,51,9.0,mejorada,1,2,67904952949206819,0,1,14,10,9,6,1,9,1,en_curso
153,51,10.0,mejorada,1,2,67904952949206819,1,1,14,6,9,7,1,10,1,en_curso
153,51,11.0,mejorada,1,2,67904952949206819,2,1,17,9,12,7,2,11,1,en_curso
153,51,12.0,mejorada,1,2,67904952949206819,3,1,19,7,14,8,1,12,1,en_curso
153,51,13.0,mejorada,1,2,67904952949206819,4,1,19,5,14,8,2,13,1,en_curso
153,51,14.0,mejorada,1,2,67904952949206819,4,1,19,4,14,8,2,14,1,en_curso
153,51,15.0,mejorada,1,2,67904952949206819,4,2,19,6,14,8,2,15,1,en_curso
153,51,16.0,mejorada,1,2,67904952949206819,4,2,19,11,14,8,2,16,1,en_curso
153,51,17.0,mejorada,1,2,67904952949206819,5,3,21,10,16,8,1,17,1,en_curso
153,51,18.0,mejorada,1,2,67904952949206819,5,3,21,7,16,8,2,18,1,en_curso
153,51,19.0,mejorada,1,2,67904952949206819,6,3,24,16,18,8,0,19,1,perdido
154,51,1.0,mejorada,1,3,67904952949206819,0,0,0,10,0,0,3,1,1,en_curso
154,51,2.0,mejorada,1,3,67904952949206819,0,0,5,12,3,0,0,2,1,en_curso
154,51,3.0,mejorada,1,3,67904952949206819,0,1,5,11,3,2,0,3,1,en_curso
154,51,4.0,mejorada,1,3,67904952949206819,0,1,5,9,3,2,0,4,1,en_curso
154,51,5.0,mejorada,1,3,67904952949206819,0,1,5,6,3,4,2,5,1,en_curso
154,51,6.0,mejorada,1,3,67904952949206819,0,1,5,8,3,5,3,6,1,en_curso
154,51,7.0,mejorada,1,3,67904952949206819,0,1,5,6,3,6,3,7,1,en_curso
154,51,8.0,mejorada,1,3,67904952949206819,1,1,8,4,6,7,3,8,1,en_curso
154,51,9.0,mejorada,1,3,67904952949206819,1,1,10,7,8,7,3,9,1,en_curso
154,51,10.0,mejorada,1,3,67904952949206819,3,1,10,7,8,7,3,10,1,en_curso
154,51,11.0,mejorada,1,3,67904952949206819,4,3,12,15,8,7,2,11,1,en_curso
154,51,12.0,mejorada,1,3,67904952949206819,4,3,12,10,8,7,0,12,1,en_curso
154,51,13.0,mejorada,1,3,67904952949206819,4,3,17,11,11,7,2,13,1,en_curso
154,51,14.0,mejorada,1,3,67904952949206819,4,4,21,21,14,7,0,14,1,perdido
155,51,1.0,mejorada,1,4,67904952949206819,0,0,0,10,0,0,4,1,1,en_curso
155,51,2.0,mejorada,1,4,67904952949206819,0,0,5,12,3,0,0,2,1,en_curso
155,51,3.0,mejorada,1,4,67904952949206819,0,1,5,11,3,2,0,3,1,en_curso
155,51,4.0,mejorada,1,4,67904952949206819,0,1,5,9,3,2,0,4,1,en_curso
155,51,5.0,mejorada,1,4,67904952949206819,0,1,5,6,3,4,2,5,1,en_curso
155,51,6.0,mejorada,1,4,67904952949206819,0,1,5,8,3,5,4,6,1,en_curso
155,51,7.0,mejorada,1,4,67904952949206819,0,1,7,8,5,6,3,7,1,en_curso
155,51,8.0,mejorada,1,4,67904952949206819,0,2,10,13,8,7,3,8,1,en_curso
155,51,9.0,mejorada,1,4,67904952949206819,0,2,12,15,10,7,2,9,1,en_curso
155,51,10.0,mejorada,1,4,67904952949206819,2,2,15,12,11,7,2,10,1,en_curso
155,51,11.0,mejorada,1,4,67904952949206819,3,2,19,17,13,7,1,11,1,en_curso
155,51,12.0,mejorada,1,4,67904952949206819,3,2,26,12,17,7,0,12,1,perdido
156,52,1.0,mejorada,1,2,7258096298572574743,0,0,0,10,0,0,2,1,1,en_curso
156,52,2.0,mejorada,1,2,7258096298572574743,0,0,3,4,3,2,1,2,1,en_curso
156,52,3.0,mejorada,1,2,7258096298572574743,0,0,3,2,3,4,2,3,1,en_curso
156,52,4.0,mejorada,1,2,7258096298572574743,0,1,3,8,3,7,2,4,1,en_curso
156,52,5.0,mejorada,1,2,7258096298572574743,1,1,10,8,7,7,1,5,1,en_curso
156,52,6.0,mejorada,1,2,7258096298572574743,1,1,10,6,7,7,2,6,1,en_curso
156,52,7.0,mejorada,1,2,7258096298572574743,1,1,10,5,7,7,2,7,1,en_curso
156,52,8.0,mejorada,1,2,7258096298572574743,1,4,14,9,10,7,2,8,1,perdido
157,52,1.0,mejorada,1,3,7258096298572574743,0,0,0,10,0,0,3,1,1,en_curso
157,52,2.0,mejorada,1,3,7258096298572574743,0,0,3,5,3,1,2,2,1,en_curso
157,52,3.0,mejorada,1,3,7258096298572574743,0,0,3,4,3,4,3,3,1,en_curso
157,52,4.0,mejorada,1,3,7258096298572574743,0,0,3,3,3,6,3,4,1,en_curso
157,52,5.0,mejorada,1,3,7258096298572574743,0,1,3,5,3,6,3,5,1,en_curso
157,52,6.0,mejorada,1,3,7258096298572574743,2,1,5,7,5,7,3,6,1,en_curso
157,52,7.0,mejorada,1,3,7258096298572574743,4,1,8,10,6,7,3,7,1,en_curso
157,52,8.0,mejorada,1,3,7258096298572574743,5,1,14,12,11,7,1,8,1,en_curso
157,52,9.0,mejorada,1,3,7258096298572574743,5,1,24,8,16,7,2,9,1,perdido
158,52,1.0,mejorada,1,4,7258096298572574743,0,0,0,10,0,0,4,1,1,en_curso
158,52,2.0,mejorada,1,4,7258096298572574743,0,0,3,7,3,2,3,2,1,en_curso
158,52,3.0,mejorada,1,4,7258096298572574743,0,0,3,6,3,5,4,3,1,en_curso
158,52,4.0,mejorada,1,4,7258096298572574743,0,0,6,6,6,6,4,4,1,en_curso
158,52,5.0,mejorada,1,4,7258096298572574743,0,1,10,10,7,7,4,5,1,en_curso
158,52,6.0,mejorada,1,4,7258096298572574743,2,1,11,14,7,7,3,6,1,en_curso
158,52,7.0,mejorada,1,4,7258096298572574743,4,4,21,22,14,7,2,7,1,perdido
159,53,1.0,mejorada,1,2,6132166799369894492,0,0,0,10,0,0,2,1,1,en_curso
159,53,2.0,mejorada,1,2,6132166799369894492,0,0,0,8,0,1,1,2,1,en_curso
159,53,3.0,mejorada,1,2,6132166799369894492,0,0,0,7,0,3,2,3,1,en_curso
159,53,4.0,mejorada,1,2,6132166799369894492,1,0,1,7,1,5,2,4,1,en_curso
159,53,5.0,mejorada,1,2,6132166799369894492,1,0,1,5,1,7,2,5,1,en_curso
159,53,6.0,mejorada,1,2,6132166799369894492,1,0,1,2,1,7,2,6,1,en_curso
159,53,7.0,mejorada,1,2,6132166799369894492,1,0,1,4,1,7,2,7,1,en_curso
159,53,8.0,mejorada,1,2,6132166799369894492,1,0,1,4,1,8,2,8,1,en_curso
159,53,9.0,mejorada,1,2,6132166799369894492,1,0,3,5,3,8,2,9,1,en_curso
159,53,10.0,mejorada,1,2,6132166799369894492,1,0,3,5,3,8,2,10,1,en_curso
159,53,11.0,mejorada,1,2,6132166799369894492,3,0,3,2,3,8,2,11,1,en_curso
159,53,12.0,mejorada,1,2,6132166799369894492,3,1,3,4,3,8,2,12,1,en_curso
159,53,13.0,mejorada,1,2,6132166799369894492,4,1,6,6,5,8,2,13,1,en_curso
159,53,14.0,mejorada,1,2,6132166799369894492,4,2,14,15,11,8,0,14,1,en_curso
159,53,15.0,mejorada,1,2,6132166799369894492,4,2,24,12,16,8,0,15,1,perdido
160,53,1.0,mejorada,1,3,6132166799369894492,0,0,0,10,0,0,3,1,1,en_curso
160,53,2.0,mejorada,1,3,6132166799369894492,0,0,0,8,0,1,1,2,1,en_curso
160,53,3.0,mejorada,1,3,6132166799369894492,0,0,0,8,0,3,3,3,1,en_curso
160,53,4.0,mejorada,1,3,6132166799369894492,0,0,1,8,1,5,1,4,1,en_curso
160,53,5.0,mejorada,1,3,6132166799369894492,0,0,1,8,1,7,3,5,1,en_curso
160,53,6.0,mejorada,1,3,6132166799369894492,2,2,1,8,1,7,3,6,1,en_curso
160,53,7.0,mejorada,1,3,6132166799369894492,3,2,1,5,1,7,3,7,1,en_curso
160,53,8.0,mejorada,1,3,6132166799369894492,4,2,1,5,1,7,3,8,1,en_curso
160,53,9.0,mejorada,1,3,6132166799369894492,4,2,1,6,1,7,3,9,1,en_curso
160,53,10.0,mejorada,1,3,6132166799369894492,5,2,1,3,1,7,3,10,1,en_curso
160,53,11.0,mejorada,1,3,6132166799369894492,6,3,1,10,1,8,3,11,1,en_curso
160,53,12.0,mejorada,1,3,6132166799369894492,6,4,6,12,5,8,1,12,1,perdido
161,53,1.0,mejorada,1,4,6132166799369894492,0,0,0,10,0,0,4,1,1,en_curso
161,53,2.0,mejorada,1,4,6132166799369894492,0,0,0,9,0,0,2,2,1,en_curso
161,53,3.0,mejorada,1,4,6132166799369894492,0,0,0,9,0,2,3,3,1,en_curso
161,53,4.0,mejorada,1,4,6132166799369894492,0,0,0,8,0,4,2,4,1,en_curso
161,53,5.0,mejorada,1,4,6132166799369894492,0,0,0,9,0,7,4,5,1,en_curso
161,53,6.0,mejorada,1,4,6132166799369894492,0,0,2,9,2,8,2,6,1,en_curso
161,53,7.0,mejorada,1,4,6132166799369894492,0,0,6,9,6,8,2,7,1,en_curso
161,53,8.0,mejorada,1,4,6132166799369894492,1,0,8,11,6,8,2,8,1,en_curso
161,53,9.0,mejorada,1,4,6132166799369894492,2,0,8,9,6,8,3,9,1,en_curso
161,53,10.0,mejorada,1,4,6132166799369894492,3,1,11,9,9,8,1,10,1,en_curso
161,53,11.0,mejorada,1,4,6132166799369894492,3,2,13,12,9,8,2,11,1,en_curso
161,53,12.0,mejorada,1,4,6132166799369894492,3,4,13,12,9,8,0,12,1,perdido
162,54,1.0,mejorada,1,2,6504002634580250602,0,0,0,10,0,0,2,1,1,en_curso
162,54,2.0,mejorada,1,2,6504002634580250602,0,0,0,7,0,0,2,2,1,en_curso
162,54,3.0,mejorada,1,2,6504002634580250602,0,0,0,6,0,5,2,3,1,en_curso
162,54,4.0,mejorada,1,2,6504002634580250602,0,1,2,6,2,6,2,4,1,en_curso
162,54,5.0,mejorada,1,2,6504002634580250602,0,2,2,4,2,6,2,5,1,en_curso
162,54,6.0,mejorada,1,2,6504002634580250602,0,2,2,6,2,6,2,6,1,en_curso
162,54,7.0,mejorada,1,2,6504002634580250602,0,2,2,2,2,6,2,7,1,en_curso
162,54,8.0,mejorada,1,2,6504002634580250602,1,2,2,3,2,7,2,8,1,en_curso
162,54,9.0,mejorada,1,2,6504002634580250602,2,2,2,4,2,7,2,9,1,en_curso
162,54,10.0,mejorada,1,2,6504002634580250602,2,3,4,8,4,7,2,10,1,en_curso
162,54,11.0,mejorada,1,2,6504002634580250602,2,3,4,6,4,7,2,11,1,en_curso
162,54,12.0,mejorada,1,2,6504002634580250602,5,4,13,13,10,7,2,12,1,perdido
163,54,1.0,mejorada,1,3,6504002634580250602,0,0,0,10,0,0,3,1,1,en_curso
163,54,2.0,mejorada,1,3,6504002634580250602,0,0,0,7,0,0,2,2,1,en_curso
163,54,3.0,mejorada,1,3,6504002634580250602,0,0,0,6,0,4,3,3,1,en_curso
163,54,4.0,mejorada,1,3,6504002634580250602,0,1,2,7,2,5,3,4,1,en_curso
163,54,5.0,mejorada,1,3,6504002634580250602,0,1,5,7,4,6,3,5,1,en_curso
163,54,6.0,mejorada,1,3,6504002634580250602,0,1,5,6,4,7,3,6,1,en_curso
163,54,7.0,mejorada,1,3,6504002634580250602,1,1,5,9,4,7,3,7,1,en_curso
163,54,8.0,mejorada,1,3,6504002634580250602,3,1,7,7,6,7,2,8,1,en_curso
163,54,9.0,mejorada,1,3,6504002634580250602,4,1,9,10,8,7,2,9,1,en_curso
163,54,10.0,mejorada,1,3,6504002634580250602,4,2,9,9,8,7,1,10,1,en_curso
163,54,11.0,mejorada,1,3,6504002634580250602,4,2,12,7,11,7,2,11,1,en_curso
163,54,12.0,mejorada,1,3,6504002634580250602,4,2,17,11,15,7,2,12,1,en_curso
163,54,13.0,mejorada,1,3,6504002634580250602,5,3,26,13,22,7,0,13,1,perdido
164,54,1.0,mejorada,1,4,6504002634580250602,0,0,0,10,0,0,4,1,1,en_curso
164,54,2.0,mejorada,1,4,6504002634580250602,0,0,0,7,0,0,2,2,1,en_curso
164,54,3.0,mejorada,1,4,6504002634580250602,0,0,0,7,0,4,4,3,1,en_curso
164,54,4.0,mejorada,1,4,6504002634580250602,0,1,4,10,4,6,1,4,1,en_curso
164,54,5.0,mejorada,1,4,6504002634580250602,0,1,7,7,6,6,2,5,1,en_curso
164,54,6.0,mejorada,1,4,6504002634580250602,0,1,8,13,6,6,2,6,1,en_curso
164,54,7.0,mejorada,1,4,6504002634580250602,0,1,8,10,6,7,0,7,1,en_curso
164,54,8.0,mejorada,1,4,6504002634580250602,0,1,8,8,6,7,2,8,1,en_curso
164,54,9.0,mejorada,1,4,6504002634580250602,0,2,8,7,6,7,4,9,1,en_curso
164,54,10.0,mejorada,1,4,6504002634580250602,0,2,8,8,6,7,3,10,1,en_curso
164,54,11.0,mejorada,1,4,6504002634580250602,0,3,11,9,9,7,2,11,1,en_curso
164,54,12.0,mejorada,1,4,6504002634580250602,0,3,14,11,12,7,1,12,1,en_curso
164,54,13.0,mejorada,1,4,6504002634580250602,0,3,19,10,15,7,1,13,1,en_curso
164,54,14.0,mejorada,1,4,6504002634580250602,1,3,24,10,17,7,1,14,1,perdido
165,55,1.0,mejorada,1,2,7200954313088743597,0,0,0,10,0,0,2,1,1,en_curso
165,55,2.0,mejorada,1,2,7200954313088743597,0,0,7,7,5,0,1,2,1,en_curso
165,55,3.0,mejorada,1,2,7200954313088743597,0,0,9,5,7,4,2,3,1,en_curso
165,55,4.0,mejorada,1,2,7200954313088743597,0,0,9,2,7,5,2,4,1,en_curso
165,55,5.0,mejorada,1,2,7200954313088743597,0,2,11,6,9,7,2,5,1,en_curso
165,55,6.0,mejorada,1,2,7200954313088743597,2,4,15,12,12,8,2,6,1,perdido
166,55,1.0,mejorada,1,3,7200954313088743597,0,0,0,10,0,0,3,1,1,en_curso
166,55,2.0,mejorada,1,3,7200954313088743597,0,0,7,8,5,0,2,2,1,en_curso
166,55,3.0,mejorada,1,3,7200954313088743597,0,0,9,9,7,4,2,3,1,en_curso
166,55,4.0,mejorada,1,3,7200954313088743597,0,0,9,8,7,6,3,4,1,en_curso
166,55,5.0,mejorada,1,3,7200954313088743597,0,0,10,8,8,7,2,5,1,en_curso
166,55,6.0,mejorada,1,3,7200954313088743597,0,1,24,14,20,8,1,6,1,perdido
167,55,1.0,mejorada,1,4,7200954313088743597,0,0,0,10,0,0,4,1,1,en_curso
167,55,2.0,mejorada,1,4,7200954313088743597,0,0,7,8,5,0,2,2,1,en_curso
167,55,3.0,mejorada,1,4,7200954313088743597,0,0,9,9,7,4,2,3,1,en_curso
167,55,4.0,mejorada,1,4,7200954313088743597,0,0,9,8,7,6,3,4,1,en_curso
167,55,5.0,mejorada,1,4,7200954313088743597,0,0,11,12,9,7,3,5,1,en_curso
167,55,6.0,mejorada,1,4,7200954313088743597,0,2,24,20,18,8,1,6,1,perdido
168,56,1.0,mejorada,1,2,4232750931371847818,0,0,0,10,0,0,2,1,1,en_curso
168,56,2.0,mejorada,1,2,4232750931371847818,0,0,6,9,6,1,0,2,1,en_curso
168,56,3.0,mejorada,1,2,4232750931371847818,0,0,6,5,6,3,2,3,1,en_curso
168,56,4.0,mejorada,1,2,4232750931371847818,0,0,6,3,6,6,2,4,1,en_curso
168,56,5.0,mejorada,1,2,4232750931371847818,0,0,8,2,8,7,2,5,1,en_curso
168,56,6.0,mejorada,1,2,4232750931371847818,0,1,8,3,8,8,2,6,1,en_curso
168,56,7.0,mejorada,1,2,4232750931371847818,1,1,10,5,10,8,2,7,1,en_curso
168,56,8.0,mejorada,1,2,4232750931371847818,2,1,10,5,10,8,2,8,1,en_curso
168,56,9.0,mejorada,1,2,4232750931371847818,2,1,11,8,11,8,2,9,1,en_curso
168,56,10.0,mejorada,1,2,4232750931371847818,3,1,24,16,16,8,0,10,1,perdido
169,56,1.0,mejorada,1,3,4232750931371847818,0,0,0,10,0,0,3,1,1,en_curso
169,56,2.0,mejorada,1,3,4232750931371847818,0,0,6,9,6,1,0,2,1,en_curso
169,56,3.0,mejorada,1,3,4232750931371847818,0,0,6,5,6,3,2,3,1,en_curso
169,56,4.0,mejorada,1,3,4232750931371847818,0,0,6,4,6,7,3,4,1,en_curso
169,56,5.0,mejorada,1,3,4232750931371847818,0,0,8,4,8,8,3,5,1,en_curso
169,56,6.0,mejorada,1,3,4232750931371847818,0,0,8,5,8,8,3,6,1,en_curso
169,56,7.0,mejorada,1,3,4232750931371847818,1,1,8,7,8,8,3,7,1,en_curso
169,56,8.0,mejorada,1,3,4232750931371847818,2,1,8,7,8,8,3,8,1,en_curso
169,56,9.0,mejorada,1,3,4232750931371847818,3,1,8,9,8,8,2,9,1,en_curso
169,56,10.0,mejorada,1,3,4232750931371847818,3,1,8,6,8,8,2,10,1,en_curso
169,56,11.0,mejorada,1,3,4232750931371847818,3,1,8,4,8,8,3,11,1,en_curso
169,56,12.0,mejorada,1,3,4232750931371847818,7,1,8,5,8,8,3,12,1,ganado
170,56,1.0,mejorada,1,4,4232750931371847818,0,0,0,10,0,0,4,1,1,en_curso
170,56,2.0,mejorada,1,4,4232750931371847818,0,0,6,9,6,1,0,2,1,en_curso
170,56,3.0,mejorada,1,4,4232750931371847818,0,0,6,6,6,3,3,3,1,en_curso
170,56,4.0,mejorada,1,4,4232750931371847818,0,0,6,9,6,7,4,4,1,en_curso
170,56,5.0,mejorada,1,4,4232750931371847818,0,0,11,9,10,8,0,5,1,en_curso
170,56,6.0,mejorada,1,4,4232750931371847818,0,1,11,9,10,8,2,6,1,en_curso
170,56,7.0,mejorada,1,4,4232750931371847818,0,1,15,13,12,8,1,7,1,en_curso
170,56,8.0,mejorada,1,4,4232750931371847818,0,1,15,10,12,8,0,8,1,en_curso
170,56,9.0,mejorada,1,4,4232750931371847818,0,1,17,10,14,8,1,9,1,en_curso
170,56,10.0,mejorada,1,4,4232750931371847818,0,1,17,6,14,8,1,10,1,en_curso
170,56,11.0,mejorada,1,4,4232750931371847818,0,1,17,6,14,8,4,11,1,en_curso
170,56,12.0,mejorada,1,4,4232750931371847818,0,1,17,10,14,8,4,12,1,en_curso
170,56,13.0,mejorada,1,4,4232750931371847818,0,3,22,13,18,8,2,13,1,en_curso
170,56,14.0,mejorada,1,4,4232750931371847818,3,3,25,11,21,8,2,14,1,perdido
171,57,1.0,mejorada,1,2,5245711642959262883,0,0,0,10,0,0,2,1,1,en_curso
171,57,2.0,mejorada,1,2,5245711642959262883,0,0,7,10,6,2,0,2,1,en_curso
171,57,3.0,mejorada,1,2,5245711642959262883,0,0,7,6,6,3,1,3,1,en_curso
171,57,4.0,mejorada,1,2,5245711642959262883,0,1,9,6,8,4,2,4,1,en_curso
171,57,5.0,mejorada,1,2,5245711642959262883,0,2,9,6,8,7,2,5,1,en_curso
171,57,6.0,mejorada,1,2,5245711642959262883,0,2,9,5,8,8,2,6,1,en_curso
171,57,7.0,mejorada,1,2,5245711642959262883,1,2,12,5,9,8,2,7,1,en_curso
171,57,8.0,mejorada,1,2,5245711642959262883,3,2,12,2,9,8,2,8,1,en_curso
171,57,9.0,mejorada,1,2,5245711642959262883,3,2,12,1,9,8,2,9,1,en_curso
171,57,10.0,mejorada,1,2,5245711642959262883,5,2,12,2,9,8,2,10,1,en_curso
171,57,11.0,mejorada,1,2,5245711642959262883,6,2,12,1,9,8,2,11,1,en_curso
171,57,12.0,mejorada,1,2,5245711642959262883,6,2,12,3,9,8,2,12,1,en_curso
171,57,13.0,mejorada,1,2,5245711642959262883,7,2,18,11,12,8,2,13,1,ganado
172,57,1.0,mejorada,1,3,5245711642959262883,0,0,0,10,0,0,3,1,1,en_curso
172,57,2.0,mejorada,1,3,5245711642959262883,0,0,7,10,6,2,0,2,1,en_curso
172,57,3.0,mejorada,1,3,5245711642959262883,0,0,7,7,6,3,2,3,1,en_curso
172,57,4.0,mejorada,1,3,5245711642959262883,0,1,9,7,8,6,2,4,1,en_curso
172,57,5.0,mejorada,1,3,5245711642959262883,0,1,13,5,10,6,3,5,1,en_curso
172,57,6.0,mejorada,1,3,5245711642959262883,0,1,15,6,12,7,3,6,1,en_curso
172,57,7.0,mejorada,1,3,5245711642959262883,2,1,15,6,12,7,3,7,1,en_curso
172,57,8.0,mejorada,1,3,5245711642959262883,4,1,15,7,12,8,3,8,1,en_curso
172,57,9.0,mejorada,1,3,5245711642959262883,6,1,15,7,12,8,3,9,1,en_curso
172,57,10.0,mejorada,1,3,5245711642959262883,6,1,17,9,14,8,0,10,1,en_curso
172,57,11.0,mejorada,1,3,5245711642959262883,6,1,24,8,17,8,2,11,1,perdido
173,57,1.0,mejorada,1,4,5245711642959262883,0,0,0,10,0,0,4,1,1,en_curso
173,57,2.0,mejorada,1,4,5245711642959262883,0,0,7,10,6,2,0,2,1,en_curso
173,57,3.0,mejorada,1,4,5245711642959262883,0,0,7,8,6,4,3,3,1,en_curso
173,57,4.0,mejorada,1,4,5245711642959262883,0,1,9,9,8,6,2,4,1,en_curso
173,57,5.0,mejorada,1,4,5245711642959262883,1,1,13,8,10,6,2,5,1,en_curso
173,57,6.0,mejorada,1,4,5245711642959262883,1,1,13,7,10,7,4,6,1,en_curso
173,57,7.0,mejorada,1,4,5245711642959262883,1,2,14,7,10,7,4,7,1,en_curso
173,57,8.0,mejorada,1,4,5245711642959262883,1,2,16,11,12,7,3,8,1,en_curso
173,57,9.0,mejorada,1,4,5245711642959262883,3,2,26,13,20,8,1,9,1,perdido
174,58,1.0,mejorada,1,2,1289399723366875885,0,0,0,10,0,0,2,1,1,en_curso
174,58,2.0,mejorada,1,2,1289399723366875885,0,0,3,4,3,1,0,2,1,en_curso
174,58,3.0,mejorada,1,2,1289399723366875885,0,0,3,3,3,2,2,3,1,en_curso
174,58,4.0,mejorada,1,2,1289399723366875885,0,1,5,5,5,6,2,4,1,en_curso
174,58,5.0,mejorada,1,2,1289399723366875885,0,1,6,6,6,7,2,5,1,en_curso
174,58,6.0,mejorada,1,2,1289399723366875885,1,1,13,6,9,7,2,6,1,en_curso
174,58,7.0,mejorada,1,2,1289399723366875885,1,2,15,8,11,7,2,7,1,en_curso
174,58,8.0,mejorada,1,2,1289399723366875885,1,2,17,7,12,7,2,8,1,en_curso
174,58,9.0,mejorada,1,2,1289399723366875885,3,4,18,6,13,7,2,9,1,perdido
175,58,1.0,mejorada,1,3,1289399723366875885,0,0,0,10,0,0,3,1,1,en_curso
175,58,2.0,mejorada,1,3,1289399723366875885,0,0,3,7,3,1,1,2,1,en_curso
175,58,3.0,mejorada,1,3,1289399723366875885,0,0,3,5,3,1,3,3,1,en_curso
175,58,4.0,mejorada,1,3,1289399723366875885,0,1,4,9,4,4,3,4,1,en_curso
175,58,5.0,mejorada,1,3,1289399723366875885,1,1,4,5,4,5,1,5,1,en_curso
175,58,6.0,mejorada,1,3,1289399723366875885,2,1,4,5,4,5,3,6,1,en_curso
175,58,7.0,mejorada,1,3,1289399723366875885,2,1,4,5,4,7,3,7,1,en_curso
175,58,8.0,mejorada,1,3,1289399723366875885,3,1,4,8,4,7,2,8,1,en_curso
175,58,9.0,mejorada,1,3,1289399723366875885,4,1,4,7,4,7,3,9,1,en_curso
175,58,10.0,mejorada,1,3,1289399723366875885,5,1,7,9,7,7,3,10,1,en_curso
175,58,11.0,mejorada,1,3,1289399723366875885,5,1,13,10,9,7,2,11,1,en_curso
175,58,12.0,mejorada,1,3,1289399723366875885,7,1,16,9,10,7,2,12,1,ganado
176,58,1.0,mejorada,1,4,1289399723366875885,0,0,0,10,0,0,4,1,1,en_curso
176,58,2.0,mejorada,1,4,1289399723366875885,0,0,3,8,3,2,2,2,1,en_curso
176,58,3.0,mejorada,1,4,1289399723366875885,0,0,3,6,3,2,4,3,1,en_curso
176,58,4.0,mejorada,1,4,1289399723366875885,1,1,3,9,3,6,2,4,1,en_curso
176,58,5.0,mejorada,1,4,1289399723366875885,1,1,11,9,9,7,0,5,1,en_curso
176,58,6.0,mejorada,1,4,1289399723366875885,1,1,15,11,10,7,4,6,1,en_curso
176,58,7.0,mejorada,1,4,1289399723366875885,1,2,17,13,12,7,1,7,1,en_curso
176,58,8.0,mejorada,1,4,1289399723366875885,1,3,20,7,14,7,0,8,1,en_curso
176,58,9.0,mejorada,1,4,1289399723366875885,3,4,20,7,14,7,4,9,1,perdido
177,59,1.0,mejorada,1,2,1056353477630618950,0,0,0,10,0,0,2,1,1,en_curso
177,59,2.0,mejorada,1,2,1056353477630618950,0,0,2,5,2,0,0,2,1,en_curso
177,59,3.0,mejorada,1,2,1056353477630618950,0,1,4,6,4,3,2,3,1,en_curso
177,59,4.0,mejorada,1,2,1056353477630618950,0,1,7,5,6,4,2,4,1,en_curso
177,59,5.0,mejorada,1,2,1056353477630618950,0,1,7,6,6,5,2,5,1,en_curso
177,59,6.0,mejorada,1,2,1056353477630618950,0,1,7,4,6,5,2,6,1,en_curso
177,59,7.0,mejorada,1,2,1056353477630618950,1,2,7,10,6,6,2,7,1,en_curso
177,59,8.0,mejorada,1,2,1056353477630618950,2,2,7,9,6,6,1,8,1,en_curso
177,59,9.0,mejorada,1,2,1056353477630618950,2,3,9,8,8,6,2,9,1,en_curso
177,59,10.0,mejorada,1,2,1056353477630618950,2,3,9,8,8,6,2,10,1,en_curso
177,59,11.0,mejorada,1,2,1056353477630618950,3,3,11,9,10,6,2,11,1,en_curso
177,59,12.0,mejorada,1,2,1056353477630618950,4,3,24,14,17,7,0,12,1,perdido
178,59,1.0,mejorada,1,3,1056353477630618950,0,0,0,10,0,0,3,1,1,en_curso
178,59,2.0,mejorada,1,3,1056353477630618950,0,0,2,8,2,0,1,2,1,en_curso
178,59,3.0,mejorada,1,3,1056353477630618950,0,1,6,10,4,3,1,3,1,en_curso
178,59,4.0,mejorada,1,3,1056353477630618950,0,1,9,11,6,5,0,4,1,en_curso
178,59,5.0,mejorada,1,3,1056353477630618950,0,1,13,10,10,6,1,5,1,en_curso
178,59,6.0,mejorada,1,3,1056353477630618950,0,1,14,11,11,6,3,6,1,en_curso
178,59,7.0,mejorada,1,3,1056353477630618950,0,1,14,8,11,6,1,7,1,en_curso
178,59,8.0,mejorada,1,3,1056353477630618950,0,2,18,10,15,6,1,8,1,en_curso
178,59,9.0,mejorada,1,3,1056353477630618950,1,3,24,4,18,6,2,9,1,perdido
179,59,1.0,mejorada,1,4,1056353477630618950,0,0,0,10,0,0,4,1,1,en_curso
179,59,2.0,mejorada,1,4,1056353477630618950,0,0,2,8,2,0,1,2,1,en_curso
179,59,3.0,mejorada,1,4,1056353477630618950,0,1,6,10,4,3,1,3,1,en_curso
179,59,4.0,mejorada,1,4,1056353477630618950,0,1,9,11,6,5,0,4,1,en_curso
179,59,5.0,mejorada,1,4,1056353477630618950,0,1,13,10,10,6,1,5,1,en_curso
179,59,6.0,mejorada,1,4,1056353477630618950,0,1,14,11,11,6,3,6,1,en_curso
179,59,7.0,mejorada,1,4,1056353477630618950,0,1,14,8,11,6,1,7,1,en_curso
179,59,8.0,mejorada,1,4,1056353477630618950,0,2,18,10,15,6,1,8,1,en_curso
179,59,9.0,mejorada,1,4,1056353477630618950,1,3,24,4,18,6,2,9,1,perdido
180,60,1.0,mejorada,1,2,6164929187129147890,0,0,0,10,0,0,2,1,1,en_curso
180,60,2.0,mejorada,1,2,6164929187129147890,0,0,0,4,0,0,0,2,1,en_curso
180,60,3.0,mejorada,1,2,6164929187129147890,0,0,3,3,3,3,2,3,1,en_curso
180,60,4.0,mejorada,1,2,6164929187129147890,0,0,3,3,3,6,2,4,1,en_curso
180,60,5.0,mejorada,1,2,6164929187129147890,0,1,3,5,3,6,2,5,1,en_curso
180,60,6.0,mejorada,1,2,6164929187129147890,1,1,3,5,3,6,2,6,1,en_curso
180,60,7.0,mejorada,1,2,6164929187129147890,2,1,3,3,3,6,2,7,1,en_curso
180,60,8.0,mejorada,1,2,6164929187129147890,2,1,3,5,3,6,2,8,1,en_curso
180,60,9.0,mejorada,1,2,6164929187129147890,2,3,8,11,7,7,1,9,1,en_curso
180,60,10.0,mejorada,1,2,6164929187129147890,2,3,19,15,14,7,0,10,1,en_curso
180,60,11.0,mejorada,1,2,6164929187129147890,2,3,24,20,15,7,0,11,1,perdido
181,60,1.0,mejorada,1,3,6164929187129147890,0,0,0,10,0,0,3,1,1,en_curso
181,60,2.0,mejorada,1,3,6164929187129147890,0,0,0,5,0,0,1,2,1,en_curso
181,60,3.0,mejorada,1,3,6164929187129147890,0,0,3,4,3,3,3,3,1,en_curso
181,60,4.0,mejorada,1,3,6164929187129147890,0,1,5,6,4,5,2,4,1,en_curso
181,60,5.0,mejorada,1,3,6164929187129147890,0,5,7,6,5,6,3,5,1,perdido
182,60,1.0,mejorada,1,4,6164929187129147890,0,0,0,10,0,0,4,1,1,en_curso
182,60,2.0,mejorada,1,4,6164929187129147890,0,0,1,11,1,1,2,2,1,en_curso
182,60,3.0,mejorada,1,4,6164929187129147890,0,0,6,9,5,2,1,3,1,en_curso
182,60,4.0,mejorada,1,4,6164929187129147890,0,1,8,11,7,7,0,4,1,en_curso
182,60,5.0,mejorada,1,4,6164929187129147890,0,2,11,9,10,7,0,5,1,en_curso
182,60,6.0,mejorada,1,4,6164929187129147890,1,4,14,8,12,7,3,6,1,perdido
183,61,1.0,mejorada,1,2,4345095574408942379,0,0,0,10,0,0,2,1,1,en_curso
183,61,2.0,mejorada,1,2,4345095574408942379,0,0,0,7,0,0,0,2,1,en_curso
183,61,3.0,mejorada,1,2,4345095574408942379,0,0,4,9,4,2,2,3,1,en_curso
183,61,4.0,mejorada,1,2,4345095574408942379,0,0,8,9,8,4,0,4,1,en_curso
183,61,5.0,mejorada,1,2,4345095574408942379,0,0,11,7,10,5,2,5,1,en_curso
183,61,6.0,mejorada,1,2,4345095574408942379,0,0,12,13,10,5,1,6,1,en_curso
183,61,7.0,mejorada,1,2,4345095574408942379,0,1,18,18,12,5,1,7,1,en_curso
183,61,8.0,mejorada,1,2,4345095574408942379,0,1,19,18,13,5,1,8,1,en_curso
183,61,9.0,mejorada,1,2,4345095574408942379,1,1,20,15,13,5,1,9,1,en_curso
183,61,10.0,mejorada,1,2,4345095574408942379,1,2,26,13,18,6,0,10,1,perdido
184,61,1.0,mejorada,1,3,4345095574408942379,0,0,0,10,0,0,3,1,1,en_curso
184,61,2.0,mejorada,1,3,4345095574408942379,0,0,0,7,0,0,0,2,1,en_curso
184,61,3.0,mejorada,1,3,4345095574408942379,0,0,4,9,4,2,2,3,1,en_curso
184,61,4.0,mejorada,1,3,4345095574408942379,0,0,7,9,6,4,1,4,1,en_curso
184,61,5.0,mejorada,1,3,4345095574408942379,1,0,7,6,6,5,2,5,1,en_curso
184,61,6.0,mejorada,1,3,4345095574408942379,1,0,7,5,6,5,3,6,1,en_curso
184,61,7.0,mejorada,1,3,4345095574408942379,2,0,7,2,6,5,3,7,1,en_curso
184,61,8.0,mejorada,1,3,4345095574408942379,2,0,7,2,6,5,3,8,1,en_curso
184,61,9.0,mejorada,1,3,4345095574408942379,3,1,11,8,10,5,3,9,1,en_curso
184,61,10.0,mejorada,1,3,4345095574408942379,7,1,15,7,10,7,3,10,1,ganado
185,61,1.0,mejorada,1,4,4345095574408942379,0,0,0,10,0,0,4,1,1,en_curso
185,61,2.0,mejorada,1,4,4345095574408942379,0,0,0,7,0,0,0,2,1,en_curso
185,61,3.0,mejorada,1,4,4345095574408942379,0,0,4,9,4,2,2,3,1,en_curso
185,61,4.0,mejorada,1,4,4345095574408942379,0,0,7,11,6,3,2,4,1,en_curso
185,61,5.0,mejorada,1,4,4345095574408942379,1,0,7,9,6,3,1,5,1,en_curso
185,61,6.0,mejorada,1,4,4345095574408942379,1,0,10,7,8,5,3,6,1,en_curso
185,61,7.0,mejorada,1,4,4345095574408942379,1,0,12,9,10,6,3,7,1,en_curso
185,61,8.0,mejorada,1,4,4345095574408942379,1,0,12,7,10,6,2,8,1,en_curso
185,61,9.0,mejorada,1,4,4345095574408942379,1,1,12,8,10,6,4,9,1,en_curso
185,61,10.0,mejorada,1,4,4345095574408942379,2,2,14,12,10,6,3,10,1,en_curso
185,61,11.0,mejorada,1,4,4345095574408942379,3,3,19,13,15,7,1,11,1,en_curso
185,61,12.0,mejorada,1,4,4345095574408942379,3,3,25,9,18,7,2,12,1,perdido
186,62,1.0,mejorada,1,2,5213382898739266301,0,0,0,10,0,0,2,1,1,en_curso
186,62,2.0,mejorada,1,2,5213382898739266301,0,0,2,8,2,0,1,2,1,en_curso
186,62,3.0,mejorada,1,2,5213382898739266301,0,0,2,7,2,5,1,3,1,en_curso
186,62,4.0,mejorada,1,2,5213382898739266301,0,0,5,5,3,6,2,4,1,en_curso
186,62,5.0,mejorada,1,2,5213382898739266301,0,1,7,11,5,7,2,5,1,en_curso
186,62,6.0,mejorada,1,2,5213382898739266301,0,1,7,8,5,7,2,6,1,en_curso
186,62,7.0,mejorada,1,2,5213382898739266301,0,2,12,10,8,7,2,7,1,en_curso
186,62,8.0,mejorada,1,2,5213382898739266301,1,2,14,9,9,7,2,8,1,en_curso
186,62,9.0,mejorada,1,2,5213382898739266301,1,2,14,9,9,7,1,9,1,en_curso
186,62,10.0,mejorada,1,2,5213382898739266301,1,2,17,13,11,7,1,10,1,en_curso
186,62,11.0,mejorada,1,2,5213382898739266301,2,2,24,17,16,7,1,11,1,perdido
187,62,1.0,mejorada,1,3,5213382898739266301,0,0,0,10,0,0,3,1,1,en_curso
187,62,2.0,mejorada,1,3,5213382898739266301,0,0,2,8,2,0,1,2,1,en_curso
187,62,3.0,mejorada,1,3,5213382898739266301,0,0,2,8,2,5,2,3,1,en_curso
187,62,4.0,mejorada,1,3,5213382898739266301,0,0,8,12,5,7,2,4,1,en_curso
187,62,5.0,mejorada,1,3,5213382898739266301,0,0,8,9,5,7,1,5,1,en_curso
187,62,6.0,mejorada,1,3,5213382898739266301,0,0,9,11,6,7,2,6,1,en_curso
187,62,7.0,mejorada,1,3,5213382898739266301,0,0,9,10,6,7,0,7,1,en_curso
187,62,8.0,mejorada,1,3,5213382898739266301,0,0,14,13,10,7,0,8,1,en_curso
187,62,9.0,mejorada,1,3,5213382898739266301,0,0,16,11,11,7,0,9,1,en_curso
187,62,10.0,mejorada,1,3,5213382898739266301,0,0,16,6,11,7,1,10,1,en_curso
187,62,11.0,mejorada,1,3,5213382898739266301,0,0,18,11,13,7,2,11,1,en_curso
187,62,12.0,mejorada,1,3,5213382898739266301,0,0,21,15,16,7,1,12,1,en_curso
187,62,13.0,mejorada,1,3,5213382898739266301,0,0,25,13,18,7,1,13,1,perdido
188,62,1.0,mejorada,1,4,5213382898739266301,0,0,0,10,0,0,4,1,1,en_curso
188,62,2.0,mejorada,1,4,5213382898739266301,0,0,3,11,3,0,2,2,1,en_curso
188,62,3.0,mejorada,1,4,5213382898739266301,0,0,4,10,3,3,0,3,1,en_curso
188,62,4.0,mejorada,1,4,5213382898739266301,0,0,11,10,6,4,0,4,1,en_curso
188,62,5.0,mejorada,1,4,5213382898739266301,1,0,11,6,6,5,2,5,1,en_curso
188,62,6.0,mejorada,1,4,5213382898739266301,2,0,15,9,10,6,3,6,1,en_curso
188,62,7.0,mejorada,1,4,5213382898739266301,2,0,17,9,12,7,2,7,1,en_curso
188,62,8.0,mejorada,1,4,5213382898739266301,2,0,17,7,12,7,3,8,1,en_curso
188,62,9.0,mejorada,1,4,5213382898739266301,4,0,26,17,17,7,1,9,1,perdido
189,63,1.0,mejorada,1,2,7055869069716825080,0,0,0,10,0,0,2,1,1,en_curso
189,63,2.0,mejorada,1,2,7055869069716825080,0,0,0,7,0,0,2,2,1,en_curso
189,63,3.0,mejorada,1,2,7055869069716825080,0,0,0,3,0,5,2,3,1,en_curso
189,63,4.0,mejorada,1,2,7055869069716825080,0,0,2,5,2,6,2,4,1,en_curso
189,63,5.0,mejorada,1,2,7055869069716825080,0,2,7,7,6,6,2,5,1,en_curso
189,63,6.0,mejorada,1,2,7055869069716825080,0,2,7,4,6,7,2,6,1,en_curso
189,63,7.0,mejorada,1,2,7055869069716825080,0,2,8,5,7,7,2,7,1,en_curso
189,63,8.0,mejorada,1,2,7055869069716825080,1,2,8,5,7,7,2,8,1,en_curso
189,63,9.0,mejorada,1,2,7055869069716825080,2,2,8,5,7,7,2,9,1,en_curso
189,63,10.0,mejorada,1,2,7055869069716825080,2,4,12,12,11,7,2,10,1,perdido
190,63,1.0,mejorada,1,3,7055869069716825080,0,0,0,10,0,0,3,1,1,en_curso
190,63,2.0,mejorada,1,3,7055869069716825080,0,0,0,9,0,0,3,2,1,en_curso
190,63,3.0,mejorada,1,3,7055869069716825080,0,1,3,5,3,4,3,3,1,en_curso
190,63,4.0,mejorada,1,3,7055869069716825080,1,1,5,7,3,4,3,4,1,en_curso
190,63,5.0,mejorada,1,3,7055869069716825080,1,1,5,8,3,4,2,5,1,en_curso
190,63,6.0,mejorada,1,3,7055869069716825080,2,1,5,10,3,5,1,6,1,en_curso
190,63,7.0,mejorada,1,3,7055869069716825080,2,1,7,10,5,5,2,7,1,en_curso
190,63,8.0,mejorada,1,3,7055869069716825080,2,3,10,12,8,6,0,8,1,en_curso
190,63,9.0,mejorada,1,3,7055869069716825080,2,3,10,12,8,6,0,9,1,en_curso
190,63,10.0,mejorada,1,3,7055869069716825080,2,3,13,8,9,7,0,10,1,en_curso
190,63,11.0,mejorada,1,3,7055869069716825080,2,3,13,9,9,7,3,11,1,en_curso
190,63,12.0,mejorada,1,3,7055869069716825080,3,3,18,14,11,7,1,12,1,en_curso
190,63,13.0,mejorada,1,3,7055869069716825080,3,3,19,14,12,7,0,13,1,en_curso
190,63,14.0,mejorada,1,3,7055869069716825080,3,3,23,16,13,7,0,14,1,en_curso
190,63,15.0,mejorada,1,3,7055869069716825080,3,3,25,15,14,7,0,15,1,perdido
191,63,1.0,mejorada,1,4,7055869069716825080,0,0,0,10,0,0,4,1,1,en_curso
191,63,2.0,mejorada,1,4,7055869069716825080,0,0,0,9,0,0,3,2,1,en_curso
191,63,3.0,mejorada,1,4,7055869069716825080,0,1,5,9,4,3,4,3,1,en_curso
191,63,4.0,mejorada,1,4,7055869069716825080,1,1,5,9,4,3,2,4,1,en_curso
191,63,5.0,mejorada,1,4,7055869069716825080,2,1,5,6,4,4,3,5,1,en_curso
191,63,6.0,mejorada,1,4,7055869069716825080,3,4,9,10,7,5,3,6,1,perdido
192,64,1.0,mejorada,1,2,5854243203972891490,0,0,0,10,0,0,2,1,1,en_curso
192,64,2.0,mejorada,1,2,5854243203972891490,1,0,0,6,0,1,2,2,1,en_curso
192,64,3.0,mejorada,1,2,5854243203972891490,1,0,0,4,0,4,2,3,1,en_curso
192,64,4.0,mejorada,1,2,5854243203972891490,1,1,1,5,1,7,2,4,1,en_curso
192,64,5.0,mejorada,1,2,5854243203972891490,2,1,1,4,1,7,2,5,1,en_curso
192,64,6.0,mejorada,1,2,5854243203972891490,2,1,1,4,1,7,2,6,1,en_curso
192,64,7.0,mejorada,1,2,5854243203972891490,2,1,2,8,2,7,2,7,1,en_curso
192,64,8.0,mejorada,1,2,5854243203972891490,3,1,5,8,5,8,2,8,1,en_curso
192,64,9.0,mejorada,1,2,5854243203972891490,3,1,5,7,5,8,2,9,1,en_curso
192,64,10.0,mejorada,1,2,5854243203972891490,4,2,5,4,5,8,2,10,1,en_curso
192,64,11.0,mejorada,1,2,5854243203972891490,5,2,7,12,6,8,2,11,1,en_curso
192,64,12.0,mejorada,1,2,5854243203972891490,5,2,9,11,8,8,0,12,1,en_curso
192,64,13.0,mejorada,1,2,5854243203972891490,5,2,9,8,8,8,1,13,1,en_curso
192,64,14.0,mejorada,1,2,5854243203972891490,5,2,9,9,8,8,2,14,1,en_curso
192,64,15.0,mejorada,1,2,5854243203972891490,6,2,9,6,8,8,2,15,1,en_curso
192,64,16.0,mejorada,1,2,5854243203972891490,7,2,11,7,9,8,2,16,1,ganado
193,64,1.0,mejorada,1,3,5854243203972891490,0,0,0,10,0,0,3,1,1,en_curso
193,64,2.0,mejorada,1,3,5854243203972891490,1,0,0,6,0,1,2,2,1,en_curso
193,64,3.0,mejorada,1,3,5854243203972891490,1,0,0,4,0,4,3,3,1,en_curso
193,64,4.0,mejorada,1,3,5854243203972891490,1,1,1,6,1,7,3,4,1,en_curso
193,64,5.0,mejorada,1,3,5854243203972891490,2,1,1,4,1,7,3,5,1,en_curso
193,64,6.0,mejorada,1,3,5854243203972891490,2,1,6,9,5,7,3,6,1,en_curso
193,64,7.0,mejorada,1,3,5854243203972891490,3,1,10,14,7,7,2,7,1,en_curso
193,64,8.0,mejorada,1,3,5854243203972891490,4,1,16,11,11,7,1,8,1,en_curso
193,64,9.0,mejorada,1,3,5854243203972891490,4,1,19,9,12,7,0,9,1,en_curso
193,64,10.0,mejorada,1,3,5854243203972891490,4,1,19,7,12,7,0,10,1,en_curso
193,64,11.0,mejorada,1,3,5854243203972891490,4,1,22,7,13,7,3,11,1,en_curso
193,64,12.0,mejorada,1,3,5854243203972891490,5,1,23,5,13,7,2,12,1,en_curso
193,64,13.0,mejorada,1,3,5854243203972891490,5,1,24,8,14,7,3,13,1,perdido
194,64,1.0,mejorada,1,4,5854243203972891490,0,0,0,10,0,0,4,1,1,en_curso
194,64,2.0,mejorada,1,4,5854243203972891490,0,0,0,9,0,0,3,2,1,en_curso
194,64,3.0,mejorada,1,4,5854243203972891490,0,0,2,8,2,4,2,3,1,en_curso
194,64,4.0,mejorada,1,4,5854243203972891490,0,0,4,7,4,5,4,4,1,en_curso
194,64,5.0,mejorada,1,4,5854243203972891490,0,1,6,9,6,5,3,5,1,en_curso
194,64,6.0,mejorada,1,4,5854243203972891490,0,1,7,11,6,6,2,6,1,en_curso
194,64,7.0,mejorada,1,4,5854243203972891490,0,1,7,8,6,6,2,7,1,en_curso
194,64,8.0,mejorada,1,4,5854243203972891490,2,2,9,10,8,8,2,8,1,en_curso
194,64,9.0,mejorada,1,4,5854243203972891490,4,2,13,9,9,8,3,9,1,en_curso
194,64,10.0,mejorada,1,4,5854243203972891490,4,2,19,9,13,8,1,10,1,en_curso
194,64,11.0,mejorada,1,4,5854243203972891490,5,3,24,8,15,8,2,11,1,perdido
195,65,1.0,mejorada,1,2,5105868764207785778,0,0,0,10,0,0,2,1,1,en_curso
195,65,2.0,mejorada,1,2,5105868764207785778,0,0,0,3,0,0,1,2,1,en_curso
195,65,3.0,mejorada,1,2,5105868764207785778,0,0,0,1,0,4,2,3,1,en_curso
195,65,4.0,mejorada,1,2,5105868764207785778,0,1,0,3,0,5,2,4,1,en_curso
195,65,5.0,mejorada,1,2,5105868764207785778,0,2,0,2,0,6,2,5,1,en_curso
195,65,6.0,mejorada,1,2,5105868764207785778,0,2,0,1,0,6,2,6,1,en_curso
195,65,7.0,mejorada,1,2,5105868764207785778,2,3,0,5,0,7,2,7,1,en_curso
195,65,8.0,mejorada,1,2,5105868764207785778,2,3,0,1,0,7,2,8,1,en_curso
195,65,9.0,mejorada,1,2,5105868764207785778,4,4,2,4,2,7,2,9,1,perdido
196,65,1.0,mejorada,1,3,5105868764207785778,0,0,0,10,0,0,3,1,1,en_curso
196,65,2.0,mejorada,1,3,5105868764207785778,0,0,0,7,0,0,2,2,1,en_curso
196,65,3.0,mejorada,1,3,5105868764207785778,0,0,4,9,3,4,2,3,1,en_curso
196,65,4.0,mejorada,1,3,5105868764207785778,0,2,10,9,7,5,0,4,1,en_curso
196,65,5.0,mejorada,1,3,5105868764207785778,0,2,13,7,9,5,2,5,1,en_curso
196,65,6.0,mejorada,1,3,5105868764207785778,0,2,14,7,10,5,2,6,1,en_curso
196,65,7.0,mejorada,1,3,5105868764207785778,2,2,14,4,10,6,3,7,1,en_curso
196,65,8.0,mejorada,1,3,5105868764207785778,2,3,19,9,13,7,3,8,1,en_curso
196,65,9.0,mejorada,1,3,5105868764207785778,4,3,22,9,14,7,2,9,1,en_curso
196,65,10.0,mejorada,1,3,5105868764207785778,4,4,25,7,17,7,2,10,1,perdido
197,65,1.0,mejorada,1,4,5105868764207785778,0,0,0,10,0,0,4,1,1,en_curso
197,65,2.0,mejorada,1,4,5105868764207785778,0,0,0,8,0,1,3,2,1,en_curso
197,65,3.0,mejorada,1,4,5105868764207785778,0,0,0,9,0,4,3,3,1,en_curso
197,65,4.0,mejorada,1,4,5105868764207785778,1,0,4,12,4,5,1,4,1,en_curso
197,65,5.0,mejorada,1,4,5105868764207785778,1,0,10,9,7,5,0,5,1,en_curso
197,65,6.0,mejorada,1,4,5105868764207785778,1,0,12,9,8,5,0,6,1,en_curso
197,65,7.0,mejorada,1,4,5105868764207785778,1,0,12,8,8,5,1,7,1,en_curso
197,65,8.0,mejorada,1,4,5105868764207785778,1,0,12,9,8,5,4,8,1,en_curso
197,65,9.0,mejorada,1,4,5105868764207785778,1,0,12,7,8,6,2,9,1,en_curso
197,65,10.0,mejorada,1,4,5105868764207785778,1,0,12,8,8,6,4,10,1,en_curso
197,65,11.0,mejorada,1,4,5105868764207785778,1,0,14,11,10,7,2,11,1,en_curso
197,65,12.0,mejorada,1,4,5105868764207785778,2,2,22,14,18,8,2,12,1,en_curso
197,65,13.0,mejorada,1,4,5105868764207785778,3,2,26,11,20,8,1,13,1,perdido
198,66,1.0,mejorada,1,2,5157775689228201532,0,0,0,10,0,0,2,1,1,en_curso
198,66,2.0,mejorada,1,2,5157775689228201532,0,0,0,6,0,0,2,2,1,en_curso
198,66,3.0,mejorada,1,2,5157775689228201532,0,1,2,5,2,4,2,3,1,en_curso
198,66,4.0,mejorada,1,2,5157775689228201532,0,1,5,5,5,7,2,4,1,en_curso
198,66,5.0,mejorada,1,2,5157775689228201532,0,2,9,10,8,7,2,5,1,en_curso
198,66,6.0,mejorada,1,2,5157775689228201532,0,2,13,7,12,7,2,6,1,en_curso
198,66,7.0,mejorada,1,2,5157775689228201532,1,3,13,7,12,7,2,7,1,en_curso
198,66,8.0,mejorada,1,2,5157775689228201532,3,3,18,10,15,8,2,8,1,en_curso
198,66,9.0,mejorada,1,2,5157775689228201532,3,4,18,15,15,8,2,9,1,perdido
199,66,1.0,mejorada,1,3,5157775689228201532,0,0,0,10,0,0,3,1,1,en_curso
199,66,2.0,mejorada,1,3,5157775689228201532,0,0,0,6,0,0,3,2,1,en_curso
199,66,3.0,mejorada,1,3,5157775689228201532,0,1,0,6,0,4,3,3,1,en_curso
199,66,4.0,mejorada,1,3,5157775689228201532,1,2,2,9,2,5,3,4,1,en_curso
199,66,5.0,mejorada,1,3,5157775689228201532,1,2,2,8,2,5,1,5,1,en_curso
199,66,6.0,mejorada,1,3,5157775689228201532,1,2,2,9,2,6,3,6,1,en_curso
199,66,7.0,mejorada,1,3,5157775689228201532,1,2,6,10,6,7,0,7,1,en_curso
199,66,8.0,mejorada,1,3,5157775689228201532,1,2,6,7,6,7,2,8,1,en_curso
199,66,9.0,mejorada,1,3,5157775689228201532,3,5,6,6,6,7,3,9,1,perdido
200,66,1.0,mejorada,1,4,5157775689228201532,0,0,0,10,0,0,4,1,1,en_curso
200,66,2.0,mejorada,1,4,5157775689228201532,0,0,0,6,0,0,3,2,1,en_curso
200,66,3.0,mejorada,1,4,5157775689228201532,0,0,0,5,0,5,4,3,1,en_curso
200,66,4.0,mejorada,1,4,5157775689228201532,0,1,0,2,0,6,4,4,1,en_curso
200,66,5.0,mejorada,1,4,5157775689228201532,2,2,0,8,0,6,4,5,1,en_curso
200,66,6.0,mejorada,1,4,5157775689228201532,4,2,0,9,0,6,2,6,1,en_curso
200,66,7.0,mejorada,1,4,5157775689228201532,4,2,4,8,4,6,2,7,1,en_curso
200,66,8.0,mejorada,1,4,5157775689228201532,5,2,7,8,5,6,3,8,1,en_curso
200,66,9.0,mejorada,1,4,5157775689228201532,7,2,7,9,5,7,4,9,1,ganado
201,67,1.0,mejorada,1,2,2803444835069964884,0,0,0,10,0,0,2,1,1,en_curso
201,67,2.0,mejorada,1,2,2803444835069964884,0,0,5,5,4,0,0,2,1,en_curso
201,67,3.0,mejorada,1,2,2803444835069964884,0,0,5,3,4,3,2,3,1,en_curso
201,67,4.0,mejorada,1,2,2803444835069964884,0,0,5,0,4,6,2,4,1,en_curso
201,67,5.0,mejorada,1,2,2803444835069964884,0,0,5,0,4,6,2,5,1,en_curso
201,67,6.0,mejorada,1,2,2803444835069964884,0,1,5,8,4,6,2,6,1,en_curso
201,67,7.0,mejorada,1,2,2803444835069964884,1,1,7,4,6,6,2,7,1,en_curso
201,67,8.0,mejorada,1,2,2803444835069964884,2,1,7,5,6,6,2,8,1,en_curso
201,67,9.0,mejorada,1,2,2803444835069964884,2,1,7,5,6,6,2,9,1,en_curso
201,67,10.0,mejorada,1,2,2803444835069964884,4,4,16,13,11,7,2,10,1,perdido
202,67,1.0,mejorada,1,3,2803444835069964884,0,0,0,10,0,0,3,1,1,en_curso
202,67,2.0,mejorada,1,3,2803444835069964884,0,0,5,8,4,0,1,2,1,en_curso
202,67,3.0,mejorada,1,3,2803444835069964884,0,0,5,5,4,2,3,3,1,en_curso
202,67,4.0,mejorada,1,3,2803444835069964884,0,0,10,6,7,5,3,4,1,en_curso
202,67,5.0,mejorada,1,3,2803444835069964884,0,0,12,6,8,6,3,5,1,en_curso
202,67,6.0,mejorada,1,3,2803444835069964884,0,0,16,10,12,6,2,6,1,en_curso
202,67,7.0,mejorada,1,3,2803444835069964884,0,0,25,12,16,6,1,7,1,perdido
203,67,1.0,mejorada,1,4,2803444835069964884,0,0,0,10,0,0,4,1,1,en_curso
203,67,2.0,mejorada,1,4,2803444835069964884,0,0,5,8,4,0,1,2,1,en_curso
203,67,3.0,mejorada,1,4,2803444835069964884,0,0,5,6,4,4,4,3,1,en_curso
203,67,4.0,mejorada,1,4,2803444835069964884,0,0,10,11,7,6,3,4,1,en_curso
203,67,5.0,mejorada,1,4,2803444835069964884,0,0,12,15,8,6,0,5,1,en_curso
203,67,6.0,mejorada,1,4,2803444835069964884,0,0,12,11,8,6,0,6,1,en_curso
203,67,7.0,mejorada,1,4,2803444835069964884,0,0,15,8,11,6,1,7,1,en_curso
203,67,8.0,mejorada,1,4,2803444835069964884,0,0,15,7,11,6,3,8,1,en_curso
203,67,9.0,mejorada,1,4,2803444835069964884,0,0,18,10,13,6,1,9,1,en_curso
203,67,10.0,mejorada,1,4,2803444835069964884,0,0,18,6,13,6,1,10,1,en_curso
203,67,11.0,mejorada,1,4,2803444835069964884,1,2,24,9,16,7,3,11,1,perdido
204,68,1.0,mejorada,1,2,284244353590349238,0,0,0,10,0,0,2,1,1,en_curso
204,68,2.0,mejorada,1,2,284244353590349238,0,0,0,5,0,0,1,2,1,en_curso
204,68,3.0,mejorada,1,2,284244353590349238,0,1,0,3,0,5,2,3,1,en_curso
204,68,4.0,mejorada,1,2,284244353590349238,0,1,0,5,0,5,2,4,1,en_curso
204,68,5.0,mejorada,1,2,284244353590349238,0,1,0,6,0,5,2,5,1,en_curso
204,68,6.0,mejorada,1,2,284244353590349238,0,1,0,4,0,5,2,6,1,en_curso
204,68,7.0,mejorada,1,2,284244353590349238,2,1,0,3,0,5,2,7,1,en_curso
204,68,8.0,mejorada,1,2,284244353590349238,2,1,0,3,0,7,2,8,1,en_curso
204,68,9.0,mejorada,1,2,284244353590349238,3,1,0,3,0,7,2,9,1,en_curso
204,68,10.0,mejorada,1,2,284244353590349238,3,1,0,9,0,7,2,10,1,en_curso
204,68,11.0,mejorada,1,2,284244353590349238,3,2,4,12,4,7,2,11,1,en_curso
204,68,12.0,mejorada,1,2,284244353590349238,3,2,6,13,6,7,2,12,1,en_curso
204,68,13.0,mejorada,1,2,284244353590349238,5,2,11,17,9,7,2,13,1,en_curso
204,68,14.0,mejorada,1,2,284244353590349238,5,4,21,19,15,7,0,14,1,perdido
205,68,1.0,mejorada,1,3,284244353590349238,0,0,0,10,0,0,3,1,1,en_curso
205,68,2.0,mejorada,1,3,284244353590349238,0,0,0,8,0,0,2,2,1,en_curso
205,68,3.0,mejorada,1,3,284244353590349238,0,0,2,7,2,3,2,3,1,en_curso
205,68,4.0,mejorada,1,3,284244353590349238,0,1,2,10,2,4,3,4,1,en_curso
205,68,5.0,mejorada,1,3,284244353590349238,0,2,4,9,4,4,1,5,1,en_curso
205,68,6.0,mejorada,1,3,284244353590349238,0,2,6,9,5,6,0,6,1,en_curso
205,68,7.0,mejorada,1,3,284244353590349238,0,2,8,9,6,7,1,7,1,en_curso
205,68,8.0,mejorada,1,3,284244353590349238,0,2,10,9,8,7,2,8,1,en_curso
205,68,9.0,mejorada,1,3,284244353590349238,0,2,13,15,9,7,1,9,1,en_curso
205,68,10.0,mejorada,1,3,284244353590349238,0,2,19,17,12,7,1,10,1,en_curso
205,68,11.0,mejorada,1,3,284244353590349238,1,3,24,19,16,7,1,11,1,perdido
206,68,1.0,mejorada,1,4,284244353590349238,0,0,0,10,0,0,4,1,1,en_curso
206,68,2.0,mejorada,1,4,284244353590349238,0,0,0,7,0,1,2,2,1,en_curso
206,68,3.0,mejorada,1,4,284244353590349238,0,0,0,8,0,6,4,3,1,en_curso
206,68,4.0,mejorada,1,4,284244353590349238,0,1,0,8,0,7,2,4,1,en_curso
206,68,5.0,mejorada,1,4,284244353590349238,0,2,0,8,0,7,1,5,1,en_curso
206,68,6.0,mejorada,1,4,284244353590349238,0,3,5,9,3,7,2,6,1,en_curso
206,68,7.0,mejorada,1,4,284244353590349238,1,3,7,15,4,7,2,7,1,en_curso
206,68,8.0,mejorada,1,4,284244353590349238,1,3,9,12,5,7,0,8,1,en_curso
206,68,9.0,mejorada,1,4,284244353590349238,1,3,9,12,5,7,0,9,1,en_curso
206,68,10.0,mejorada,1,4,284244353590349238,1,4,11,11,6,7,0,10,1,perdido
207,69,1.0,mejorada,1,2,4028006955853994645,0,0,0,10,0,0,2,1,1,en_curso
207,69,2.0,mejorada,1,2,4028006955853994645,0,0,0,4,0,1,1,2,1,en_curso
207,69,3.0,mejorada,1,2,4028006955853994645,0,0,0,2,0,4,2,3,1,en_curso
207,69,4.0,mejorada,1,2,4028006955853994645,0,0,0,2,0,4,2,4,1,en_curso
207,69,5.0,mejorada,1,2,4028006955853994645,1,0,0,0,0,4,2,5,1,en_curso
207,69,6.0,mejorada,1,2,4028006955853994645,1,1,0,5,0,5,2,6,1,en_curso
207,69,7.0,mejorada,1,2,4028006955853994645,1,1,0,2,0,6,2,7,1,en_curso
207,69,8.0,mejorada,1,2,4028006955853994645,4,1,0,2,0,6,2,8,1,en_curso
207,69,9.0,mejorada,1,2,4028006955853994645,4,1,0,3,0,7,2,9,1,en_curso
207,69,10.0,mejorada,1,2,4028006955853994645,5,1,1,8,1,7,2,10,1,en_curso
207,69,11.0,mejorada,1,2,4028006955853994645,5,1,3,9,3,7,2,11,1,en_curso
207,69,12.0,mejorada,1,2,4028006955853994645,6,1,8,15,6,8,1,12,1,en_curso
207,69,13.0,mejorada,1,2,4028006955853994645,6,1,8,11,6,8,0,13,1,en_curso
207,69,14.0,mejorada,1,2,4028006955853994645,6,1,13,13,10,8,0,14,1,en_curso
207,69,15.0,mejorada,1,2,4028006955853994645,6,1,15,14,11,8,0,15,1,en_curso
207,69,16.0,mejorada,1,2,4028006955853994645,6,1,21,10,14,8,0,16,1,en_curso
207,69,17.0,mejorada,1,2,4028006955853994645,6,2,24,13,15,8,0,17,1,perdido
208,69,1.0,mejorada,1,3,4028006955853994645,0,0,0,10,0,0,3,1,1,en_curso
208,69,2.0,mejorada,1,3,4028006955853994645,0,0,0,7,0,0,2,2,1,en_curso
208,69,3.0,mejorada,1,3,4028006955853994645,0,0,0,6,0,3,3,3,1,en_curso
208,69,4.0,mejorada,1,3,4028006955853994645,0,0,1,8,1,4,1,4,1,en_curso
208,69,5.0,mejorada,1,3,4028006955853994645,0,0,3,9,3,6,2,5,1,en_curso
208,69,6.0,mejorada,1,3,4028006955853994645,0,0,5,9,4,6,2,6,1,en_curso
208,69,7.0,mejorada,1,3,4028006955853994645,0,0,5,7,4,7,2,7,1,en_curso
208,69,8.0,mejorada,1,3,4028006955853994645,1,2,9,13,7,7,3,8,1,en_curso
208,69,9.0,mejorada,1,3,4028006955853994645,1,3,11,14,9,7,0,9,1,en_curso
208,69,10.0,mejorada,1,3,4028006955853994645,1,3,17,12,14,7,0,10,1,en_curso
208,69,11.0,mejorada,1,3,4028006955853994645,1,3,25,10,17,7,0,11,1,perdido
209,69,1.0,mejorada,1,4,4028006955853994645,0,0,0,10,0,0,4,1,1,en_curso
209,69,2.0,mejorada,1,4,4028006955853994645,0,0,0,9,0,1,3,2,1,en_curso
209,69,3.0,mejorada,1,4,4028006955853994645,0,1,6,16,5,4,0,3,1,en_curso
209,69,4.0,mejorada,1,4,4028006955853994645,0,1,6,11,5,4,0,4,1,en_curso
209,69,5.0,mejorada,1,4,4028006955853994645,0,1,11,10,10,4,0,5,1,en_curso
209,69,6.0,mejorada,1,4,4028006955853994645,0,1,11,7,10,5,2,6,1,en_curso
209,69,7.0,mejorada,1,4,4028006955853994645,0,4,17,13,14,6,3,7,1,perdido
210,70,1.0,mejorada,1,2,1979194270821277478,0,0,0,10,0,0,2,1,1,en_curso
210,70,2.0,mejorada,1,2,1979194270821277478,0,0,0,6,0,0,1,2,1,en_curso
210,70,3.0,mejorada,1,2,1979194270821277478,0,0,3,1,3,4,2,3,1,en_curso
210,70,4.0,mejorada,1,2,1979194270821277478,0,0,8,5,7,4,2,4,1,en_curso
210,70,5.0,mejorada,1,2,1979194270821277478,0,0,8,2,7,6,2,5,1,en_curso
210,70,6.0,mejorada,1,2,1979194270821277478,0,1,8,2,7,6,2,6,1,en_curso
210,70,7.0,mejorada,1,2,1979194270821277478,1,2,10,3,9,6,2,7,1,en_curso
210,70,8.0,mejorada,1,2,1979194270821277478,1,2,10,2,9,6,2,8,1,en_curso
210,70,9.0,mejorada,1,2,1979194270821277478,1,2,11,7,10,7,2,9,1,en_curso
210,70,10.0,mejorada,1,2,1979194270821277478,1,2,11,7,10,7,2,10,1,en_curso
210,70,11.0,mejorada,1,2,1979194270821277478,2,2,11,4,10,7,2,11,1,en_curso
210,70,12.0,mejorada,1,2,1979194270821277478,2,2,13,4,12,7,2,12,1,en_curso
210,70,13.0,mejorada,1,2,1979194270821277478,4,2,17,4,14,7,2,13,1,en_curso
210,70,14.0,mejorada,1,2,1979194270821277478,4,2,17,10,14,7,2,14,1,en_curso
210,70,15.0,mejorada,1,2,1979194270821277478,5,2,18,7,14,7,1,15,1,en_curso
210,70,16.0,mejorada,1,2,1979194270821277478,5,2,24,8,16,8,1,16,1,perdido
211,70,1.0,mejorada,1,3,1979194270821277478,0,0,0,10,0,0,3,1,1,en_curso
211,70,2.0,mejorada,1,3,1979194270821277478,0,0,0,6,0,0,1,2,1,en_curso
211,70,3.0,mejorada,1,3,1979194270821277478,0,0,3,2,3,3,3,3,1,en_curso
211,70,4.0,mejorada,1,3,1979194270821277478,0,0,8,6,7,4,3,4,1,en_curso
211,70,5.0,mejorada,1,3,1979194270821277478,0,0,8,3,7,6,3,5,1,en_curso
211,70,6.0,mejorada,1,3,1979194270821277478,0,0,10,4,9,6,3,6,1,en_curso
211,70,7.0,mejorada,1,3,1979194270821277478,1,2,14,8,13,7,3,7,1,en_curso
211,70,8.0,mejorada,1,3,1979194270821277478,1,2,14,6,13,7,2,8,1,en_curso
211,70,9.0,mejorada,1,3,1979194270821277478,1,2,14,9,13,8,3,9,1,en_curso
211,70,10.0,mejorada,1,3,1979194270821277478,2,2,14,7,13,8,2,10,1,en_curso
211,70,11.0,mejorada,1,3,1979194270821277478,3,4,23,13,20,8,3,11,1,perdido
212,70,1.0,mejorada,1,4,1979194270821277478,0,0,0,10,0,0,4,1,1,en_curso
212,70,2.0,mejorada,1,4,1979194270821277478,0,0,0,9,0,1,2,2,1,en_curso
212,70,3.0,mejorada,1,4,1979194270821277478,0,0,3,8,3,6,3,3,1,en_curso
212,70,4.0,mejorada,1,4,1979194270821277478,0,0,4,11,3,7,1,4,1,en_curso
212,70,5.0,mejorada,1,4,1979194270821277478,0,1,5,14,4,7,2,5,1,en_curso
212,70,6.0,mejorada,1,4,1979194270821277478,0,1,5,11,4,7,1,6,1,en_curso
212,70,7.0,mejorada,1,4,1979194270821277478,2,1,11,9,8,7,1,7,1,en_curso
212,70,8.0,mejorada,1,4,1979194270821277478,2,1,13,8,9,7,2,8,1,en_curso
212,70,9.0,mejorada,1,4,1979194270821277478,2,1,16,5,11,8,4,9,1,en_curso
212,70,10.0,mejorada,1,4,1979194270821277478,4,1,16,5,11,8,4,10,1,en_curso
212,70,11.0,mejorada,1,4,1979194270821277478,7,1,20,8,14,8,4,11,1,ganado
213,71,1.0,mejorada,1,2,3768011668784017290,0,0,0,10,0,0,2,1,1,en_curso
213,71,2.0,mejorada,1,2,3768011668784017290,0,0,5,8,3,0,0,2,1,en_curso
213,71,3.0,mejorada,1,2,3768011668784017290,0,0,6,5,3,2,2,3,1,en_curso
213,71,4.0,mejorada,1,2,3768011668784017290,0,0,6,6,3,3,2,4,1,en_curso
213,71,5.0,mejorada,1,2,3768011668784017290,2,0,6,4,3,3,2,5,1,en_curso
213,71,6.0,mejorada,1,2,3768011668784017290,3,1,7,6,4,4,2,6,1,en_curso
213,71,7.0,mejorada,1,2,3768011668784017290,3,1,7,8,4,5,2,7,1,en_curso
213,71,8.0,mejorada,1,2,3768011668784017290,4,1,7,6,4,5,2,8,1,en_curso
213,71,9.0,mejorada,1,2,3768011668784017290,5,2,13,10,9,6,1,9,1,en_curso
213,71,10.0,mejorada,1,2,3768011668784017290,5,2,15,9,11,6,0,10,1,en_curso
213,71,11.0,mejorada,1,2,3768011668784017290,5,2,15,7,11,6,1,11,1,en_curso
213,71,12.0,mejorada,1,2,3768011668784017290,6,3,15,10,11,6,1,12,1,en_curso
213,71,13.0,mejorada,1,2,3768011668784017290,6,3,24,11,18,7,2,13,1,perdido
214,71,1.0,mejorada,1,3,3768011668784017290,0,0,0,10,0,0,3,1,1,en_curso
214,71,2.0,mejorada,1,3,3768011668784017290,0,0,5,9,3,0,1,2,1,en_curso
214,71,3.0,mejorada,1,3,3768011668784017290,0,0,7,8,4,3,1,3,1,en_curso
214,71,4.0,mejorada,1,3,3768011668784017290,0,0,11,13,6,4,2,4,1,en_curso
214,71,5.0,mejorada,1,3,3768011668784017290,0,0,13,9,8,4,1,5,1,en_curso
214,71,6.0,mejorada,1,3,3768011668784017290,0,3,16,14,9,6,2,6,1,en_curso
214,71,7.0,mejorada,1,3,3768011668784017290,0,3,17,12,10,7,1,7,1,en_curso
214,71,8.0,mejorada,1,3,3768011668784017290,1,3,19,16,12,7,1,8,1,en_curso
214,71,9.0,mejorada,1,3,3768011668784017290,1,3,21,13,14,7,0,9,1,en_curso
214,71,10.0,mejorada,1,3,3768011668784017290,1,3,24,15,17,7,0,10,1,perdido
215,71,1.0,mejorada,1,4,3768011668784017290,0,0,0,10,0,0,4,1,1,en_curso
215,71,2.0,mejorada,1,4,3768011668784017290,0,0,5,9,3,0,1,2,1,en_curso
215,71,3.0,mejorada,1,4,3768011668784017290,0,0,7,8,4,3,1,3,1,en_curso
215,71,4.0,mejorada,1,4,3768011668784017290,0,0,11,10,6,3,2,4,1,en_curso
215,71,5.0,mejorada,1,4,3768011668784017290,0,0,11,11,6,4,0,5,1,en_curso
215,71,6.0,mejorada,1,4,3768011668784017290,0,0,16,9,11,4,1,6,1,en_curso
215,71,7.0,mejorada,1,4,3768011668784017290,0,1,20,8,11,5,2,7,1,en_curso
215,71,8.0,mejorada,1,4,3768011668784017290,1,1,25,15,16,7,1,8,1,perdido
216,72,1.0,mejorada,1,2,7871254042147531455,0,0,0,10,0,0,2,1,1,en_curso
216,72,2.0,mejorada,1,2,7871254042147531455,0,0,0,8,0,0,2,2,1,en_curso
216,72,3.0,mejorada,1,2,7871254042147531455,0,0,2,6,2,3,2,3,1,en_curso
216,72,4.0,mejorada,1,2,7871254042147531455,0,0,2,6,2,4,2,4,1,en_curso
216,72,5.0,mejorada,1,2,7871254042147531455,2,0,8,5,8,5,2,5,1,en_curso
216,72,6.0,mejorada,1,2,7871254042147531455,2,0,8,2,8,6,2,6,1,en_curso
216,72,7.0,mejorada,1,2,7871254042147531455,2,1,11,2,11,7,2,7,1,en_curso
216,72,8.0,mejorada,1,2,7871254042147531455,2,1,13,8,12,7,2,8,1,en_curso
216,72,9.0,mejorada,1,2,7871254042147531455,2,1,16,9,15,7,2,9,1,en_curso
216,72,10.0,mejorada,1,2,7871254042147531455,2,2,20,7,16,7,2,10,1,en_curso
216,72,11.0,mejorada,1,2,7871254042147531455,2,2,22,5,18,7,2,11,1,en_curso
216,72,12.0,mejorada,1,2,7871254042147531455,3,5,24,11,19,7,1,12,1,perdido
217,72,1.0,mejorada,1,3,7871254042147531455,0,0,0,10,0,0,3,1,1,en_curso
217,72,2.0,mejorada,1,3,7871254042147531455,0,0,0,8,0,0,2,2,1,en_curso
217,72,3.0,mejorada,1,3,7871254042147531455,0,0,2,6,2,3,3,3,1,en_curso
217,72,4.0,mejorada,1,3,7871254042147531455,1,1,2,9,2,4,3,4,1,en_curso
217,72,5.0,mejorada,1,3,7871254042147531455,2,1,4,9,4,5,2,5,1,en_curso
217,72,6.0,mejorada,1,3,7871254042147531455,2,1,11,13,8,6,1,6,1,en_curso
217,72,7.0,mejorada,1,3,7871254042147531455,2,1,11,8,8,7,1,7,1,en_curso
217,72,8.0,mejorada,1,3,7871254042147531455,3,1,11,10,8,7,3,8,1,en_curso
217,72,9.0,mejorada,1,3,7871254042147531455,3,1,13,9,10,7,1,9,1,en_curso
217,72,10.0,mejorada,1,3,7871254042147531455,3,1,15,9,10,7,1,10,1,en_curso
217,72,11.0,mejorada,1,3,7871254042147531455,4,1,15,9,10,7,2,11,1,en_curso
217,72,12.0,mejorada,1,3,7871254042147531455,4,1,17,6,10,7,1,12,1,en_curso
217,72,13.0,mejorada,1,3,7871254042147531455,5,1,23,14,14,8,3,13,1,en_curso
217,72,14.0,mejorada,1,3,7871254042147531455,6,1,24,9,15,8,2,14,1,perdido
218,72,1.0,mejorada,1,4,7871254042147531455,0,0,0,10,0,0,4,1,1,en_curso
218,72,2.0,mejorada,1,4,7871254042147531455,0,0,0,9,0,0,3,2,1,en_curso
218,72,3.0,mejorada,1,4,7871254042147531455,0,0,0,8,0,2,3,3,1,en_curso
218,72,4.0,mejorada,1,4,7871254042147531455,0,0,1,11,1,4,2,4,1,en_curso
218,72,5.0,mejorada,1,4,7871254042147531455,0,0,6,13,5,4,2,5,1,en_curso
218,72,6.0,mejorada,1,4,7871254042147531455,1,0,7,14,5,4,2,6,1,en_curso
218,72,7.0,mejorada,1,4,7871254042147531455,2,1,13,20,10,4,1,7,1,en_curso
218,72,8.0,mejorada,1,4,7871254042147531455,2,1,19,19,15,4,0,8,1,en_curso
218,72,9.0,mejorada,1,4,7871254042147531455,2,1,23,16,17,5,0,9,1,en_curso
218,72,10.0,mejorada,1,4,7871254042147531455,2,1,26,14,20,5,0,10,1,perdido
219,73,1.0,mejorada,1,2,2157710912246567342,0,0,0,10,0,0,2,1,1,en_curso
219,73,2.0,mejorada,1,2,2157710912246567342,0,0,3,5,3,0,2,2,1,en_curso
219,73,3.0,mejorada,1,2,2157710912246567342,0,0,3,4,3,5,2,3,1,en_curso
219,73,4.0,mejorada,1,2,2157710912246567342,0,0,5,3,5,6,2,4,1,en_curso
219,73,5.0,mejorada,1,2,2157710912246567342,0,0,5,0,5,7,2,5,1,en_curso
219,73,6.0,mejorada,1,2,2157710912246567342,0,0,5,1,5,7,2,6,1,en_curso
219,73,7.0,mejorada,1,2,2157710912246567342,0,0,5,2,5,7,2,7,1,en_curso
219,73,8.0,mejorada,1,2,2157710912246567342,2,1,5,0,5,7,2,8,1,en_curso
219,73,9.0,mejorada,1,2,2157710912246567342,2,1,5,2,5,8,2,9,1,en_curso
219,73,10.0,mejorada,1,2,2157710912246567342,2,1,5,1,5,8,2,10,1,en_curso
219,73,11.0,mejorada,1,2,2157710912246567342,2,1,5,0,5,8,2,11,1,en_curso
219,73,12.0,mejorada,1,2,2157710912246567342,3,1,5,2,5,8,2,12,1,en_curso
219,73,13.0,mejorada,1,2,2157710912246567342,4,1,5,7,5,8,2,13,1,en_curso
219,73,14.0,mejorada,1,2,2157710912246567342,4,1,5,6,5,8,2,14,1,en_curso
219,73,15.0,mejorada,1,2,2157710912246567342,6,2,12,8,11,8,2,15,1,en_curso
219,73,16.0,mejorada,1,2,2157710912246567342,6,2,14,12,12,8,1,16,1,en_curso
219,73,17.0,mejorada,1,2,2157710912246567342,6,2,14,7,12,8,0,17,1,en_curso
219,73,18.0,mejorada,1,2,2157710912246567342,6,2,14,6,12,8,2,18,1,en_curso
219,73,19.0,mejorada,1,2,2157710912246567342,7,2,14,10,12,8,2,19,1,ganado
220,73,1.0,mejorada,1,3,2157710912246567342,0,0,0,10,0,0,3,1,1,en_curso
220,73,2.0,mejorada,1,3,2157710912246567342,0,0,3,7,3,0,3,2,1,en_curso
220,73,3.0,mejorada,1,3,2157710912246567342,0,0,3,6,3,5,3,3,1,en_curso
220,73,4.0,mejorada,1,3,2157710912246567342,0,0,3,3,3,6,3,4,1,en_curso
220,73,5.0,mejorada,1,3,2157710912246567342,0,0,5,4,5,7,3,5,1,en_curso
220,73,6.0,mejorada,1,3,2157710912246567342,0,0,5,7,5,7,3,6,1,en_curso
220,73,7.0,mejorada,1,3,2157710912246567342,0,0,5,4,5,7,3,7,1,en_curso
220,73,8.0,mejorada,1,3,2157710912246567342,3,0,7,5,5,7,3,8,1,en_curso
220,73,9.0,mejorada,1,3,2157710912246567342,5,0,10,7,8,7,3,9,1,en_curso
220,73,10.0,mejorada,1,3,2157710912246567342,5,0,10,4,8,7,3,10,1,en_curso
220,73,11.0,mejorada,1,3,2157710912246567342,7,0,10,4,8,8,3,11,1,ganado
221,73,1.0,mejorada,1,4,2157710912246567342,0,0,0,10,0,0,4,1,1,en_curso
221,73,2.0,mejorada,1,4,2157710912246567342,0,0,3,7,3,0,3,2,1,en_curso
221,73,3.0,mejorada,1,4,2157710912246567342,0,0,3,8,3,4,3,3,1,en_curso
221,73,4.0,mejorada,1,4,2157710912246567342,0,0,3,9,3,7,2,4,1,en_curso
221,73,5.0,mejorada,1,4,2157710912246567342,0,2,6,18,6,7,2,5,1,en_curso
221,73,6.0,mejorada,1,4,2157710912246567342,0,2,11,19,7,7,2,6,1,en_curso
221,73,7.0,mejorada,1,4,2157710912246567342,0,3,13,22,9,7,2,7,1,en_curso
221,73,8.0,mejorada,1,4,2157710912246567342,2,3,14,24,10,7,2,8,1,en_curso
221,73,9.0,mejorada,1,4,2157710912246567342,2,3,16,24,11,7,0,9,1,en_curso
221,73,10.0,mejorada,1,4,2157710912246567342,2,3,19,21,14,7,0,10,1,en_curso
221,73,11.0,mejorada,1,4,2157710912246567342,2,3,25,26,18,7,0,11,1,perdido
222,74,1.0,mejorada,1,2,537747877366898908,0,0,0,10,0,0,2,1,1,en_curso
222,74,2.0,mejorada,1,2,537747877366898908,0,0,2,5,2,0,1,2,1,en_curso
222,74,3.0,mejorada,1,2,537747877366898908,0,0,6,7,4,4,2,3,1,en_curso
222,74,4.0,mejorada,1,2,537747877366898908,0,0,6,6,4,6,2,4,1,en_curso
222,74,5.0,mejorada,1,2,537747877366898908,0,0,8,9,6,7,2,5,1,en_curso
222,74,6.0,mejorada,1,2,537747877366898908,0,0,10,9,6,7,2,6,1,en_curso
222,74,7.0,mejorada,1,2,537747877366898908,0,0,12,7,8,7,2,7,1,en_curso
222,74,8.0,mejorada,1,2,537747877366898908,1,1,14,11,10,7,2,8,1,en_curso
222,74,9.0,mejorada,1,2,537747877366898908,1,2,17,10,12,7,0,9,1,en_curso
222,74,10.0,mejorada,1,2,537747877366898908,1,4,19,13,14,7,1,10,1,perdido
223,74,1.0,mejorada,1,3,537747877366898908,0,0,0,10,0,0,3,1,1,en_curso
223,74,2.0,mejorada,1,3,537747877366898908,0,0,2,6,2,0,2,2,1,en_curso
223,74,3.0,mejorada,1,3,537747877366898908,0,0,8,11,5,5,2,3,1,en_curso
223,74,4.0,mejorada,1,3,537747877366898908,0,0,10,9,6,6,1,4,1,en_curso
223,74,5.0,mejorada,1,3,537747877366898908,0,0,10,7,6,6,2,5,1,en_curso
223,74,6.0,mejorada,1,3,537747877366898908,0,0,11,7,7,6,3,6,1,en_curso
223,74,7.0,mejorada,1,3,537747877366898908,2,1,13,13,9,6,3,7,1,en_curso
223,74,8.0,mejorada,1,3,537747877366898908,2,4,18,14,13,6,0,8,1,perdido
224,74,1.0,mejorada,1,4,537747877366898908,0,0,0,10,0,0,4,1,1,en_curso
224,74,2.0,mejorada,1,4,537747877366898908,0,0,2,6,2,0,2,2,1,en_curso
224,74,3.0,mejorada,1,4,537747877366898908,0,0,8,10,5,5,2,3,1,en_curso
224,74,4.0,mejorada,1,4,537747877366898908,0,0,10,9,7,7,4,4,1,en_curso
224,74,5.0,mejorada,1,4,537747877366898908,0,0,10,9,7,7,3,5,1,en_curso
224,74,6.0,mejorada,1,4,537747877366898908,0,1,12,11,9,7,3,6,1,en_curso
224,74,7.0,mejorada,1,4,537747877366898908,0,2,25,18,18,7,2,7,1,perdido
225,75,1.0,mejorada,1,2,2595308321297047389,0,0,0,10,0,0,2,1,1,en_curso
225,75,2.0,mejorada,1,2,2595308321297047389,0,0,0,4,0,0,1,2,1,en_curso
225,75,3.0,mejorada,1,2,2595308321297047389,0,0,2,2,2,3,2,3,1,en_curso
225,75,4.0,mejorada,1,2,2595308321297047389,0,0,2,0,2,6,2,4,1,en_curso
225,75,5.0,mejorada,1,2,2595308321297047389,1,0,2,1,2,6,2,5,1,en_curso
225,75,6.0,mejorada,1,2,2595308321297047389,1,0,2,1,2,6,2,6,1,en_curso
225,75,7.0,mejorada,1,2,2595308321297047389,1,2,2,11,2,7,2,7,1,en_curso
225,75,8.0,mejorada,1,2,2595308321297047389,1,2,6,6,6,8,0,8,1,en_curso
225,75,9.0,mejorada,1,2,2595308321297047389,2,4,6,7,6,8,2,9,1,perdido
226,75,1.0,mejorada,1,3,2595308321297047389,0,0,0,10,0,0,3,1,1,en_curso
226,75,2.0,mejorada,1,3,2595308321297047389,0,0,0,5,0,0,2,2,1,en_curso
226,75,3.0,mejorada,1,3,2595308321297047389,0,0,2,5,2,2,3,3,1,en_curso
226,75,4.0,mejorada,1,3,2595308321297047389,0,0,4,3,4,4,3,4,1,en_curso
226,75,5.0,mejorada,1,3,2595308321297047389,2,1,4,7,4,5,3,5,1,en_curso
226,75,6.0,mejorada,1,3,2595308321297047389,4,1,4,5,4,5,3,6,1,en_curso
226,75,7.0,mejorada,1,3,2595308321297047389,4,2,4,7,4,7,3,7,1,en_curso
226,75,8.0,mejorada,1,3,2595308321297047389,5,2,4,6,4,8,3,8,1,en_curso
226,75,9.0,mejorada,1,3,2595308321297047389,5,2,4,8,4,8,3,9,1,en_curso
226,75,10.0,mejorada,1,3,2595308321297047389,5,2,7,17,7,8,2,10,1,en_curso
226,75,11.0,mejorada,1,3,2595308321297047389,5,2,13,21,11,8,2,11,1,en_curso
226,75,12.0,mejorada,1,3,2595308321297047389,5,3,26,24,20,8,2,12,1,perdido
227,75,1.0,mejorada,1,4,2595308321297047389,0,0,0,10,0,0,4,1,1,en_curso
227,75,2.0,mejorada,1,4,2595308321297047389,0,0,0,7,0,1,3,2,1,en_curso
227,75,3.0,mejorada,1,4,2595308321297047389,0,0,2,7,2,3,4,3,1,en_curso
227,75,4.0,mejorada,1,4,2595308321297047389,0,1,4,8,4,6,3,4,1,en_curso
227,75,5.0,mejorada,1,4,2595308321297047389,1,2,8,8,6,6,4,5,1,en_curso
227,75,6.0,mejorada,1,4,2595308321297047389,1,2,13,9,11,6,3,6,1,en_curso
227,75,7.0,mejorada,1,4,2595308321297047389,2,3,18,14,13,8,2,7,1,en_curso
227,75,8.0,mejorada,1,4,2595308321297047389,2,3,18,12,13,8,1,8,1,en_curso
227,75,9.0,mejorada,1,4,2595308321297047389,3,4,21,17,15,8,0,9,1,perdido
228,76,1.0,mejorada,1,2,2707924455580344322,0,0,0,10,0,0,2,1,1,en_curso
228,76,2.0,mejorada,1,2,2707924455580344322,0,0,4,6,4,1,1,2,1,en_curso
228,76,3.0,mejorada,1,2,2707924455580344322,0,0,4,5,4,1,2,3,1,en_curso
228,76,4.0,mejorada,1,2,2707924455580344322,0,0,7,5,5,3,2,4,1,en_curso
228,76,5.0,mejorada,1,2,2707924455580344322,0,0,10,6,8,4,2,5,1,en_curso
228,76,6.0,mejorada,1,2,2707924455580344322,1,0,10,4,8,6,2,6,1,en_curso
228,76,7.0,mejorada,1,2,2707924455580344322,1,0,10,3,8,7,2,7,1,en_curso
228,76,8.0,mejorada,1,2,2707924455580344322,1,0,11,8,9,7,2,8,1,en_curso
228,76,9.0,mejorada,1,2,2707924455580344322,1,0,17,12,12,8,2,9,1,en_curso
228,76,10.0,mejorada,1,2,2707924455580344322,2,0,19,10,13,8,2,10,1,en_curso
228,76,11.0,mejorada,1,2,2707924455580344322,2,0,19,13,13,8,1,11,1,en_curso
228,76,12.0,mejorada,1,2,2707924455580344322,3,1,21,19,15,8,1,12,1,en_curso
228,76,13.0,mejorada,1,2,2707924455580344322,3,1,25,26,17,8,0,13,1,perdido
229,76,1.0,mejorada,1,3,2707924455580344322,0,0,0,10,0,0,3,1,1,en_curso
229,76,2.0,mejorada,1,3,2707924455580344322,0,0,4,6,4,1,1,2,1,en_curso
229,76,3.0,mejorada,1,3,2707924455580344322,0,0,4,3,4,2,3,3,1,en_curso
229,76,4.0,mejorada,1,3,2707924455580344322,0,0,4,0,4,5,3,4,1,en_curso
229,76,5.0,mejorada,1,3,2707924455580344322,0,0,4,1,4,8,3,5,1,en_curso
229,76,6.0,mejorada,1,3,2707924455580344322,1,1,4,6,4,8,3,6,1,en_curso
229,76,7.0,mejorada,1,3,2707924455580344322,3,1,7,7,6,8,3,7,1,en_curso
229,76,8.0,mejorada,1,3,2707924455580344322,3,1,7,4,6,8,3,8,1,en_curso
229,76,9.0,mejorada,1,3,2707924455580344322,4,1,7,7,6,8,3,9,1,en_curso
229,76,10.0,mejorada,1,3,2707924455580344322,5,1,10,15,9,8,1,10,1,en_curso
229,76,11.0,mejorada,1,3,2707924455580344322,5,4,21,18,17,8,0,11,1,perdido
230,76,1.0,mejorada,1,4,2707924455580344322,0,0,0,10,0,0,4,1,1,en_curso
230,76,2.0,mejorada,1,4,2707924455580344322,0,0,4,6,4,1,1,2,1,en_curso
230,76,3.0,mejorada,1,4,2707924455580344322,0,0,4,5,4,1,4,3,1,en_curso
230,76,4.0,mejorada,1,4,2707924455580344322,1,0,4,7,4,3,4,4,1,en_curso
230,76,5.0,mejorada,1,4,2707924455580344322,1,0,4,9,4,5,4,5,1,en_curso
230,76,6.0,mejorada,1,4,2707924455580344322,2,0,4,9,4,7,3,6,1,en_curso
230,76,7.0,mejorada,1,4,2707924455580344322,2,0,7,8,6,7,1,7,1,en_curso
230,76,8.0,mejorada,1,4,2707924455580344322,2,0,11,8,9,7,2,8,1,en_curso
230,76,9.0,mejorada,1,4,2707924455580344322,2,0,15,8,12,7,3,9,1,en_curso
230,76,10.0,mejorada,1,4,2707924455580344322,3,0,18,11,15,7,3,10,1,en_curso
230,76,11.0,mejorada,1,4,2707924455580344322,4,1,20,12,17,7,2,11,1,en_curso
230,76,12.0,mejorada,1,4,2707924455580344322,5,3,27,14,23,7,1,12,1,perdido
231,77,1.0,mejorada,1,2,6105102272664416621,0,0,0,10,0,0,2,1,1,en_curso
231,77,2.0,mejorada,1,2,6105102272664416621,0,0,2,6,2,0,2,2,1,en_curso
231,77,3.0,mejorada,1,2,6105102272664416621,0,0,4,6,4,5,2,3,1,en_curso
231,77,4.0,mejorada,1,2,6105102272664416621,0,0,4,2,4,6,2,4,1,en_curso
231,77,5.0,mejorada,1,2,6105102272664416621,1,0,4,1,4,6,2,5,1,en_curso
231,77,6.0,mejorada,1,2,6105102272664416621,2,0,4,1,4,7,2,6,1,en_curso
231,77,7.0,mejorada,1,2,6105102272664416621,2,0,4,0,4,7,2,7,1,en_curso
231,77,8.0,mejorada,1,2,6105102272664416621,3,0,4,0,4,7,2,8,1,en_curso
231,77,9.0,mejorada,1,2,6105102272664416621,5,0,4,0,4,7,2,9,1,en_curso
231,77,10.0,mejorada,1,2,6105102272664416621,5,0,4,8,4,7,2,10,1,en_curso
231,77,11.0,mejorada,1,2,6105102272664416621,7,0,4,5,4,8,2,11,1,ganado
232,77,1.0,mejorada,1,3,6105102272664416621,0,0,0,10,0,0,3,1,1,en_curso
232,77,2.0,mejorada,1,3,6105102272664416621,0,0,2,6,2,0,2,2,1,en_curso
232,77,3.0,mejorada,1,3,6105102272664416621,0,0,5,10,5,6,3,3,1,en_curso
232,77,4.0,mejorada,1,3,6105102272664416621,0,0,7,8,6,7,2,4,1,en_curso
232,77,5.0,mejorada,1,3,6105102272664416621,2,0,7,7,6,7,3,5,1,en_curso
232,77,6.0,mejorada,1,3,6105102272664416621,2,0,7,9,6,7,3,6,1,en_curso
232,77,7.0,mejorada,1,3,6105102272664416621,3,1,9,8,8,7,3,7,1,en_curso
232,77,8.0,mejorada,1,3,6105102272664416621,5,1,9,11,8,7,2,8,1,en_curso
232,77,9.0,mejorada,1,3,6105102272664416621,5,1,13,12,11,7,0,9,1,en_curso
232,77,10.0,mejorada,1,3,6105102272664416621,5,1,16,11,13,8,0,10,1,en_curso
232,77,11.0,mejorada,1,3,6105102272664416621,5,1,25,13,18,8,0,11,1,perdido
233,77,1.0,mejorada,1,4,6105102272664416621,0,0,0,10,0,0,4,1,1,en_curso
233,77,2.0,mejorada,1,4,6105102272664416621,0,0,2,7,2,1,3,2,1,en_curso
233,77,3.0,mejorada,1,4,6105102272664416621,0,0,7,13,6,4,2,3,1,en_curso
233,77,4.0,mejorada,1,4,6105102272664416621,0,0,7,10,6,6,0,4,1,en_curso
233,77,5.0,mejorada,1,4,6105102272664416621,0,0,7,9,6,7,0,5,1,en_curso
233,77,6.0,mejorada,1,4,6105102272664416621,0,0,8,8,7,7,1,6,1,en_curso
233,77,7.0,mejorada,1,4,6105102272664416621,0,0,10,7,9,7,4,7,1,en_curso
233,77,8.0,mejorada,1,4,6105102272664416621,1,0,12,9,10,8,4,8,1,en_curso
233,77,9.0,mejorada,1,4,6105102272664416621,1,0,20,17,15,8,3,9,1,en_curso
233,77,10.0,mejorada,1,4,6105102272664416621,1,0,24,21,17,8,2,10,1,perdido
234,78,1.0,mejorada,1,2,5137714777533577109,0,0,0,10,0,0,2,1,1,en_curso
234,78,2.0,mejorada,1,2,5137714777533577109,0,0,0,5,0,1,0,2,1,en_curso
234,78,3.0,mejorada,1,2,5137714777533577109,0,0,0,2,0,3,2,3,1,en_curso
234,78,4.0,mejorada,1,2,5137714777533577109,0,0,0,0,0,6,2,4,1,en_curso
234,78,5.0,mejorada,1,2,5137714777533577109,0,0,0,1,0,7,2,5,1,en_curso
234,78,6.0,mejorada,1,2,5137714777533577109,0,2,0,0,0,7,2,6,1,en_curso
234,78,7.0,mejorada,1,2,5137714777533577109,2,2,0,4,0,7,2,7,1,en_curso
234,78,8.0,mejorada,1,2,5137714777533577109,3,2,5,5,4,7,2,8,1,en_curso
234,78,9.0,mejorada,1,2,5137714777533577109,4,3,5,5,4,7,2,9,1,en_curso
234,78,10.0,mejorada,1,2,5137714777533577109,4,3,5,3,4,7,2,10,1,en_curso
234,78,11.0,mejorada,1,2,5137714777533577109,5,3,5,4,4,7,2,11,1,en_curso
234,78,12.0,mejorada,1,2,5137714777533577109,5,3,7,11,6,7,2,12,1,en_curso
234,78,13.0,mejorada,1,2,5137714777533577109,6,3,11,13,8,8,1,13,1,en_curso
234,78,14.0,mejorada,1,2,5137714777533577109,6,3,14,12,11,8,0,14,1,en_curso
234,78,15.0,mejorada,1,2,5137714777533577109,6,3,25,12,17,8,0,15,1,perdido
235,78,1.0,mejorada,1,3,5137714777533577109,0,0,0,10,0,0,3,1,1,en_curso
235,78,2.0,mejorada,1,3,5137714777533577109,0,0,0,6,0,0,1,2,1,en_curso
235,78,3.0,mejorada,1,3,5137714777533577109,0,1,0,5,0,3,3,3,1,en_curso
235,78,4.0,mejorada,1,3,5137714777533577109,0,1,0,6,0,5,3,4,1,en_curso
235,78,5.0,mejorada,1,3,5137714777533577109,0,1,3,6,3,6,3,5,1,en_curso
235,78,6.0,mejorada,1,3,5137714777533577109,1,1,9,10,6,6,2,6,1,en_curso
235,78,7.0,mejorada,1,3,5137714777533577109,2,2,12,8,9,7,1,7,1,en_curso
235,78,8.0,mejorada,1,3,5137714777533577109,2,2,16,8,12,7,1,8,1,en_curso
235,78,9.0,mejorada,1,3,5137714777533577109,2,3,26,16,18,7,1,9,1,perdido
236,78,1.0,mejorada,1,4,5137714777533577109,0,0,0,10,0,0,4,1,1,en_curso
236,78,2.0,mejorada,1,4,5137714777533577109,0,0,0,8,0,1,2,2,1,en_curso
236,78,3.0,mejorada,1,4,5137714777533577109,0,0,0,6,0,5,4,3,1,en_curso
236,78,4.0,mejorada,1,4,5137714777533577109,0,2,0,8,0,7,4,4,1,en_curso
236,78,5.0,mejorada,1,4,5137714777533577109,0,2,3,11,3,7,3,5,1,en_curso
236,78,6.0,mejorada,1,4,5137714777533577109,0,4,6,14,4,7,3,6,1,perdido
237,79,1.0,mejorada,1,2,7230184821612632325,0,0,0,10,0,0,2,1,1,en_curso
237,79,2.0,mejorada,1,2,7230184821612632325,0,0,0,6,0,1,2,2,1,en_curso
237,79,3.0,mejorada,1,2,7230184821612632325,0,0,2,8,2,6,2,3,1,en_curso
237,79,4.0,mejorada,1,2,7230184821612632325,0,1,5,7,5,7,2,4,1,en_curso
237,79,5.0,mejorada,1,2,7230184821612632325,0,2,10,6,8,8,2,5,1,en_curso
237,79,6.0,mejorada,1,2,7230184821612632325,0,2,10,5,8,8,2,6,1,en_curso
237,79,7.0,mejorada,1,2,7230184821612632325,0,2,10,3,8,8,2,7,1,en_curso
237,79,8.0,mejorada,1,2,7230184821612632325,0,4,14,7,12,8,1,8,1,perdido
238,79,1.0,mejorada,1,3,7230184821612632325,0,0,0,10,0,0,3,1,1,en_curso
238,79,2.0,mejorada,1,3,7230184821612632325,0,0,0,6,0,1,2,2,1,en_curso
238,79,3.0,mejorada,1,3,7230184821612632325,0,0,2,9,2,6,3,3,1,en_curso
238,79,4.0,mejorada,1,3,7230184821612632325,0,1,4,8,4,6,2,4,1,en_curso
238,79,5.0,mejorada,1,3,7230184821612632325,0,2,9,9,7,8,1,5,1,en_curso
238,79,6.0,mejorada,1,3,7230184821612632325,0,2,11,10,9,8,0,6,1,en_curso
238,79,7.0,mejorada,1,3,7230184821612632325,0,2,15,12,12,8,0,7,1,en_curso
238,79,8.0,mejorada,1,3,7230184821612632325,0,2,18,7,13,8,1,8,1,en_curso
238,79,9.0,mejorada,1,3,7230184821612632325,0,2,24,10,16,8,2,9,1,perdido
239,79,1.0,mejorada,1,4,7230184821612632325,0,0,0,10,0,0,4,1,1,en_curso
239,79,2.0,mejorada,1,4,7230184821612632325,0,0,0,7,0,0,3,2,1,en_curso
239,79,3.0,mejorada,1,4,7230184821612632325,0,0,2,11,2,5,4,3,1,en_curso
239,79,4.0,mejorada,1,4,7230184821612632325,0,1,4,10,4,5,0,4,1,en_curso
239,79,5.0,mejorada,1,4,7230184821612632325,0,1,4,10,4,6,2,5,1,en_curso
239,79,6.0,mejorada,1,4,7230184821612632325,0,1,7,14,7,7,0,6,1,en_curso
239,79,7.0,mejorada,1,4,7230184821612632325,0,1,7,12,7,8,0,7,1,en_curso
239,79,8.0,mejorada,1,4,7230184821612632325,0,1,9,14,7,8,0,8,1,en_curso
239,79,9.0,mejorada,1,4,7230184821612632325,0,3,24,19,18,8,0,9,1,perdido
240,80,1.0,mejorada,1,2,6127210931559624285,0,0,0,10,0,0,2,1,1,en_curso
240,80,2.0,mejorada,1,2,6127210931559624285,0,0,3,4,3,1,0,2,1,en_curso
240,80,3.0,mejorada,1,2,6127210931559624285,0,0,3,3,3,3,2,3,1,en_curso
240,80,4.0,mejorada,1,2,6127210931559624285,0,0,5,5,5,7,2,4,1,en_curso
240,80,5.0,mejorada,1,2,6127210931559624285,0,0,5,2,5,7,2,5,1,en_curso
240,80,6.0,mejorada,1,2,6127210931559624285,0,0,5,1,5,7,2,6,1,en_curso
240,80,7.0,mejorada,1,2,6127210931559624285,0,0,5,0,5,7,2,7,1,en_curso
240,80,8.0,mejorada,1,2,6127210931559624285,1,1,5,6,5,7,2,8,1,en_curso
240,80,9.0,mejorada,1,2,6127210931559624285,3,1,7,8,7,7,2,9,1,en_curso
240,80,10.0,mejorada,1,2,6127210931559624285,3,1,9,9,8,7,2,10,1,en_curso
240,80,11.0,mejorada,1,2,6127210931559624285,4,1,10,11,8,7,2,11,1,en_curso
240,80,12.0,mejorada,1,2,6127210931559624285,4,1,13,7,9,8,0,12,1,en_curso
240,80,13.0,mejorada,1,2,6127210931559624285,4,2,20,7,15,8,2,13,1,en_curso
240,80,14.0,mejorada,1,2,6127210931559624285,6,4,24,12,16,8,2,14,1,perdido
241,80,1.0,mejorada,1,3,6127210931559624285,0,0,0,10,0,0,3,1,1,en_curso
241,80,2.0,mejorada,1,3,6127210931559624285,0,0,3,6,3,1,1,2,1,en_curso
241,80,3.0,mejorada,1,3,6127210931559624285,0,0,3,9,3,3,2,3,1,en_curso
241,80,4.0,mejorada,1,3,6127210931559624285,0,0,3,5,3,5,1,4,1,en_curso
241,80,5.0,mejorada,1,3,6127210931559624285,0,0,6,5,6,5,3,5,1,en_curso
241,80,6.0,mejorada,1,3,6127210931559624285,0,1,6,7,6,6,3,6,1,en_curso
241,80,7.0,mejorada,1,3,6127210931559624285,0,2,6,4,6,6,2,7,1,en_curso
241,80,8.0,mejorada,1,3,6127210931559624285,1,2,6,6,6,6,3,8,1,en_curso
241,80,9.0,mejorada,1,3,6127210931559624285,1,2,8,11,8,6,3,9,1,en_curso
241,80,10.0,mejorada,1,3,6127210931559624285,2,3,9,15,8,6,2,10,1,en_curso
241,80,11.0,mejorada,1,3,6127210931559624285,3,4,11,10,10,6,1,11,1,perdido
242,80,1.0,mejorada,1,4,6127210931559624285,0,0,0,10,0,0,4,1,1,en_curso
242,80,2.0,mejorada,1,4,6127210931559624285,0,0,3,6,3,1,1,2,1,en_curso
242,80,3.0,mejorada,1,4,6127210931559624285,0,0,3,9,3,3,2,3,1,en_curso
242,80,4.0,mejorada,1,4,6127210931559624285,0,0,3,6,3,5,2,4,1,en_curso
242,80,5.0,mejorada,1,4,6127210931559624285,0,0,9,9,7,6,4,5,1,en_curso
242,80,6.0,mejorada,1,4,6127210931559624285,0,1,9,7,7,7,2,6,1,en_curso
242,80,7.0,mejorada,1,4,6127210931559624285,2,1,9,5,7,7,4,7,1,en_curso
242,80,8.0,mejorada,1,4,6127210931559624285,2,1,15,11,11,7,2,8,1,en_curso
242,80,9.0,mejorada,1,4,6127210931559624285,2,1,15,11,11,7,1,9,1,en_curso
242,80,10.0,mejorada,1,4,6127210931559624285,3,2,25,13,16,8,1,10,1,perdido
243,81,1.0,mejorada,1,2,3748257213951522985,0,0,0,10,0,0,2,1,1,en_curso
243,81,2.0,mejorada,1,2,3748257213951522985,0,0,2,6,2,1,1,2,1,en_curso
243,81,3.0,mejorada,1,2,3748257213951522985,0,1,2,6,2,5,2,3,1,en_curso
243,81,4.0,mejorada,1,2,3748257213951522985,0,1,2,2,2,6,2,4,1,en_curso
243,81,5.0,mejorada,1,2,3748257213951522985,1,2,2,5,2,6,2,5,1,en_curso
243,81,6.0,mejorada,1,2,3748257213951522985,1,2,4,7,3,7,2,6,1,en_curso
243,81,7.0,mejorada,1,2,3748257213951522985,1,2,6,8,4,7,1,7,1,en_curso
243,81,8.0,mejorada,1,2,3748257213951522985,1,2,7,10,5,7,1,8,1,en_curso
243,81,9.0,mejorada,1,2,3748257213951522985,1,2,7,10,5,7,2,9,1,en_curso
243,81,10.0,mejorada,1,2,3748257213951522985,1,3,14,9,10,7,1,10,1,en_curso
243,81,11.0,mejorada,1,2,3748257213951522985,1,3,17,7,12,7,0,11,1,en_curso
243,81,12.0,mejorada,1,2,3748257213951522985,1,3,17,9,12,7,2,12,1,en_curso
243,81,13.0,mejorada,1,2,3748257213951522985,1,3,17,8,12,8,2,13,1,en_curso
243,81,14.0,mejorada,1,2,3748257213951522985,2,3,17,8,12,8,1,14,1,en_curso
243,81,15.0,mejorada,1,2,3748257213951522985,2,3,25,13,18,8,0,15,1,perdido
244,81,1.0,mejorada,1,3,3748257213951522985,0,0,0,10,0,0,3,1,1,en_curso
244,81,2.0,mejorada,1,3,3748257213951522985,0,0,7,9,7,1,1,2,1,en_curso
244,81,3.0,mejorada,1,3,3748257213951522985,0,0,17,12,12,4,0,3,1,en_curso
244,81,4.0,mejorada,1,3,3748257213951522985,0,0,18,15,12,5,0,4,1,en_curso
244,81,5.0,mejorada,1,3,3748257213951522985,0,0,20,12,13,5,0,5,1,en_curso
244,81,6.0,mejorada,1,3,3748257213951522985,0,1,20,9,13,5,1,6,1,en_curso
244,81,7.0,mejorada,1,3,3748257213951522985,0,2,24,13,15,6,3,7,1,perdido
245,81,1.0,mejorada,1,4,3748257213951522985,0,0,0,10,0,0,4,1,1,en_curso
245,81,2.0,mejorada,1,4,3748257213951522985,0,0,7,10,7,2,2,2,1,en_curso
245,81,3.0,mejorada,1,4,3748257213951522985,0,0,14,12,11,3,0,3,1,en_curso
245,81,4.0,mejorada,1,4,3748257213951522985,0,0,15,10,11,4,0,4,1,en_curso
245,81,5.0,mejorada,1,4,3748257213951522985,1,0,18,9,13,4,2,5,1,en_curso
245,81,6.0,mejorada,1,4,3748257213951522985,1,1,18,8,13,4,1,6,1,en_curso
245,81,7.0,mejorada,1,4,3748257213951522985,1,2,25,10,18,4,1,7,1,perdido
246,82,1.0,mejorada,1,2,7508012853358472210,0,0,0,10,0,0,2,1,1,en_curso
246,82,2.0,mejorada,1,2,7508012853358472210,0,0,0,5,0,0,2,2,1,en_curso
246,82,3.0,mejorada,1,2,7508012853358472210,0,0,2,7,2,4,2,3,1,en_curso
246,82,4.0,mejorada,1,2,7508012853358472210,1,0,2,3,2,5,2,4,1,en_curso
246,82,5.0,mejorada,1,2,7508012853358472210,1,0,2,3,2,5,2,5,1,en_curso
246,82,6.0,mejorada,1,2,7508012853358472210,1,2,7,8,6,6,2,6,1,en_curso
246,82,7.0,mejorada,1,2,7508012853358472210,1,2,8,5,7,6,0,7,1,en_curso
246,82,8.0,mejorada,1,2,7508012853358472210,1,4,10,12,8,6,2,8,1,perdido
247,82,1.0,mejorada,1,3,7508012853358472210,0,0,0,10,0,0,3,1,1,en_curso
247,82,2.0,mejorada,1,3,7508012853358472210,1,0,3,7,3,1,3,2,1,en_curso
247,82,3.0,mejorada,1,3,7508012853358472210,1,1,3,4,3,6,3,3,1,en_curso
247,82,4.0,mejorada,1,3,7508012853358472210,1,1,5,5,5,6,3,4,1,en_curso
247,82,5.0,mejorada,1,3,7508012853358472210,2,1,5,6,5,7,3,5,1,en_curso
247,82,6.0,mejorada,1,3,7508012853358472210,2,1,5,3,5,7,3,6,1,en_curso
247,82,7.0,mejorada,1,3,7508012853358472210,3,1,11,5,7,8,3,7,1,en_curso
247,82,8.0,mejorada,1,3,7508012853358472210,7,1,11,2,7,8,3,8,1,ganado
248,82,1.0,mejorada,1,4,7508012853358472210,0,0,0,10,0,0,4,1,1,en_curso
248,82,2.0,mejorada,1,4,7508012853358472210,1,0,3,7,3,1,3,2,1,en_curso
248,82,3.0,mejorada,1,4,7508012853358472210,1,0,3,4,3,5,4,3,1,en_curso
248,82,4.0,mejorada,1,4,7508012853358472210,2,0,6,14,6,6,4,4,1,en_curso
248,82,5.0,mejorada,1,4,7508012853358472210,3,1,10,16,9,7,4,5,1,en_curso
248,82,6.0,mejorada,1,4,7508012853358472210,3,2,15,17,13,7,1,6,1,en_curso
248,82,7.0,mejorada,1,4,7508012853358472210,3,2,17,17,13,7,1,7,1,en_curso
248,82,8.0,mejorada,1,4,7508012853358472210,3,2,19,16,14,7,1,8,1,en_curso
248,82,9.0,mejorada,1,4,7508012853358472210,4,2,19,12,14,7,1,9,1,en_curso
248,82,10.0,mejorada,1,4,7508012853358472210,4,2,22,10,17,7,0,10,1,en_curso
248,82,11.0,mejorada,1,4,7508012853358472210,7,2,22,8,17,7,4,11,1,ganado
249,83,1.0,mejorada,1,2,1540053360388708572,0,0,0,10,0,0,2,1,1,en_curso
249,83,2.0,mejorada,1,2,1540053360388708572,0,0,0,8,0,0,2,2,1,en_curso
249,83,3.0,mejorada,1,2,1540053360388708572,0,0,0,6,0,4,2,3,1,en_curso
249,83,4.0,mejorada,1,2,1540053360388708572,0,0,0,6,0,4,2,4,1,en_curso
249,83,5.0,mejorada,1,2,1540053360388708572,1,1,3,9,3,4,2,5,1,en_curso
249,83,6.0,mejorada,1,2,1540053360388708572,2,1,3,6,3,4,2,6,1,en_curso
249,83,7.0,mejorada,1,2,1540053360388708572,4,1,3,4,3,5,2,7,1,en_curso
249,83,8.0,mejorada,1,2,1540053360388708572,4,1,3,5,3,6,2,8,1,en_curso
249,83,9.0,mejorada,1,2,1540053360388708572,7,1,5,5,5,6,2,9,1,ganado
250,83,1.0,mejorada,1,3,1540053360388708572,0,0,0,10,0,0,3,1,1,en_curso
250,83,2.0,mejorada,1,3,1540053360388708572,0,0,2,11,2,0,2,2,1,en_curso
250,83,3.0,mejorada,1,3,1540053360388708572,0,0,4,9,4,3,0,3,1,en_curso
250,83,4.0,mejorada,1,3,1540053360388708572,0,0,6,12,4,4,0,4,1,en_curso
250,83,5.0,mejorada,1,3,1540053360388708572,0,0,10,9,6,4,1,5,1,en_curso
250,83,6.0,mejorada,1,3,1540053360388708572,0,0,10,7,6,4,2,6,1,en_curso
250,83,7.0,mejorada,1,3,1540053360388708572,1,1,13,8,9,5,3,7,1,en_curso
250,83,8.0,mejorada,1,3,1540053360388708572,1,1,13,7,9,6,3,8,1,en_curso
250,83,9.0,mejorada,1,3,1540053360388708572,2,1,13,7,9,7,3,9,1,en_curso
250,83,10.0,mejorada,1,3,1540053360388708572,2,1,13,8,9,7,3,10,1,en_curso
250,83,11.0,mejorada,1,3,1540053360388708572,3,2,18,16,12,7,2,11,1,en_curso
250,83,12.0,mejorada,1,3,1540053360388708572,3,3,26,16,17,7,1,12,1,perdido
251,83,1.0,mejorada,1,4,1540053360388708572,0,0,0,10,0,0,4,1,1,en_curso
251,83,2.0,mejorada,1,4,1540053360388708572,0,0,2,11,2,0,2,2,1,en_curso
251,83,3.0,mejorada,1,4,1540053360388708572,0,0,4,9,4,3,0,3,1,en_curso
251,83,4.0,mejorada,1,4,1540053360388708572,0,0,6,12,4,4,0,4,1,en_curso
251,83,5.0,mejorada,1,4,1540053360388708572,0,0,10,9,6,4,1,5,1,en_curso
251,83,6.0,mejorada,1,4,1540053360388708572,0,0,10,8,6,4,3,6,1,en_curso
251,83,7.0,mejorada,1,4,1540053360388708572,1,1,13,15,9,4,2,7,1,en_curso
251,83,8.0,mejorada,1,4,1540053360388708572,1,2,13,9,9,5,0,8,1,en_curso
251,83,9.0,mejorada,1,4,1540053360388708572,2,2,17,7,13,5,3,9,1,en_curso
251,83,10.0,mejorada,1,4,1540053360388708572,2,2,24,15,16,6,0,10,1,perdido
252,84,1.0,mejorada,1,2,209481900241850334,0,0,0,10,0,0,2,1,1,en_curso
252,84,2.0,mejorada,1,2,209481900241850334,0,0,5,9,4,0,2,2,1,en_curso
252,84,3.0,mejorada,1,2,209481900241850334,0,0,8,8,6,4,1,3,1,en_curso
252,84,4.0,mejorada,1,2,209481900241850334,0,0,12,9,9,5,2,4,1,en_curso
252,84,5.0,mejorada,1,2,209481900241850334,0,0,15,9,11,5,1,5,1,en_curso
252,84,6.0,mejorada,1,2,209481900241850334,1,0,17,9,11,5,1,6,1,en_curso
252,84,7.0,mejorada,1,2,209481900241850334,1,0,19,9,13,5,1,7,1,en_curso
252,84,8.0,mejorada,1,2,209481900241850334,1,0,19,8,13,5,1,8,1,en_curso
252,84,9.0,mejorada,1,2,209481900241850334,1,0,21,11,15,6,2,9,1,en_curso
252,84,10.0,mejorada,1,2,209481900241850334,1,0,21,7,15,6,2,10,1,en_curso
252,84,11.0,mejorada,1,2,209481900241850334,2,0,21,4,15,6,2,11,1,en_curso
252,84,12.0,mejorada,1,2,209481900241850334,3,0,23,7,15,7,2,12,1,en_curso
252,84,13.0,mejorada,1,2,209481900241850334,4,0,23,3,15,7,2,13,1,en_curso
252,84,14.0,mejorada,1,2,209481900241850334,5,0,23,5,15,7,2,14,1,en_curso
252,84,15.0,mejorada,1,2,209481900241850334,5,1,23,4,15,7,2,15,1,en_curso
252,84,16.0,mejorada,1,2,209481900241850334,6,1,23,7,15,7,2,16,1,en_curso
252,84,17.0,mejorada,1,2,209481900241850334,6,1,24,12,15,7,0,17,1,perdido
253,84,1.0,mejorada,1,3,209481900241850334,0,0,0,10,0,0,3,1,1,en_curso
253,84,2.0,mejorada,1,3,209481900241850334,0,0,5,9,4,0,2,2,1,en_curso
253,84,3.0,mejorada,1,3,209481900241850334,0,0,8,8,6,4,1,3,1,en_curso
253,84,4.0,mejorada,1,3,209481900241850334,0,0,12,10,9,5,3,4,1,en_curso
253,84,5.0,mejorada,1,3,209481900241850334,0,0,15,10,11,5,1,5,1,en_curso
253,84,6.0,mejorada,1,3,209481900241850334,1,0,18,10,11,5,1,6,1,en_curso
253,84,7.0,mejorada,1,3,209481900241850334,1,0,25,17,18,5,0,7,1,perdido
254,84,1.0,mejorada,1,4,209481900241850334,0,0,0,10,0,0,4,1,1,en_curso
254,84,2.0,mejorada,1,4,209481900241850334,0,0,5,9,4,0,2,2,1,en_curso
254,84,3.0,mejorada,1,4,209481900241850334,0,0,8,8,6,4,1,3,1,en_curso
254,84,4.0,mejorada,1,4,209481900241850334,0,0,12,10,9,5,3,4,1,en_curso
254,84,5.0,mejorada,1,4,209481900241850334,0,0,15,10,11,5,1,5,1,en_curso
254,84,6.0,mejorada,1,4,209481900241850334,1,0,18,10,11,5,1,6,1,en_curso
254,84,7.0,mejorada,1,4,209481900241850334,1,0,25,17,18,5,0,7,1,perdido
255,85,1.0,mejorada,1,2,830544921056646276,0,0,0,10,0,0,2,1,1,en_curso
255,85,2.0,mejorada,1,2,830544921056646276,0,0,0,8,0,0,0,2,1,en_curso
255,85,3.0,mejorada,1,2,830544921056646276,0,0,2,8,2,1,2,3,1,en_curso
255,85,4.0,mejorada,1,2,830544921056646276,0,0,2,7,2,3,2,4,1,en_curso
255,85,5.0,mejorada,1,2,830544921056646276,1,0,3,10,3,3,2,5,1,en_curso
255,85,6.0,mejorada,1,2,830544921056646276,2,1,6,7,6,4,1,6,1,en_curso
255,85,7.0,mejorada,1,2,830544921056646276,2,1,6,5,6,6,2,7,1,en_curso
255,85,8.0,mejorada,1,2,830544921056646276,2,1,10,6,9,7,2,8,1,en_curso
255,85,9.0,mejorada,1,2,830544921056646276,2,2,12,8,9,7,2,9,1,en_curso
255,85,10.0,mejorada,1,2,830544921056646276,2,3,13,11,10,7,0,10,1,en_curso
255,85,11.0,mejorada,1,2,830544921056646276,2,3,13,9,10,7,0,11,1,en_curso
255,85,12.0,mejorada,1,2,830544921056646276,2,3,13,7,10,7,1,12,1,en_curso
255,85,13.0,mejorada,1,2,830544921056646276,2,4,14,14,11,7,1,13,1,perdido
256,85,1.0,mejorada,1,3,830544921056646276,0,0,0,10,0,0,3,1,1,en_curso
256,85,2.0,mejorada,1,3,830544921056646276,0,0,0,8,0,0,0,2,1,en_curso
256,85,3.0,mejorada,1,3,830544921056646276,1,0,0,8,0,2,3,3,1,en_curso
256,85,4.0,mejorada,1,3,830544921056646276,1,0,3,7,3,6,3,4,1,en_curso
256,85,5.0,mejorada,1,3,830544921056646276,1,1,13,10,9,7,1,5,1,en_curso
256,85,6.0,mejorada,1,3,830544921056646276,1,2,24,19,15,7,0,6,1,perdido
257,85,1.0,mejorada,1,4,830544921056646276,0,0,0,10,0,0,4,1,1,en_curso
257,85,2.0,mejorada,1,4,830544921056646276,0,0,0,8,0,0,0,2,1,en_curso
257,85,3.0,mejorada,1,4,830544921056646276,1,0,0,8,0,3,4,3,1,en_curso
257,85,4.0,mejorada,1,4,830544921056646276,1,0,3,9,3,6,4,4,1,en_curso
257,85,5.0,mejorada,1,4,830544921056646276,1,4,18,17,13,6,0,5,1,perdido
258,86,1.0,mejorada,1,2,6662589034851875519,0,0,0,10,0,0,2,1,1,en_curso
258,86,2.0,mejorada,1,2,6662589034851875519,0,0,5,7,4,1,2,2,1,en_curso
258,86,3.0,mejorada,1,2,6662589034851875519,0,0,5,4,4,4,2,3,1,en_curso
258,86,4.0,mejorada,1,2,6662589034851875519,0,0,5,1,4,5,2,4,1,en_curso
258,86,5.0,mejorada,1,2,6662589034851875519,0,0,5,4,4,6,2,5,1,en_curso
258,86,6.0,mejorada,1,2,6662589034851875519,0,0,5,5,4,7,2,6,1,en_curso
258,86,7.0,mejorada,1,2,6662589034851875519,0,0,5,1,4,7,2,7,1,en_curso
258,86,8.0,mejorada,1,2,6662589034851875519,1,0,5,1,4,7,2,8,1,en_curso
258,86,9.0,mejorada,1,2,6662589034851875519,2,0,8,5,7,8,2,9,1,en_curso
258,86,10.0,mejorada,1,2,6662589034851875519,2,1,8,5,7,8,2,10,1,en_curso
258,86,11.0,mejorada,1,2,6662589034851875519,3,1,12,12,11,8,2,11,1,en_curso
258,86,12.0,mejorada,1,2,6662589034851875519,3,1,16,9,12,8,0,12,1,en_curso
258,86,13.0,mejorada,1,2,6662589034851875519,3,1,21,9,16,8,0,13,1,en_curso
258,86,14.0,mejorada,1,2,6662589034851875519,4,1,25,14,18,8,1,14,1,perdido
259,86,1.0,mejorada,1,3,6662589034851875519,0,0,0,10,0,0,3,1,1,en_curso
259,86,2.0,mejorada,1,3,6662589034851875519,0,0,5,7,4,1,2,2,1,en_curso
259,86,3.0,mejorada,1,3,6662589034851875519,0,0,5,5,4,5,3,3,1,en_curso
259,86,4.0,mejorada,1,3,6662589034851875519,0,1,7,9,4,6,3,4,1,en_curso
259,86,5.0,mejorada,1,3,6662589034851875519,0,1,9,9,6,6,2,5,1,en_curso
259,86,6.0,mejorada,1,3,6662589034851875519,1,1,11,8,8,6,3,6,1,en_curso
259,86,7.0,mejorada,1,3,6662589034851875519,3,1,11,9,8,6,2,7,1,en_curso
259,86,8.0,mejorada,1,3,6662589034851875519,3,1,13,15,9,6,0,8,1,en_curso
259,86,9.0,mejorada,1,3,6662589034851875519,3,1,13,11,9,7,0,9,1,en_curso
259,86,10.0,mejorada,1,3,6662589034851875519,3,1,13,9,9,7,0,10,1,en_curso
259,86,11.0,mejorada,1,3,6662589034851875519,3,1,13,6,9,7,3,11,1,en_curso
259,86,12.0,mejorada,1,3,6662589034851875519,3,1,18,14,13,7,3,12,1,en_curso
259,86,13.0,mejorada,1,3,6662589034851875519,4,2,24,12,15,7,0,13,1,perdido
260,86,1.0,mejorada,1,4,6662589034851875519,0,0,0,10,0,0,4,1,1,en_curso
260,86,2.0,mejorada,1,4,6662589034851875519,0,0,5,9,4,0,3,2,1,en_curso
260,86,3.0,mejorada,1,4,6662589034851875519,0,0,5,7,4,5,2,3,1,en_curso
260,86,4.0,mejorada,1,4,6662589034851875519,0,0,10,6,6,7,3,4,1,en_curso
260,86,5.0,mejorada,1,4,6662589034851875519,0,1,10,7,6,7,4,5,1,en_curso
260,86,6.0,mejorada,1,4,6662589034851875519,1,1,11,11,6,7,4,6,1,en_curso
260,86,7.0,mejorada,1,4,6662589034851875519,1,2,15,17,8,7,3,7,1,en_curso
260,86,8.0,mejorada,1,4,6662589034851875519,4,3,25,20,16,7,1,8,1,perdido
261,87,1.0,mejorada,1,2,4260065529960581386,0,0,0,10,0,0,2,1,1,en_curso
261,87,2.0,mejorada,1,2,4260065529960581386,0,0,5,7,5,2,1,2,1,en_curso
261,87,3.0,mejorada,1,2,4260065529960581386,0,0,10,10,7,5,2,3,1,en_curso
261,87,4.0,mejorada,1,2,4260065529960581386,0,0,10,6,7,6,0,4,1,en_curso
261,87,5.0,mejorada,1,2,4260065529960581386,0,0,10,3,7,6,2,5,1,en_curso
261,87,6.0,mejorada,1,2,4260065529960581386,0,2,14,10,10,7,1,6,1,en_curso
261,87,7.0,mejorada,1,2,4260065529960581386,0,3,15,11,10,7,0,7,1,en_curso
261,87,8.0,mejorada,1,2,4260065529960581386,0,3,25,10,15,8,1,8,1,perdido
262,87,1.0,mejorada,1,3,4260065529960581386,0,0,0,10,0,0,3,1,1,en_curso
262,87,2.0,mejorada,1,3,4260065529960581386,0,0,5,9,5,2,2,2,1,en_curso
262,87,3.0,mejorada,1,3,4260065529960581386,0,0,10,8,10,3,1,3,1,en_curso
262,87,4.0,mejorada,1,3,4260065529960581386,0,0,10,4,10,6,3,4,1,en_curso
262,87,5.0,mejorada,1,3,4260065529960581386,0,1,12,8,10,6,3,5,1,en_curso
262,87,6.0,mejorada,1,3,4260065529960581386,0,1,12,8,10,8,3,6,1,en_curso
262,87,7.0,mejorada,1,3,4260065529960581386,1,1,12,7,10,8,3,7,1,en_curso
262,87,8.0,mejorada,1,3,4260065529960581386,2,2,14,9,12,8,2,8,1,en_curso
262,87,9.0,mejorada,1,3,4260065529960581386,3,2,25,15,20,8,0,9,1,perdido
263,87,1.0,mejorada,1,4,4260065529960581386,0,0,0,10,0,0,4,1,1,en_curso
263,87,2.0,mejorada,1,4,4260065529960581386,0,0,5,9,5,2,2,2,1,en_curso
263,87,3.0,mejorada,1,4,4260065529960581386,0,0,10,8,10,3,1,3,1,en_curso
263,87,4.0,mejorada,1,4,4260065529960581386,0,0,10,5,10,6,4,4,1,en_curso
263,87,5.0,mejorada,1,4,4260065529960581386,0,1,12,8,10,6,3,5,1,en_curso
263,87,6.0,mejorada,1,4,4260065529960581386,0,1,12,8,10,8,2,6,1,en_curso
263,87,7.0,mejorada,1,4,4260065529960581386,0,1,12,7,10,8,4,7,1,en_curso
263,87,8.0,mejorada,1,4,4260065529960581386,2,2,14,10,12,8,3,8,1,en_curso
263,87,9.0,mejorada,1,4,4260065529960581386,3,2,15,10,13,8,3,9,1,en_curso
263,87,10.0,mejorada,1,4,4260065529960581386,3,3,17,11,14,8,1,10,1,en_curso
263,87,11.0,mejorada,1,4,4260065529960581386,3,3,18,12,15,8,0,11,1,en_curso
263,87,12.0,mejorada,1,4,4260065529960581386,3,3,24,13,17,8,0,12,1,perdido
264,88,1.0,mejorada,1,2,1487469617072345797,0,0,0,10,0,0,2,1,1,en_curso
264,88,2.0,mejorada,1,2,1487469617072345797,0,0,2,6,2,0,0,2,1,en_curso
264,88,3.0,mejorada,1,2,1487469617072345797,0,0,2,3,2,2,2,3,1,en_curso
264,88,4.0,mejorada,1,2,1487469617072345797,0,0,5,3,5,4,2,4,1,en_curso
264,88,5.0,mejorada,1,2,1487469617072345797,0,0,5,0,5,4,2,5,1,en_curso
264,88,6.0,mejorada,1,2,1487469617072345797,1,0,5,0,5,4,2,6,1,en_curso
264,88,7.0,mejorada,1,2,1487469617072345797,1,0,5,6,5,6,2,7,1,en_curso
264,88,8.0,mejorada,1,2,1487469617072345797,2,0,8,4,8,6,2,8,1,en_curso
264,88,9.0,mejorada,1,2,1487469617072345797,3,0,10,4,9,6,2,9,1,en_curso
264,88,10.0,mejorada,1,2,1487469617072345797,5,0,10,1,9,7,2,10,1,en_curso
264,88,11.0,mejorada,1,2,1487469617072345797,5,0,10,5,9,7,2,11,1,en_curso
264,88,12.0,mejorada,1,2,1487469617072345797,7,0,10,14,9,8,2,12,1,ganado
265,88,1.0,mejorada,1,3,1487469617072345797,0,0,0,10,0,0,3,1,1,en_curso
265,88,2.0,mejorada,1,3,1487469617072345797,0,0,2,7,2,0,1,2,1,en_curso
265,88,3.0,mejorada,1,3,1487469617072345797,0,0,2,6,2,3,3,3,1,en_curso
265,88,4.0,mejorada,1,3,1487469617072345797,1,0,2,7,2,6,3,4,1,en_curso
265,88,5.0,mejorada,1,3,1487469617072345797,1,0,2,8,2,7,3,5,1,en_curso
265,88,6.0,mejorada,1,3,1487469617072345797,2,0,5,5,5,8,3,6,1,en_curso
265,88,7.0,mejorada,1,3,1487469617072345797,2,1,8,6,5,8,3,7,1,en_curso
265,88,8.0,mejorada,1,3,1487469617072345797,3,2,14,12,11,8,3,8,1,en_curso
265,88,9.0,mejorada,1,3,1487469617072345797,4,2,17,12,11,8,2,9,1,en_curso
265,88,10.0,mejorada,1,3,1487469617072345797,7,2,19,11,13,8,2,10,1,ganado
266,88,1.0,mejorada,1,4,1487469617072345797,0,0,0,10,0,0,4,1,1,en_curso
266,88,2.0,mejorada,1,4,1487469617072345797,0,0,2,7,2,0,1,2,1,en_curso
266,88,3.0,mejorada,1,4,1487469617072345797,0,0,2,7,2,2,4,3,1,en_curso
266,88,4.0,mejorada,1,4,1487469617072345797,1,0,2,9,2,4,4,4,1,en_curso
266,88,5.0,mejorada,1,4,1487469617072345797,2,0,7,9,7,7,1,5,1,en_curso
266,88,6.0,mejorada,1,4,1487469617072345797,2,0,7,7,7,7,3,6,1,en_curso
266,88,7.0,mejorada,1,4,1487469617072345797,2,0,11,7,8,7,3,7,1,en_curso
266,88,8.0,mejorada,1,4,1487469617072345797,2,2,12,12,9,7,2,8,1,en_curso
266,88,9.0,mejorada,1,4,1487469617072345797,2,2,12,10,9,7,1,9,1,en_curso
266,88,10.0,mejorada,1,4,1487469617072345797,3,2,15,10,12,8,2,10,1,en_curso
266,88,11.0,mejorada,1,4,1487469617072345797,3,2,17,9,13,8,0,11,1,en_curso
266,88,12.0,mejorada,1,4,1487469617072345797,3,2,17,10,13,8,0,12,1,en_curso
266,88,13.0,mejorada,1,4,1487469617072345797,3,3,25,12,18,8,0,13,1,perdido
267,89,1.0,mejorada,1,2,4621322367900553788,0,0,0,10,0,0,2,1,1,en_curso
267,89,2.0,mejorada,1,2,4621322367900553788,0,0,2,8,2,0,2,2,1,en_curso
267,89,3.0,mejorada,1,2,4621322367900553788,0,0,2,3,2,6,2,3,1,en_curso
267,89,4.0,mejorada,1,2,4621322367900553788,0,0,2,1,2,6,2,4,1,en_curso
267,89,5.0,mejorada,1,2,4621322367900553788,0,0,2,5,2,6,2,5,1,en_curso
267,89,6.0,mejorada,1,2,4621322367900553788,1,0,2,3,2,6,2,6,1,en_curso
267,89,7.0,mejorada,1,2,4621322367900553788,1,0,2,1,2,6,2,7,1,en_curso
267,89,8.0,mejorada,1,2,4621322367900553788,3,0,2,3,2,6,2,8,1,en_curso
267,89,9.0,mejorada,1,2,4621322367900553788,3,1,4,4,4,7,2,9,1,en_curso
267,89,10.0,mejorada,1,2,4621322367900553788,4,1,4,5,4,7,2,10,1,en_curso
267,89,11.0,mejorada,1,2,4621322367900553788,5,1,4,2,4,7,2,11,1,en_curso
267,89,12.0,mejorada,1,2,4621322367900553788,5,1,6,15,6,7,2,12,1,en_curso
267,89,13.0,mejorada,1,2,4621322367900553788,5,1,9,14,9,7,1,13,1,en_curso
267,89,14.0,mejorada,1,2,4621322367900553788,5,1,12,15,12,7,1,14,1,en_curso
267,89,15.0,mejorada,1,2,4621322367900553788,5,1,14,15,13,7,1,15,1,en_curso
267,89,16.0,mejorada,1,2,4621322367900553788,5,2,16,18,13,7,1,16,1,en_curso
267,89,17.0,mejorada,1,2,4621322367900553788,6,2,24,17,19,7,0,17,1,perdido
268,89,1.0,mejorada,1,3,4621322367900553788,0,0,0,10,0,0,3,1,1,en_curso
268,89,2.0,mejorada,1,3,4621322367900553788,0,0,2,9,2,0,2,2,1,en_curso
268,89,3.0,mejorada,1,3,4621322367900553788,0,0,2,5,2,4,2,3,1,en_curso
268,89,4.0,mejorada,1,3,4621322367900553788,1,0,2,5,2,6,3,4,1,en_curso
268,89,5.0,mejorada,1,3,4621322367900553788,2,0,6,6,4,6,3,5,1,en_curso
268,89,6.0,mejorada,1,3,4621322367900553788,2,0,6,7,4,6,3,6,1,en_curso
268,89,7.0,mejorada,1,3,4621322367900553788,3,0,8,8,6,7,2,7,1,en_curso
268,89,8.0,mejorada,1,3,4621322367900553788,3,0,8,5,6,7,3,8,1,en_curso
268,89,9.0,mejorada,1,3,4621322367900553788,4,1,8,7,6,7,3,9,1,en_curso
268,89,10.0,mejorada,1,3,4621322367900553788,4,1,14,10,12,7,3,10,1,en_curso
268,89,11.0,mejorada,1,3,4621322367900553788,4,3,19,14,15,7,1,11,1,en_curso
268,89,12.0,mejorada,1,3,4621322367900553788,4,4,23,18,16,7,1,12,1,perdido
269,89,1.0,mejorada,1,4,4621322367900553788,0,0,0,10,0,0,4,1,1,en_curso
269,89,2.0,mejorada,1,4,4621322367900553788,0,0,2,9,2,0,2,2,1,en_curso
269,89,3.0,mejorada,1,4,4621322367900553788,0,0,2,6,2,3,3,3,1,en_curso
269,89,4.0,mejorada,1,4,4621322367900553788,0,0,4,7,3,6,4,4,1,en_curso
269,89,5.0,mejorada,1,4,4621322367900553788,0,0,9,9,5,6,1,5,1,en_curso
269,89,6.0,mejorada,1,4,4621322367900553788,0,0,9,8,5,7,2,6,1,en_curso
269,89,7.0,mejorada,1,4,4621322367900553788,0,0,12,11,8,7,2,7,1,en_curso
269,89,8.0,mejorada,1,4,4621322367900553788,0,0,15,20,11,7,2,8,1,en_curso
269,89,9.0,mejorada,1,4,4621322367900553788,0,2,26,22,19,7,1,9,1,perdido
270,90,1.0,mejorada,1,2,1404831189039190376,0,0,0,10,0,0,2,1,1,en_curso
270,90,2.0,mejorada,1,2,1404831189039190376,0,0,0,5,0,0,0,2,1,en_curso
270,90,3.0,mejorada,1,2,1404831189039190376,0,0,3,0,3,2,2,3,1,en_curso
270,90,4.0,mejorada,1,2,1404831189039190376,0,0,3,1,3,6,2,4,1,en_curso
270,90,5.0,mejorada,1,2,1404831189039190376,0,0,3,0,3,6,2,5,1,en_curso
270,90,6.0,mejorada,1,2,1404831189039190376,0,0,3,1,3,7,2,6,1,en_curso
270,90,7.0,mejorada,1,2,1404831189039190376,0,0,3,0,3,8,2,7,1,en_curso
270,90,8.0,mejorada,1,2,1404831189039190376,0,0,3,0,3,8,2,8,1,en_curso
270,90,9.0,mejorada,1,2,1404831189039190376,1,1,3,8,3,8,2,9,1,en_curso
270,90,10.0,mejorada,1,2,1404831189039190376,1,2,3,1,3,8,2,10,1,en_curso
270,90,11.0,mejorada,1,2,1404831189039190376,1,4,8,12,7,8,2,11,1,perdido
271,90,1.0,mejorada,1,3,1404831189039190376,0,0,0,10,0,0,3,1,1,en_curso
271,90,2.0,mejorada,1,3,1404831189039190376,0,0,0,6,0,0,1,2,1,en_curso
271,90,3.0,mejorada,1,3,1404831189039190376,0,0,6,4,5,2,3,3,1,en_curso
271,90,4.0,mejorada,1,3,1404831189039190376,0,2,10,11,7,6,2,4,1,en_curso
271,90,5.0,mejorada,1,3,1404831189039190376,0,2,12,10,9,6,0,5,1,en_curso
271,90,6.0,mejorada,1,3,1404831189039190376,0,2,14,9,9,6,1,6,1,en_curso
271,90,7.0,mejorada,1,3,1404831189039190376,1,2,19,11,12,6,1,7,1,en_curso
271,90,8.0,mejorada,1,3,1404831189039190376,1,2,21,9,14,6,0,8,1,en_curso
271,90,9.0,mejorada,1,3,1404831189039190376,1,2,21,6,14,6,1,9,1,en_curso
271,90,10.0,mejorada,1,3,1404831189039190376,2,2,21,9,14,6,3,10,1,en_curso
271,90,11.0,mejorada,1,3,1404831189039190376,3,2,21,8,14,6,2,11,1,en_curso
271,90,12.0,mejorada,1,3,1404831189039190376,4,3,26,14,19,6,1,12,1,perdido
272,90,1.0,mejorada,1,4,1404831189039190376,0,0,0,10,0,0,4,1,1,en_curso
272,90,2.0,mejorada,1,4,1404831189039190376,0,0,0,6,0,0,1,2,1,en_curso
272,90,3.0,mejorada,1,4,1404831189039190376,1,0,6,5,5,1,4,3,1,en_curso
272,90,4.0,mejorada,1,4,1404831189039190376,1,0,8,8,5,4,3,4,1,en_curso
272,90,5.0,mejorada,1,4,1404831189039190376,1,1,9,10,6,6,1,5,1,en_curso
272,90,6.0,mejorada,1,4,1404831189039190376,1,2,15,11,10,6,2,6,1,en_curso
272,90,7.0,mejorada,1,4,1404831189039190376,1,4,19,8,12,6,2,7,1,perdido
273,91,1.0,mejorada,1,2,6422421876184220429,0,0,0,10,0,0,2,1,1,en_curso
273,91,2.0,mejorada,1,2,6422421876184220429,0,0,0,4,0,1,1,2,1,en_curso
273,91,3.0,mejorada,1,2,6422421876184220429,0,0,0,0,0,4,2,3,1,en_curso
273,91,4.0,mejorada,1,2,6422421876184220429,0,0,0,0,0,5,2,4,1,en_curso
273,91,5.0,mejorada,1,2,6422421876184220429,0,0,0,0,0,5,2,5,1,en_curso
273,91,6.0,mejorada,1,2,6422421876184220429,1,1,0,2,0,6,2,6,1,en_curso
273,91,7.0,mejorada,1,2,6422421876184220429,1,1,0,3,0,7,2,7,1,en_curso
273,91,8.0,mejorada,1,2,6422421876184220429,3,2,0,2,0,7,2,8,1,en_curso
273,91,9.0,mejorada,1,2,6422421876184220429,3,2,0,4,0,7,2,9,1,en_curso
273,91,10.0,mejorada,1,2,6422421876184220429,3,2,7,12,4,7,1,10,1,en_curso
273,91,11.0,mejorada,1,2,6422421876184220429,3,2,11,12,8,8,1,11,1,en_curso
273,91,12.0,mejorada,1,2,6422421876184220429,4,2,17,12,11,8,1,12,1,en_curso
273,91,13.0,mejorada,1,2,6422421876184220429,4,2,17,9,11,8,1,13,1,en_curso
273,91,14.0,mejorada,1,2,6422421876184220429,7,2,19,13,12,8,2,14,1,ganado
274,91,1.0,mejorada,1,3,6422421876184220429,0,0,0,10,0,0,3,1,1,en_curso
274,91,2.0,mejorada,1,3,6422421876184220429,0,0,0,7,0,0,2,2,1,en_curso
274,91,3.0,mejorada,1,3,6422421876184220429,0,0,0,3,0,3,3,3,1,en_curso
274,91,4.0,mejorada,1,3,6422421876184220429,0,1,0,8,0,5,3,4,1,en_curso
274,91,5.0,mejorada,1,3,6422421876184220429,0,1,0,8,0,5,3,5,1,en_curso
274,91,6.0,mejorada,1,3,6422421876184220429,3,1,0,5,0,6,3,6,1,en_curso
274,91,7.0,mejorada,1,3,6422421876184220429,3,1,2,6,2,6,3,7,1,en_curso
274,91,8.0,mejorada,1,3,6422421876184220429,3,1,5,6,5,7,3,8,1,en_curso
274,91,9.0,mejorada,1,3,6422421876184220429,3,2,12,10,8,7,2,9,1,en_curso
274,91,10.0,mejorada,1,3,6422421876184220429,3,2,15,7,8,7,1,10,1,en_curso
274,91,11.0,mejorada,1,3,6422421876184220429,3,3,17,9,10,7,2,11,1,en_curso
274,91,12.0,mejorada,1,3,6422421876184220429,5,4,17,12,10,7,3,12,1,perdido
275,91,1.0,mejorada,1,4,6422421876184220429,0,0,0,10,0,0,4,1,1,en_curso
275,91,2.0,mejorada,1,4,6422421876184220429,0,0,0,8,0,1,3,2,1,en_curso
275,91,3.0,mejorada,1,4,6422421876184220429,0,0,0,5,0,5,4,3,1,en_curso
275,91,4.0,mejorada,1,4,6422421876184220429,1,1,2,13,2,7,3,4,1,en_curso
275,91,5.0,mejorada,1,4,6422421876184220429,2,1,10,13,7,7,1,5,1,en_curso
275,91,6.0,mejorada,1,4,6422421876184220429,2,1,13,15,9,7,0,6,1,en_curso
275,91,7.0,mejorada,1,4,6422421876184220429,2,2,17,11,12,7,0,7,1,en_curso
275,91,8.0,mejorada,1,4,6422421876184220429,2,2,18,13,13,7,0,8,1,en_curso
275,91,9.0,mejorada,1,4,6422421876184220429,2,4,23,11,15,7,0,9,1,perdido
276,92,1.0,mejorada,1,2,4115065316196789028,0,0,0,10,0,0,2,1,1,en_curso
276,92,2.0,mejorada,1,2,4115065316196789028,0,0,0,6,0,0,1,2,1,en_curso
276,92,3.0,mejorada,1,2,4115065316196789028,0,0,0,2,0,4,2,3,1,en_curso
276,92,4.0,mejorada,1,2,4115065316196789028,0,0,4,8,4,5,2,4,1,en_curso
276,92,5.0,mejorada,1,2,4115065316196789028,0,1,4,7,4,6,2,5,1,en_curso
276,92,6.0,mejorada,1,2,4115065316196789028,1,1,7,11,7,6,2,6,1,en_curso
276,92,7.0,mejorada,1,2,4115065316196789028,1,1,10,12,10,7,1,7,1,en_curso
276,92,8.0,mejorada,1,2,4115065316196789028,2,1,10,11,10,7,1,8,1,en_curso
276,92,9.0,mejorada,1,2,4115065316196789028,2,1,12,12,12,7,0,9,1,en_curso
276,92,10.0,mejorada,1,2,4115065316196789028,2,2,25,17,19,7,0,10,1,perdido
277,92,1.0,mejorada,1,3,4115065316196789028,0,0,0,10,0,0,3,1,1,en_curso
277,92,2.0,mejorada,1,3,4115065316196789028,0,0,0,7,0,1,2,2,1,en_curso
277,92,3.0,mejorada,1,3,4115065316196789028,0,0,0,4,0,6,3,3,1,en_curso
277,92,4.0,mejorada,1,3,4115065316196789028,0,0,0,3,0,7,3,4,1,en_curso
277,92,5.0,mejorada,1,3,4115065316196789028,0,0,0,2,0,7,3,5,1,en_curso
277,92,6.0,mejorada,1,3,4115065316196789028,1,0,0,12,0,7,3,6,1,en_curso
277,92,7.0,mejorada,1,3,4115065316196789028,1,0,0,11,0,7,2,7,1,en_curso
277,92,8.0,mejorada,1,3,4115065316196789028,3,0,0,10,0,7,2,8,1,en_curso
277,92,9.0,mejorada,1,3,4115065316196789028,4,0,0,10,0,7,2,9,1,en_curso
277,92,10.0,mejorada,1,3,4115065316196789028,4,1,1,11,1,7,0,10,1,en_curso
277,92,11.0,mejorada,1,3,4115065316196789028,4,1,4,10,4,7,1,11,1,en_curso
277,92,12.0,mejorada,1,3,4115065316196789028,5,1,4,5,4,7,2,12,1,en_curso
277,92,13.0,mejorada,1,3,4115065316196789028,5,1,7,3,7,7,3,13,1,en_curso
277,92,14.0,mejorada,1,3,4115065316196789028,6,1,7,9,7,7,3,14,1,en_curso
277,92,15.0,mejorada,1,3,4115065316196789028,6,1,8,12,8,7,1,15,1,en_curso
277,92,16.0,mejorada,1,3,4115065316196789028,8,1,11,12,10,7,1,16,1,ganado
278,92,1.0,mejorada,1,4,4115065316196789028,0,0,0,10,0,0,4,1,1,en_curso
278,92,2.0,mejorada,1,4,4115065316196789028,0,0,0,7,0,1,2,2,1,en_curso
278,92,3.0,mejorada,1,4,4115065316196789028,0,0,0,7,0,6,4,3,1,en_curso
278,92,4.0,mejorada,1,4,4115065316196789028,0,0,0,8,0,6,4,4,1,en_curso
278,92,5.0,mejorada,1,4,4115065316196789028,0,1,3,17,3,6,3,5,1,en_curso
278,92,6.0,mejorada,1,4,4115065316196789028,0,1,8,16,8,6,0,6,1,en_curso
278,92,7.0,mejorada,1,4,4115065316196789028,0,1,8,10,8,6,0,7,1,en_curso
278,92,8.0,mejorada,1,4,4115065316196789028,0,1,14,7,11,6,1,8,1,en_curso
278,92,9.0,mejorada,1,4,4115065316196789028,0,1,14,7,11,7,4,9,1,en_curso
278,92,10.0,mejorada,1,4,4115065316196789028,2,1,14,9,11,7,4,10,1,en_curso
278,92,11.0,mejorada,1,4,4115065316196789028,2,1,19,11,14,7,2,11,1,en_curso
278,92,12.0,mejorada,1,4,4115065316196789028,3,1,19,10,14,7,3,12,1,en_curso
278,92,13.0,mejorada,1,4,4115065316196789028,4,1,20,11,14,7,2,13,1,en_curso
278,92,14.0,mejorada,1,4,4115065316196789028,5,1,21,12,15,7,1,14,1,en_curso
278,92,15.0,mejorada,1,4,4115065316196789028,5,1,21,10,15,7,0,15,1,en_curso
278,92,16.0,mejorada,1,4,4115065316196789028,5,2,26,9,20,8,1,16,1,perdido
279,93,1.0,mejorada,1,2,3514300522226417888,0,0,0,10,0,0,2,1,1,en_curso
279,93,2.0,mejorada,1,2,3514300522226417888,0,0,0,5,0,0,2,2,1,en_curso
279,93,3.0,mejorada,1,2,3514300522226417888,0,0,3,3,3,5,2,3,1,en_curso
279,93,4.0,mejorada,1,2,3514300522226417888,0,2,7,5,6,6,2,4,1,en_curso
279,93,5.0,mejorada,1,2,3514300522226417888,0,3,8,9,6,7,2,5,1,en_curso
279,93,6.0,mejorada,1,2,3514300522226417888,0,3,15,9,9,7,1,6,1,en_curso
279,93,7.0,mejorada,1,2,3514300522226417888,0,4,18,5,12,8,0,7,1,perdido
280,93,1.0,mejorada,1,3,3514300522226417888,0,0,0,10,0,0,3,1,1,en_curso
280,93,2.0,mejorada,1,3,3514300522226417888,0,0,0,6,0,0,3,2,1,en_curso
280,93,3.0,mejorada,1,3,3514300522226417888,0,0,8,8,7,3,1,3,1,en_curso
280,93,4.0,mejorada,1,3,3514300522226417888,0,1,12,12,10,5,1,4,1,en_curso
280,93,5.0,mejorada,1,3,3514300522226417888,0,1,16,13,12,5,0,5,1,en_curso
280,93,6.0,mejorada,1,3,3514300522226417888,0,1,17,11,12,6,0,6,1,en_curso
280,93,7.0,mejorada,1,3,3514300522226417888,0,1,24,9,18,7,0,7,1,perdido
281,93,1.0,mejorada,1,4,3514300522226417888,0,0,0,10,0,0,4,1,1,en_curso
281,93,2.0,mejorada,1,4,3514300522226417888,0,0,0,6,0,0,3,2,1,en_curso
281,93,3.0,mejorada,1,4,3514300522226417888,0,0,8,10,7,2,2,3,1,en_curso
281,93,4.0,mejorada,1,4,3514300522226417888,0,1,12,14,10,4,0,4,1,en_curso
281,93,5.0,mejorada,1,4,3514300522226417888,0,1,24,17,16,6,0,5,1,perdido
282,94,1.0,mejorada,1,2,2780958171820188827,0,0,0,10,0,0,2,1,1,en_curso
282,94,2.0,mejorada,1,2,2780958171820188827,0,0,4,8,4,2,1,2,1,en_curso
282,94,3.0,mejorada,1,2,2780958171820188827,0,0,9,5,9,3,2,3,1,en_curso
282,94,4.0,mejorada,1,2,2780958171820188827,1,0,12,7,9,5,2,4,1,en_curso
282,94,5.0,mejorada,1,2,2780958171820188827,1,0,15,8,11,7,2,5,1,en_curso
282,94,6.0,mejorada,1,2,2780958171820188827,1,0,17,6,13,7,2,6,1,en_curso
282,94,7.0,mejorada,1,2,2780958171820188827,1,1,17,7,13,7,2,7,1,en_curso
282,94,8.0,mejorada,1,2,2780958171820188827,1,2,18,11,14,7,2,8,1,en_curso
282,94,9.0,mejorada,1,2,2780958171820188827,1,3,25,9,20,7,1,9,1,perdido
283,94,1.0,mejorada,1,3,2780958171820188827,0,0,0,10,0,0,3,1,1,en_curso
283,94,2.0,mejorada,1,3,2780958171820188827,0,0,4,8,4,2,1,2,1,en_curso
283,94,3.0,mejorada,1,3,2780958171820188827,0,0,9,5,9,3,2,3,1,en_curso
283,94,4.0,mejorada,1,3,2780958171820188827,1,0,12,8,9,5,3,4,1,en_curso
283,94,5.0,mejorada,1,3,2780958171820188827,1,0,14,6,10,6,1,5,1,en_curso
283,94,6.0,mejorada,1,3,2780958171820188827,1,0,16,9,12,7,3,6,1,en_curso
283,94,7.0,mejorada,1,3,2780958171820188827,1,1,16,8,12,7,2,7,1,en_curso
283,94,8.0,mejorada,1,3,2780958171820188827,2,1,24,10,16,7,2,8,1,perdido
284,94,1.0,mejorada,1,4,2780958171820188827,0,0,0,10,0,0,4,1,1,en_curso
284,94,2.0,mejorada,1,4,2780958171820188827,0,0,4,9,4,1,2,2,1,en_curso
284,94,3.0,mejorada,1,4,2780958171820188827,0,0,7,7,6,1,3,3,1,en_curso
284,94,4.0,mejorada,1,4,2780958171820188827,0,0,10,10,7,3,4,4,1,en_curso
284,94,5.0,mejorada,1,4,2780958171820188827,2,1,16,13,11,6,2,5,1,en_curso
284,94,6.0,mejorada,1,4,2780958171820188827,2,1,18,15,12,7,0,6,1,en_curso
284,94,7.0,mejorada,1,4,2780958171820188827,2,1,24,21,16,7,0,7,1,perdido
285,95,1.0,mejorada,1,2,5813330844689072343,0,0,0,10,0,0,2,1,1,en_curso
285,95,2.0,mejorada,1,2,5813330844689072343,0,0,0,6,0,0,2,2,1,en_curso
285,95,3.0,mejorada,1,2,5813330844689072343,0,1,2,6,2,5,2,3,1,en_curso
285,95,4.0,mejorada,1,2,5813330844689072343,0,1,2,3,2,6,2,4,1,en_curso
285,95,5.0,mejorada,1,2,5813330844689072343,0,2,2,5,2,7,2,5,1,en_curso
285,95,6.0,mejorada,1,2,5813330844689072343,0,2,2,2,2,7,2,6,1,en_curso
285,95,7.0,mejorada,1,2,5813330844689072343,0,2,2,2,2,7,2,7,1,en_curso
285,95,8.0,mejorada,1,2,5813330844689072343,1,2,2,0,2,7,2,8,1,en_curso
285,95,9.0,mejorada,1,2,5813330844689072343,2,3,2,5,2,7,2,9,1,en_curso
285,95,10.0,mejorada,1,2,5813330844689072343,2,3,2,4,2,7,2,10,1,en_curso
285,95,11.0,mejorada,1,2,5813330844689072343,2,3,2,4,2,7,2,11,1,en_curso
285,95,12.0,mejorada,1,2,5813330844689072343,3,4,2,3,2,8,2,12,1,perdido
286,95,1.0,mejorada,1,3,5813330844689072343,0,0,0,10,0,0,3,1,1,en_curso
286,95,2.0,mejorada,1,3,5813330844689072343,0,0,0,7,0,0,3,2,1,en_curso
286,95,3.0,mejorada,1,3,5813330844689072343,0,1,4,10,4,5,3,3,1,en_curso
286,95,4.0,mejorada,1,3,5813330844689072343,0,1,7,7,7,7,1,4,1,en_curso
286,95,5.0,mejorada,1,3,5813330844689072343,0,1,7,6,7,7,3,5,1,en_curso
286,95,6.0,mejorada,1,3,5813330844689072343,1,1,7,2,7,7,3,6,1,en_curso
286,95,7.0,mejorada,1,3,5813330844689072343,2,1,7,4,7,7,3,7,1,en_curso
286,95,8.0,mejorada,1,3,5813330844689072343,2,1,7,7,7,7,3,8,1,en_curso
286,95,9.0,mejorada,1,3,5813330844689072343,3,2,10,8,10,7,3,9,1,en_curso
286,95,10.0,mejorada,1,3,5813330844689072343,5,2,13,10,12,7,2,10,1,en_curso
286,95,11.0,mejorada,1,3,5813330844689072343,5,2,17,13,14,7,0,11,1,en_curso
286,95,12.0,mejorada,1,3,5813330844689072343,5,3,24,17,20,7,0,12,1,perdido
287,95,1.0,mejorada,1,4,5813330844689072343,0,0,0,10,0,0,4,1,1,en_curso
287,95,2.0,mejorada,1,4,5813330844689072343,0,0,0,7,0,0,3,2,1,en_curso
287,95,3.0,mejorada,1,4,5813330844689072343,0,1,2,6,2,5,4,3,1,en_curso
287,95,4.0,mejorada,1,4,5813330844689072343,0,1,2,9,2,5,4,4,1,en_curso
287,95,5.0,mejorada,1,4,5813330844689072343,1,2,4,7,4,6,3,5,1,en_curso
287,95,6.0,mejorada,1,4,5813330844689072343,2,2,9,9,8,7,2,6,1,en_curso
287,95,7.0,mejorada,1,4,5813330844689072343,2,2,11,11,10,7,0,7,1,en_curso
287,95,8.0,mejorada,1,4,5813330844689072343,2,2,13,10,12,7,1,8,1,en_curso
287,95,9.0,mejorada,1,4,5813330844689072343,2,4,16,10,12,7,3,9,1,perdido
288,96,1.0,mejorada,1,2,3337132314759568599,0,0,0,10,0,0,2,1,1,en_curso
288,96,2.0,mejorada,1,2,3337132314759568599,0,0,2,6,2,1,0,2,1,en_curso
288,96,3.0,mejorada,1,2,3337132314759568599,0,0,2,3,2,2,2,3,1,en_curso
288,96,4.0,mejorada,1,2,3337132314759568599,0,1,2,1,2,6,2,4,1,en_curso
288,96,5.0,mejorada,1,2,3337132314759568599,1,1,2,2,2,7,2,5,1,en_curso
288,96,6.0,mejorada,1,2,3337132314759568599,1,1,3,3,3,8,2,6,1,en_curso
288,96,7.0,mejorada,1,2,3337132314759568599,2,1,3,3,3,8,2,7,1,en_curso
288,96,8.0,mejorada,1,2,3337132314759568599,2,1,3,4,3,8,2,8,1,en_curso
288,96,9.0,mejorada,1,2,3337132314759568599,3,1,4,8,4,8,2,9,1,en_curso
288,96,10.0,mejorada,1,2,3337132314759568599,3,1,4,11,4,8,2,10,1,en_curso
288,96,11.0,mejorada,1,2,3337132314759568599,3,2,13,14,10,8,0,11,1,en_curso
288,96,12.0,mejorada,1,2,3337132314759568599,3,2,15,16,11,8,0,12,1,en_curso
288,96,13.0,mejorada,1,2,3337132314759568599,3,2,24,20,18,8,0,13,1,perdido
289,96,1.0,mejorada,1,3,3337132314759568599,0,0,0,10,0,0,3,1,1,en_curso
289,96,2.0,mejorada,1,3,3337132314759568599,0,0,2,6,2,1,0,2,1,en_curso
289,96,3.0,mejorada,1,3,3337132314759568599,0,0,2,4,2,2,3,3,1,en_curso
289,96,4.0,mejorada,1,3,3337132314759568599,0,0,2,5,2,6,3,4,1,en_curso
289,96,5.0,mejorada,1,3,3337132314759568599,1,1,6,9,5,6,3,5,1,en_curso
289,96,6.0,mejorada,1,3,3337132314759568599,1,1,6,7,5,8,3,6,1,en_curso
289,96,7.0,mejorada,1,3,3337132314759568599,3,1,10,10,8,8,3,7,1,en_curso
289,96,8.0,mejorada,1,3,3337132314759568599,3,2,13,12,9,8,2,8,1,en_curso
289,96,9.0,mejorada,1,3,3337132314759568599,4,4,18,11,11,8,2,9,1,perdido
290,96,1.0,mejorada,1,4,3337132314759568599,0,0,0,10,0,0,4,1,1,en_curso
290,96,2.0,mejorada,1,4,3337132314759568599,0,0,2,7,2,0,1,2,1,en_curso
290,96,3.0,mejorada,1,4,3337132314759568599,1,0,4,7,3,2,4,3,1,en_curso
290,96,4.0,mejorada,1,4,3337132314759568599,1,1,7,10,5,4,3,4,1,en_curso
290,96,5.0,mejorada,1,4,3337132314759568599,2,2,10,6,7,5,1,5,1,en_curso
290,96,6.0,mejorada,1,4,3337132314759568599,2,2,10,6,7,5,4,6,1,en_curso
290,96,7.0,mejorada,1,4,3337132314759568599,4,4,10,7,7,6,4,7,1,perdido
291,97,1.0,mejorada,1,2,808427814852703457,0,0,0,10,0,0,2,1,1,en_curso
291,97,2.0,mejorada,1,2,808427814852703457,0,0,0,6,0,0,2,2,1,en_curso
291,97,3.0,mejorada,1,2,808427814852703457,0,0,4,6,2,5,2,3,1,en_curso
291,97,4.0,mejorada,1,2,808427814852703457,0,1,5,8,3,5,2,4,1,en_curso
291,97,5.0,mejorada,1,2,808427814852703457,0,1,7,6,5,5,2,5,1,en_curso
291,97,6.0,mejorada,1,2,808427814852703457,0,1,7,5,5,5,2,6,1,en_curso
291,97,7.0,mejorada,1,2,808427814852703457,0,1,7,3,5,6,2,7,1,en_curso
291,97,8.0,mejorada,1,2,808427814852703457,0,1,7,4,5,7,2,8,1,en_curso
291,97,9.0,mejorada,1,2,808427814852703457,1,1,7,5,5,7,2,9,1,en_curso
291,97,10.0,mejorada,1,2,808427814852703457,2,1,7,6,5,7,2,10,1,en_curso
291,97,11.0,mejorada,1,2,808427814852703457,2,1,8,9,6,8,0,11,1,en_curso
291,97,12.0,mejorada,1,2,808427814852703457,2,1,8,7,6,8,1,12,1,en_curso
291,97,13.0,mejorada,1,2,808427814852703457,2,3,11,9,8,8,2,13,1,en_curso
291,97,14.0,mejorada,1,2,808427814852703457,2,4,13,9,9,8,2,14,1,perdido
292,97,1.0,mejorada,1,3,808427814852703457,0,0,0,10,0,0,3,1,1,en_curso
292,97,2.0,mejorada,1,3,808427814852703457,0,0,0,6,0,0,2,2,1,en_curso
292,97,3.0,mejorada,1,3,808427814852703457,0,0,4,6,2,5,3,3,1,en_curso
292,97,4.0,mejorada,1,3,808427814852703457,0,0,5,8,3,5,3,4,1,en_curso
292,97,5.0,mejorada,1,3,808427814852703457,0,1,7,8,5,5,3,5,1,en_curso
292,97,6.0,mejorada,1,3,808427814852703457,0,1,7,10,5,6,3,6,1,en_curso
292,97,7.0,mejorada,1,3,808427814852703457,0,2,12,12,8,6,3,7,1,en_curso
292,97,8.0,mejorada,1,3,808427814852703457,1,3,16,15,10,7,2,8,1,en_curso
292,97,9.0,mejorada,1,3,808427814852703457,2,4,17,14,11,7,0,9,1,perdido
293,97,1.0,mejorada,1,4,808427814852703457,0,0,0,10,0,0,4,1,1,en_curso
293,97,2.0,mejorada,1,4,808427814852703457,0,0,0,6,0,0,2,2,1,en_curso
293,97,3.0,mejorada,1,4,808427814852703457,0,0,4,7,2,7,4,3,1,en_curso
293,97,4.0,mejorada,1,4,808427814852703457,0,0,5,11,3,7,1,4,1,en_curso
293,97,5.0,mejorada,1,4,808427814852703457,0,0,14,13,10,7,1,5,1,en_curso
293,97,6.0,mejorada,1,4,808427814852703457,0,0,14,13,10,7,1,6,1,en_curso
293,97,7.0,mejorada,1,4,808427814852703457,0,1,14,10,10,7,1,7,1,en_curso
293,97,8.0,mejorada,1,4,808427814852703457,1,1,14,8,10,7,1,8,1,en_curso
293,97,9.0,mejorada,1,4,808427814852703457,1,1,17,11,13,7,1,9,1,en_curso
293,97,10.0,mejorada,1,4,808427814852703457,1,1,22,11,15,7,0,10,1,en_curso
293,97,11.0,mejorada,1,4,808427814852703457,1,1,26,7,17,7,3,11,1,perdido
294,98,1.0,mejorada,1,2,1088412337802183605,0,0,0,10,0,0,2,1,1,en_curso
294,98,2.0,mejorada,1,2,1088412337802183605,0,0,4,8,4,0,0,2,1,en_curso
294,98,3.0,mejorada,1,2,1088412337802183605,0,0,4,3,4,2,2,3,1,en_curso
294,98,4.0,mejorada,1,2,1088412337802183605,0,0,4,1,4,4,2,4,1,en_curso
294,98,5.0,mejorada,1,2,1088412337802183605,0,0,4,1,4,5,2,5,1,en_curso
294,98,6.0,mejorada,1,2,1088412337802183605,0,0,4,1,4,5,2,6,1,en_curso
294,98,7.0,mejorada,1,2,1088412337802183605,0,0,4,0,4,5,2,7,1,en_curso
294,98,8.0,mejorada,1,2,1088412337802183605,1,0,4,2,4,6,2,8,1,en_curso
294,98,9.0,mejorada,1,2,1088412337802183605,1,1,4,1,4,7,2,9,1,en_curso
294,98,10.0,mejorada,1,2,1088412337802183605,3,1,4,7,4,8,2,10,1,en_curso
294,98,11.0,mejorada,1,2,1088412337802183605,3,1,4,8,4,8,2,11,1,en_curso
294,98,12.0,mejorada,1,2,1088412337802183605,3,1,6,10,6,8,2,12,1,en_curso
294,98,13.0,mejorada,1,2,1088412337802183605,4,1,6,8,6,8,2,13,1,en_curso
294,98,14.0,mejorada,1,2,1088412337802183605,4,1,12,7,9,8,2,14,1,en_curso
294,98,15.0,mejorada,1,2,1088412337802183605,5,1,12,5,9,8,2,15,1,en_curso
294,98,16.0,mejorada,1,2,1088412337802183605,5,2,12,8,9,8,2,16,1,en_curso
294,98,17.0,mejorada,1,2,1088412337802183605,5,2,16,8,13,8,2,17,1,en_curso
294,98,18.0,mejorada,1,2,1088412337802183605,6,4,21,10,15,8,2,18,1,perdido
295,98,1.0,mejorada,1,3,1088412337802183605,0,0,0,10,0,0,3,1,1,en_curso
295,98,2.0,mejorada,1,3,1088412337802183605,0,0,6,10,4,0,1,2,1,en_curso
295,98,3.0,mejorada,1,3,1088412337802183605,0,0,11,10,8,2,0,3,1,en_curso
295,98,4.0,mejorada,1,3,1088412337802183605,0,0,13,7,8,3,2,4,1,en_curso
295,98,5.0,mejorada,1,3,1088412337802183605,1,0,14,7,8,5,3,5,1,en_curso
295,98,6.0,mejorada,1,3,1088412337802183605,1,1,14,10,8,7,3,6,1,en_curso
295,98,7.0,mejorada,1,3,1088412337802183605,1,1,19,9,12,7,1,7,1,en_curso
295,98,8.0,mejorada,1,3,1088412337802183605,1,1,19,8,12,7,1,8,1,en_curso
295,98,9.0,mejorada,1,3,1088412337802183605,1,1,19,8,12,7,2,9,1,en_curso
295,98,10.0,mejorada,1,3,1088412337802183605,2,1,19,9,12,7,3,10,1,en_curso
295,98,11.0,mejorada,1,3,1088412337802183605,3,1,22,11,15,8,1,11,1,en_curso
295,98,12.0,mejorada,1,3,1088412337802183605,4,1,26,10,17,8,0,12,1,perdido
296,98,1.0,mejorada,1,4,1088412337802183605,0,0,0,10,0,0,4,1,1,en_curso
296,98,2.0,mejorada,1,4,1088412337802183605,0,0,6,10,4,0,1,2,1,en_curso
296,98,3.0,mejorada,1,4,1088412337802183605,0,0,11,10,8,2,0,3,1,en_curso
296,98,4.0,mejorada,1,4,1088412337802183605,0,0,13,7,8,3,2,4,1,en_curso
296,98,5.0,mejorada,1,4,1088412337802183605,1,0,15,7,9,4,4,5,1,en_curso
296,98,6.0,mejorada,1,4,1088412337802183605,1,0,15,5,9,6,4,6,1,en_curso
296,98,7.0,mejorada,1,4,1088412337802183605,1,1,15,9,9,7,4,7,1,en_curso
296,98,8.0,mejorada,1,4,1088412337802183605,1,2,16,13,10,7,4,8,1,en_curso
296,98,9.0,mejorada,1,4,1088412337802183605,1,2,16,13,10,7,3,9,1,en_curso
296,98,10.0,mejorada,1,4,1088412337802183605,4,3,25,22,17,7,2,10,1,perdido
297,99,1.0,mejorada,1,2,8871940021521908407,0,0,0,10,0,0,2,1,1,en_curso
297,99,2.0,mejorada,1,2,8871940021521908407,0,0,0,5,0,0,1,2,1,en_curso
297,99,3.0,mejorada,1,2,8871940021521908407,0,0,3,2,3,5,2,3,1,en_curso
297,99,4.0,mejorada,1,2,8871940021521908407,0,0,5,5,5,6,2,4,1,en_curso
297,99,5.0,mejorada,1,2,8871940021521908407,0,0,5,1,5,6,2,5,1,en_curso
297,99,6.0,mejorada,1,2,8871940021521908407,0,0,5,2,5,6,2,6,1,en_curso
297,99,7.0,mejorada,1,2,8871940021521908407,0,0,5,5,5,7,2,7,1,en_curso
297,99,8.0,mejorada,1,2,8871940021521908407,1,1,7,9,7,7,2,8,1,en_curso
297,99,9.0,mejorada,1,2,8871940021521908407,2,1,7,7,7,7,1,9,1,en_curso
297,99,10.0,mejorada,1,2,8871940021521908407,2,1,8,10,8,7,1,10,1,en_curso
297,99,11.0,mejorada,1,2,8871940021521908407,3,1,11,8,11,7,2,11,1,en_curso
297,99,12.0,mejorada,1,2,8871940021521908407,3,1,11,7,11,7,2,12,1,en_curso
297,99,13.0,mejorada,1,2,8871940021521908407,4,1,11,5,11,7,1,13,1,en_curso
297,99,14.0,mejorada,1,2,8871940021521908407,4,1,11,7,11,7,2,14,1,en_curso
297,99,15.0,mejorada,1,2,8871940021521908407,6,1,11,3,11,7,2,15,1,en_curso
297,99,16.0,mejorada,1,2,8871940021521908407,6,1,14,7,11,7,2,16,1,en_curso
297,99,17.0,mejorada,1,2,8871940021521908407,6,1,14,5,11,7,2,17,1,en_curso
297,99,18.0,mejorada,1,2,8871940021521908407,7,2,14,9,11,8,2,18,1,ganado
298,99,1.0,mejorada,1,3,8871940021521908407,0,0,0,10,0,0,3,1,1,en_curso
298,99,2.0,mejorada,1,3,8871940021521908407,0,0,0,7,0,0,2,2,1,en_curso
298,99,3.0,mejorada,1,3,8871940021521908407,0,0,3,4,3,4,3,3,1,en_curso
298,99,4.0,mejorada,1,3,8871940021521908407,1,0,5,8,5,6,3,4,1,en_curso
298,99,5.0,mejorada,1,3,8871940021521908407,1,0,7,10,6,6,1,5,1,en_curso
298,99,6.0,mejorada,1,3,8871940021521908407,1,0,9,9,7,6,2,6,1,en_curso
298,99,7.0,mejorada,1,3,8871940021521908407,2,1,13,8,10,6,2,7,1,en_curso
298,99,8.0,mejorada,1,3,8871940021521908407,2,2,14,9,10,6,1,8,1,en_curso
298,99,9.0,mejorada,1,3,8871940021521908407,3,2,15,13,11,6,1,9,1,en_curso
298,99,10.0,mejorada,1,3,8871940021521908407,4,3,24,19,15,6,0,10,1,perdido
299,99,1.0,mejorada,1,4,8871940021521908407,0,0,0,10,0,0,4,1,1,en_curso
299,99,2.0,mejorada,1,4,8871940021521908407,0,0,0,6,0,1,2,2,1,en_curso
299,99,3.0,mejorada,1,4,8871940021521908407,0,0,5,6,5,6,4,3,1,en_curso
299,99,4.0,mejorada,1,4,8871940021521908407,1,0,11,15,10,7,2,4,1,en_curso
299,99,5.0,mejorada,1,4,8871940021521908407,1,0,16,16,11,7,0,5,1,en_curso
299,99,6.0,mejorada,1,4,8871940021521908407,1,0,16,12,11,7,0,6,1,en_curso
299,99,7.0,mejorada,1,4,8871940021521908407,1,0,21,12,13,7,0,7,1,en_curso
299,99,8.0,mejorada,1,4,8871940021521908407,1,1,21,9,13,7,1,8,1,en_curso
299,99,9.0,mejorada,1,4,8871940021521908407,1,1,21,8,13,7,3,9,1,en_curso
299,99,10.0,mejorada,1,4,8871940021521908407,2,1,25,17,16,7,1,10,1,perdido
300,100,1.0,mejorada,1,2,8380177735898741051,0,0,0,10,0,0,2,1,1,en_curso
300,100,2.0,mejorada,1,2,8380177735898741051,0,0,0,6,0,1,2,2,1,en_curso
300,100,3.0,mejorada,1,2,8380177735898741051,0,0,0,6,0,5,2,3,1,en_curso
300,100,4.0,mejorada,1,2,8380177735898741051,0,0,0,3,0,5,2,4,1,en_curso
300,100,5.0,mejorada,1,2,8380177735898741051,0,1,0,3,0,6,2,5,1,en_curso
300,100,6.0,mejorada,1,2,8380177735898741051,1,1,0,4,0,7,2,6,1,en_curso
300,100,7.0,mejorada,1,2,8380177735898741051,2,1,0,4,0,7,2,7,1,en_curso
300,100,8.0,mejorada,1,2,8380177735898741051,2,1,0,2,0,7,2,8,1,en_curso
300,100,9.0,mejorada,1,2,8380177735898741051,2,1,0,4,0,7,2,9,1,en_curso
300,100,10.0,mejorada,1,2,8380177735898741051,4,1,0,6,0,7,2,10,1,en_curso
300,100,11.0,mejorada,1,2,8380177735898741051,5,1,0,10,0,8,2,11,1,en_curso
300,100,12.0,mejorada,1,2,8380177735898741051,5,1,2,9,2,8,0,12,1,en_curso
300,100,13.0,mejorada,1,2,8380177735898741051,5,1,5,4,3,8,1,13,1,en_curso
300,100,14.0,mejorada,1,2,8380177735898741051,5,2,5,8,3,8,2,14,1,en_curso
300,100,15.0,mejorada,1,2,8380177735898741051,5,2,5,8,3,8,2,15,1,en_curso
300,100,16.0,mejorada,1,2,8380177735898741051,6,2,8,4,6,8,2,16,1,en_curso
300,100,17.0,mejorada,1,2,8380177735898741051,6,2,8,6,6,8,2,17,1,en_curso
300,100,18.0,mejorada,1,2,8380177735898741051,6,2,8,4,6,8,2,18,1,en_curso
300,100,19.0,mejorada,1,2,8380177735898741051,7,2,8,3,6,8,2,19,1,ganado
301,100,1.0,mejorada,1,3,8380177735898741051,0,0,0,10,0,0,3,1,1,en_curso
301,100,2.0,mejorada,1,3,8380177735898741051,0,0,0,6,0,1,2,2,1,en_curso
301,100,3.0,mejorada,1,3,8380177735898741051,0,0,0,6,0,5,3,3,1,en_curso
301,100,4.0,mejorada,1,3,8380177735898741051,0,0,0,3,0,5,3,4,1,en_curso
301,100,5.0,mejorada,1,3,8380177735898741051,0,1,0,4,0,5,3,5,1,en_curso
301,100,6.0,mejorada,1,3,8380177735898741051,1,1,0,8,0,6,3,6,1,en_curso
301,100,7.0,mejorada,1,3,8380177735898741051,2,1,2,8,2,7,3,7,1,en_curso
301,100,8.0,mejorada,1,3,8380177735898741051,2,1,3,9,3,7,2,8,1,en_curso
301,100,9.0,mejorada,1,3,8380177735898741051,3,1,3,9,3,7,1,9,1,en_curso
301,100,10.0,mejorada,1,3,8380177735898741051,4,1,8,8,6,7,3,10,1,en_curso
301,100,11.0,mejorada,1,3,8380177735898741051,5,1,10,15,8,7,3,11,1,en_curso
301,100,12.0,mejorada,1,3,8380177735898741051,5,2,11,18,8,7,0,12,1,en_curso
301,100,13.0,mejorada,1,3,8380177735898741051,5,2,16,15,11,7,0,13,1,en_curso
301,100,14.0,mejorada,1,3,8380177735898741051,5,3,16,11,11,7,0,14,1,en_curso
301,100,15.0,mejorada,1,3,8380177735898741051,5,4,16,12,11,7,1,15,1,perdido
302,100,1.0,mejorada,1,4,8380177735898741051,0,0,0,10,0,0,4,1,1,en_curso
302,100,2.0,mejorada,1,4,8380177735898741051,0,0,0,7,0,0,3,2,1,en_curso
302,100,3.0,mejorada,1,4,8380177735898741051,0,0,0,8,0,5,4,3,1,en_curso
302,100,4.0,mejorada,1,4,8380177735898741051,0,0,0,7,0,5,2,4,1,en_curso
302,100,5.0,mejorada,1,4,8380177735898741051,0,0,3,6,3,5,4,5,1,en_curso
302,100,6.0,mejorada,1,4,8380177735898741051,1,0,5,9,4,6,4,6,1,en_curso
302,100,7.0,mejorada,1,4,8380177735898741051,1,2,10,13,7,7,3,7,1,en_curso
302,100,8.0,mejorada,1,4,8380177735898741051,1,2,18,23,11,7,2,8,1,en_curso
302,100,9.0,mejorada,1,4,8380177735898741051,3,2,24,30,16,8,0,9,1,perdido
303,101,1.0,mejorada,1,2,6453659211977871293,0,0,0,10,0,0,2,1,1,en_curso
303,101,2.0,mejorada,1,2,6453659211977871293,0,0,3,9,3,0,0,2,1,en_curso
303,101,3.0,mejorada,1,2,6453659211977871293,0,0,8,6,5,2,1,3,1,en_curso
303,101,4.0,mejorada,1,2,6453659211977871293,0,0,11,4,7,5,2,4,1,en_curso
303,101,5.0,mejorada,1,2,6453659211977871293,0,0,11,4,7,6,2,5,1,en_curso
303,101,6.0,mejorada,1,2,6453659211977871293,0,0,11,4,7,7,2,6,1,en_curso
303,101,7.0,mejorada,1,2,6453659211977871293,0,0,11,6,7,7,2,7,1,en_curso
303,101,8.0,mejorada,1,2,6453659211977871293,1,0,11,6,7,7,2,8,1,en_curso
303,101,9.0,mejorada,1,2,6453659211977871293,1,0,14,10,10,7,2,9,1,en_curso
303,101,10.0,mejorada,1,2,6453659211977871293,1,0,18,20,13,7,1,10,1,en_curso
303,101,11.0,mejorada,1,2,6453659211977871293,1,0,21,20,16,7,1,11,1,en_curso
303,101,12.0,mejorada,1,2,6453659211977871293,2,1,24,21,17,7,1,12,1,perdido
304,101,1.0,mejorada,1,3,6453659211977871293,0,0,0,10,0,0,3,1,1,en_curso
304,101,2.0,mejorada,1,3,6453659211977871293,0,0,3,9,3,0,0,2,1,en_curso
304,101,3.0,mejorada,1,3,6453659211977871293,0,0,8,8,5,2,2,3,1,en_curso
304,101,4.0,mejorada,1,3,6453659211977871293,0,0,11,6,6,5,1,4,1,en_curso
304,101,5.0,mejorada,1,3,6453659211977871293,0,0,11,4,6,7,3,5,1,en_curso
304,101,6.0,mejorada,1,3,6453659211977871293,0,1,12,9,7,7,3,6,1,en_curso
304,101,7.0,mejorada,1,3,6453659211977871293,0,1,14,8,9,7,2,7,1,en_curso
304,101,8.0,mejorada,1,3,6453659211977871293,1,1,14,8,9,7,3,8,1,en_curso
304,101,9.0,mejorada,1,3,6453659211977871293,3,1,14,7,9,7,3,9,1,en_curso
304,101,10.0,mejorada,1,3,6453659211977871293,4,1,18,8,12,7,3,10,1,en_curso
304,101,11.0,mejorada,1,3,6453659211977871293,4,2,25,12,15,7,1,11,1,perdido
305,101,1.0,mejorada,1,4,6453659211977871293,0,0,0,10,0,0,4,1,1,en_curso
305,101,2.0,mejorada,1,4,6453659211977871293,0,0,3,9,3,0,0,2,1,en_curso
305,101,3.0,mejorada,1,4,6453659211977871293,0,0,8,8,5,2,2,3,1,en_curso
305,101,4.0,mejorada,1,4,6453659211977871293,0,0,11,8,6,5,2,4,1,en_curso
305,101,5.0,mejorada,1,4,6453659211977871293,0,2,13,12,7,5,1,5,1,en_curso
305,101,6.0,mejorada,1,4,6453659211977871293,0,2,25,12,19,6,1,6,1,perdido
306,102,1.0,mejorada,1,2,2452217567965390843,0,0,0,10,0,0,2,1,1,en_curso
306,102,2.0,mejorada,1,2,2452217567965390843,0,0,0,6,0,0,0,2,1,en_curso
306,102,3.0,mejorada,1,2,2452217567965390843,0,1,0,4,0,3,2,3,1,en_curso
306,102,4.0,mejorada,1,2,2452217567965390843,0,1,0,3,0,4,2,4,1,en_curso
306,102,5.0,mejorada,1,2,2452217567965390843,0,1,0,0,0,4,2,5,1,en_curso
306,102,6.0,mejorada,1,2,2452217567965390843,1,1,0,2,0,4,2,6,1,en_curso
306,102,7.0,mejorada,1,2,2452217567965390843,1,2,0,2,0,6,2,7,1,en_curso
306,102,8.0,mejorada,1,2,2452217567965390843,1,2,0,3,0,6,2,8,1,en_curso
306,102,9.0,mejorada,1,2,2452217567965390843,1,2,0,0,0,6,2,9,1,en_curso
306,102,10.0,mejorada,1,2,2452217567965390843,1,2,0,0,0,6,2,10,1,en_curso
306,102,11.0,mejorada,1,2,2452217567965390843,2,4,0,13,0,6,2,11,1,perdido
307,102,1.0,mejorada,1,3,2452217567965390843,0,0,0,10,0,0,3,1,1,en_curso
307,102,2.0,mejorada,1,3,2452217567965390843,0,0,0,7,0,0,1,2,1,en_curso
307,102,3.0,mejorada,1,3,2452217567965390843,0,0,3,7,3,3,3,3,1,en_curso
307,102,4.0,mejorada,1,3,2452217567965390843,0,0,3,7,3,5,3,4,1,en_curso
307,102,5.0,mejorada,1,3,2452217567965390843,0,1,5,10,5,5,3,5,1,en_curso
307,102,6.0,mejorada,1,3,2452217567965390843,2,3,13,9,9,6,2,6,1,en_curso
307,102,7.0,mejorada,1,3,2452217567965390843,2,3,16,8,11,6,1,7,1,en_curso
307,102,8.0,mejorada,1,3,2452217567965390843,4,3,17,6,11,7,3,8,1,en_curso
307,102,9.0,mejorada,1,3,2452217567965390843,4,3,17,12,11,7,2,9,1,en_curso
307,102,10.0,mejorada,1,3,2452217567965390843,7,3,20,15,13,7,2,10,1,ganado
308,102,1.0,mejorada,1,4,2452217567965390843,0,0,0,10,0,0,4,1,1,en_curso
308,102,2.0,mejorada,1,4,2452217567965390843,0,0,0,7,0,0,1,2,1,en_curso
308,102,3.0,mejorada,1,4,2452217567965390843,0,0,3,7,3,2,4,3,1,en_curso
308,102,4.0,mejorada,1,4,2452217567965390843,0,0,3,8,3,4,2,4,1,en_curso
308,102,5.0,mejorada,1,4,2452217567965390843,0,1,3,11,3,5,3,5,1,en_curso
308,102,6.0,mejorada,1,4,2452217567965390843,0,1,6,14,6,5,2,6,1,en_curso
308,102,7.0,mejorada,1,4,2452217567965390843,0,1,14,15,10,6,2,7,1,en_curso
308,102,8.0,mejorada,1,4,2452217567965390843,2,1,24,18,15,6,1,8,1,perdido
309,103,1.0,mejorada,1,2,8939074297609209164,0,0,0,10,0,0,2,1,1,en_curso
309,103,2.0,mejorada,1,2,8939074297609209164,0,0,0,5,0,0,1,2,1,en_curso
309,103,3.0,mejorada,1,2,8939074297609209164,0,0,0,4,0,3,2,3,1,en_curso
309,103,4.0,mejorada,1,2,8939074297609209164,0,0,0,2,0,6,2,4,1,en_curso
309,103,5.0,mejorada,1,2,8939074297609209164,0,0,3,2,3,7,2,5,1,en_curso
309,103,6.0,mejorada,1,2,8939074297609209164,0,0,3,4,3,7,2,6,1,en_curso
309,103,7.0,mejorada,1,2,8939074297609209164,2,0,3,9,3,7,2,7,1,en_curso
309,103,8.0,mejorada,1,2,8939074297609209164,2,0,3,9,3,7,1,8,1,en_curso
309,103,9.0,mejorada,1,2,8939074297609209164,2,0,5,8,5,7,2,9,1,en_curso
309,103,10.0,mejorada,1,2,8939074297609209164,4,0,5,4,5,7,2,10,1,en_curso
309,103,11.0,mejorada,1,2,8939074297609209164,4,0,6,8,5,7,2,11,1,en_curso
309,103,12.0,mejorada,1,2,8939074297609209164,4,0,6,8,5,7,2,12,1,en_curso
309,103,13.0,mejorada,1,2,8939074297609209164,4,0,9,5,8,7,2,13,1,en_curso
309,103,14.0,mejorada,1,2,8939074297609209164,4,0,9,7,8,7,2,14,1,en_curso
309,103,15.0,mejorada,1,2,8939074297609209164,4,0,12,7,11,7,2,15,1,en_curso
309,103,16.0,mejorada,1,2,8939074297609209164,4,1,12,11,11,7,2,16,1,en_curso
309,103,17.0,mejorada,1,2,8939074297609209164,7,1,15,16,14,7,1,17,1,ganado
310,103,1.0,mejorada,1,3,8939074297609209164,0,0,0,10,0,0,3,1,1,en_curso
310,103,2.0,mejorada,1,3,8939074297609209164,0,0,0,9,0,0,2,2,1,en_curso
310,103,3.0,mejorada,1,3,8939074297609209164,0,0,2,10,2,2,1,3,1,en_curso
310,103,4.0,mejorada,1,3,8939074297609209164,0,0,7,8,7,3,1,4,1,en_curso
310,103,5.0,mejorada,1,3,8939074297609209164,0,1,9,8,7,5,3,5,1,en_curso
310,103,6.0,mejorada,1,3,8939074297609209164,0,1,12,10,9,6,1,6,1,en_curso
310,103,7.0,mejorada,1,3,8939074297609209164,0,1,12,7,9,6,1,7,1,en_curso
310,103,8.0,mejorada,1,3,8939074297609209164,1,1,12,7,9,7,2,8,1,en_curso
310,103,9.0,mejorada,1,3,8939074297609209164,1,1,15,7,12,7,3,9,1,en_curso
310,103,10.0,mejorada,1,3,8939074297609209164,1,1,15,7,12,7,3,10,1,en_curso
310,103,11.0,mejorada,1,3,8939074297609209164,1,1,15,5,12,7,3,11,1,en_curso
310,103,12.0,mejorada,1,3,8939074297609209164,3,1,15,4,12,7,3,12,1,en_curso
310,103,13.0,mejorada,1,3,8939074297609209164,3,2,21,9,15,7,3,13,1,en_curso
310,103,14.0,mejorada,1,3,8939074297609209164,4,2,23,11,15,7,1,14,1,en_curso
310,103,15.0,mejorada,1,3,8939074297609209164,4,2,26,16,17,7,0,15,1,perdido
311,103,1.0,mejorada,1,4,8939074297609209164,0,0,0,10,0,0,4,1,1,en_curso
311,103,2.0,mejorada,1,4,8939074297609209164,0,0,0,9,0,0,2,2,1,en_curso
311,103,3.0,mejorada,1,4,8939074297609209164,0,0,2,10,2,2,1,3,1,en_curso
311,103,4.0,mejorada,1,4,8939074297609209164,0,0,7,8,7,3,1,4,1,en_curso
311,103,5.0,mejorada,1,4,8939074297609209164,1,0,7,5,7,4,4,5,1,en_curso
311,103,6.0,mejorada,1,4,8939074297609209164,2,1,9,12,9,7,3,6,1,en_curso
311,103,7.0,mejorada,1,4,8939074297609209164,2,1,9,8,9,7,2,7,1,en_curso
311,103,8.0,mejorada,1,4,8939074297609209164,2,1,9,9,9,7,4,8,1,en_curso
311,103,9.0,mejorada,1,4,8939074297609209164,5,1,11,10,11,7,4,9,1,en_curso
311,103,10.0,mejorada,1,4,8939074297609209164,6,1,13,14,12,7,1,10,1,en_curso
311,103,11.0,mejorada,1,4,8939074297609209164,6,1,16,15,12,7,0,11,1,en_curso
311,103,12.0,mejorada,1,4,8939074297609209164,6,2,24,10,18,7,0,12,1,perdido
312,104,1.0,mejorada,1,2,7182709311313489600,0,0,0,10,0,0,2,1,1,en_curso
312,104,2.0,mejorada,1,2,7182709311313489600,0,0,4,8,2,1,0,2,1,en_curso
312,104,3.0,mejorada,1,2,7182709311313489600,0,0,4,9,2,3,2,3,1,en_curso
312,104,4.0,mejorada,1,2,7182709311313489600,0,0,7,9,5,5,1,4,1,en_curso
312,104,5.0,mejorada,1,2,7182709311313489600,0,0,13,7,9,5,1,5,1,en_curso
312,104,6.0,mejorada,1,2,7182709311313489600,0,0,13,7,9,6,2,6,1,en_curso
312,104,7.0,mejorada,1,2,7182709311313489600,1,1,13,7,9,6,2,7,1,en_curso
312,104,8.0,mejorada,1,2,7182709311313489600,1,4,16,9,12,7,1,8,1,perdido
313,104,1.0,mejorada,1,3,7182709311313489600,0,0,0,10,0,0,3,1,1,en_curso
313,104,2.0,mejorada,1,3,7182709311313489600,0,0,4,8,2,1,0,2,1,en_curso
313,104,3.0,mejorada,1,3,7182709311313489600,0,0,4,11,2,3,3,3,1,en_curso
313,104,4.0,mejorada,1,3,7182709311313489600,0,0,11,10,9,3,0,4,1,en_curso
313,104,5.0,mejorada,1,3,7182709311313489600,0,0,11,10,9,6,0,5,1,en_curso
313,104,6.0,mejorada,1,3,7182709311313489600,0,0,11,8,9,7,1,6,1,en_curso
313,104,7.0,mejorada,1,3,7182709311313489600,0,1,13,8,11,8,3,7,1,en_curso
313,104,8.0,mejorada,1,3,7182709311313489600,3,1,13,6,11,8,3,8,1,en_curso
313,104,9.0,mejorada,1,3,7182709311313489600,3,1,16,12,12,8,1,9,1,en_curso
313,104,10.0,mejorada,1,3,7182709311313489600,3,1,16,11,12,8,1,10,1,en_curso
313,104,11.0,mejorada,1,3,7182709311313489600,3,1,18,12,14,8,1,11,1,en_curso
313,104,12.0,mejorada,1,3,7182709311313489600,5,1,25,11,18,8,1,12,1,perdido
314,104,1.0,mejorada,1,4,7182709311313489600,0,0,0,10,0,0,4,1,1,en_curso
314,104,2.0,mejorada,1,4,7182709311313489600,0,0,4,10,2,1,1,2,1,en_curso
314,104,3.0,mejorada,1,4,7182709311313489600,0,0,4,11,2,3,3,3,1,en_curso
314,104,4.0,mejorada,1,4,7182709311313489600,0,1,8,11,6,4,0,4,1,en_curso
314,104,5.0,mejorada,1,4,7182709311313489600,0,1,13,9,11,6,0,5,1,en_curso
314,104,6.0,mejorada,1,4,7182709311313489600,0,1,13,12,11,8,3,6,1,en_curso
314,104,7.0,mejorada,1,4,7182709311313489600,0,1,18,11,15,8,0,7,1,en_curso
314,104,8.0,mejorada,1,4,7182709311313489600,0,1,18,9,15,8,0,8,1,en_curso
314,104,9.0,mejorada,1,4,7182709311313489600,0,2,25,11,19,8,1,9,1,perdido
315,105,1.0,mejorada,1,2,6612144924184611097,0,0,0,10,0,0,2,1,1,en_curso
315,105,2.0,mejorada,1,2,6612144924184611097,0,0,0,6,0,1,2,2,1,en_curso
315,105,3.0,mejorada,1,2,6612144924184611097,0,0,5,5,5,5,2,3,1,en_curso
315,105,4.0,mejorada,1,2,6612144924184611097,1,0,5,0,5,6,2,4,1,en_curso
315,105,5.0,mejorada,1,2,6612144924184611097,1,0,5,1,5,6,2,5,1,en_curso
315,105,6.0,mejorada,1,2,6612144924184611097,1,1,5,3,5,7,2,6,1,en_curso
315,105,7.0,mejorada,1,2,6612144924184611097,3,1,5,3,5,7,2,7,1,en_curso
315,105,8.0,mejorada,1,2,6612144924184611097,3,1,5,2,5,7,2,8,1,en_curso
315,105,9.0,mejorada,1,2,6612144924184611097,3,1,5,2,5,7,2,9,1,en_curso
315,105,10.0,mejorada,1,2,6612144924184611097,3,1,5,2,5,7,2,10,1,en_curso
315,105,11.0,mejorada,1,2,6612144924184611097,4,1,5,1,5,7,2,11,1,en_curso
315,105,12.0,mejorada,1,2,6612144924184611097,4,1,5,0,5,7,2,12,1,en_curso
315,105,13.0,mejorada,1,2,6612144924184611097,4,1,5,0,5,7,2,13,1,en_curso
315,105,14.0,mejorada,1,2,6612144924184611097,5,1,5,5,5,8,2,14,1,en_curso
315,105,15.0,mejorada,1,2,6612144924184611097,6,1,5,5,5,8,2,15,1,en_curso
315,105,16.0,mejorada,1,2,6612144924184611097,6,1,7,6,7,8,2,16,1,en_curso
315,105,17.0,mejorada,1,2,6612144924184611097,7,2,9,9,9,8,2,17,1,ganado
316,105,1.0,mejorada,1,3,6612144924184611097,0,0,0,10,0,0,3,1,1,en_curso
316,105,2.0,mejorada,1,3,6612144924184611097,0,0,0,6,0,1,2,2,1,en_curso
316,105,3.0,mejorada,1,3,6612144924184611097,0,0,5,5,5,5,3,3,1,en_curso
316,105,4.0,mejorada,1,3,6612144924184611097,1,0,5,1,5,6,3,4,1,en_curso
316,105,5.0,mejorada,1,3,6612144924184611097,1,0,5,0,5,6,3,5,1,en_curso
316,105,6.0,mejorada,1,3,6612144924184611097,2,0,5,1,5,6,3,6,1,en_curso
316,105,7.0,mejorada,1,3,6612144924184611097,3,1,5,1,5,7,3,7,1,en_curso
316,105,8.0,mejorada,1,3,6612144924184611097,4,1,8,2,8,8,3,8,1,en_curso
316,105,9.0,mejorada,1,3,6612144924184611097,4,1,8,4,8,8,3,9,1,en_curso
316,105,10.0,mejorada,1,3,6612144924184611097,5,1,8,3,8,8,3,10,1,en_curso
316,105,11.0,mejorada,1,3,6612144924184611097,7,1,8,6,8,8,3,11,1,ganado
317,105,1.0,mejorada,1,4,6612144924184611097,0,0,0,10,0,0,4,1,1,en_curso
317,105,2.0,mejorada,1,4,6612144924184611097,0,0,0,6,0,1,2,2,1,en_curso
317,105,3.0,mejorada,1,4,6612144924184611097,0,0,5,6,5,5,4,3,1,en_curso
317,105,4.0,mejorada,1,4,6612144924184611097,1,0,8,9,6,7,4,4,1,en_curso
317,105,5.0,mejorada,1,4,6612144924184611097,1,0,11,12,8,7,2,5,1,en_curso
317,105,6.0,mejorada,1,4,6612144924184611097,1,0,16,10,10,7,0,6,1,en_curso
317,105,7.0,mejorada,1,4,6612144924184611097,1,0,24,11,13,7,0,7,1,perdido
318,106,1.0,mejorada,1,2,4144628313312078530,0,0,0,10,0,0,2,1,1,en_curso
318,106,2.0,mejorada,1,2,4144628313312078530,0,0,6,11,4,0,0,2,1,en_curso
318,106,3.0,mejorada,1,2,4144628313312078530,0,0,8,6,6,2,1,3,1,en_curso
318,106,4.0,mejorada,1,2,4144628313312078530,0,0,11,6,9,4,2,4,1,en_curso
318,106,5.0,mejorada,1,2,4144628313312078530,0,0,14,5,10,5,2,5,1,en_curso
318,106,6.0,mejorada,1,2,4144628313312078530,0,0,14,2,10,5,2,6,1,en_curso
318,106,7.0,mejorada,1,2,4144628313312078530,0,3,17,8,13,5,2,7,1,en_curso
318,106,8.0,mejorada,1,2,4144628313312078530,1,3,17,8,13,5,2,8,1,en_curso
318,106,9.0,mejorada,1,2,4144628313312078530,4,3,19,8,15,6,2,9,1,en_curso
318,106,10.0,mejorada,1,2,4144628313312078530,5,4,22,6,16,6,2,10,1,perdido
319,106,1.0,mejorada,1,3,4144628313312078530,0,0,0,10,0,0,3,1,1,en_curso
319,106,2.0,mejorada,1,3,4144628313312078530,0,0,6,11,4,0,0,2,1,en_curso
319,106,3.0,mejorada,1,3,4144628313312078530,0,0,8,7,6,2,2,3,1,en_curso
319,106,4.0,mejorada,1,3,4144628313312078530,0,0,11,8,9,4,3,4,1,en_curso
319,106,5.0,mejorada,1,3,4144628313312078530,0,0,14,9,10,4,3,5,1,en_curso
319,106,6.0,mejorada,1,3,4144628313312078530,0,0,19,7,14,5,3,6,1,en_curso
319,106,7.0,mejorada,1,3,4144628313312078530,2,1,24,12,17,7,2,7,1,perdido
320,106,1.0,mejorada,1,4,4144628313312078530,0,0,0,10,0,0,4,1,1,en_curso
320,106,2.0,mejorada,1,4,4144628313312078530,0,0,6,11,4,0,0,2,1,en_curso
320,106,3.0,mejorada,1,4,4144628313312078530,0,0,8,7,6,2,2,3,1,en_curso
320,106,4.0,mejorada,1,4,4144628313312078530,0,0,11,9,9,5,4,4,1,en_curso
320,106,5.0,mejorada,1,4,4144628313312078530,0,0,14,14,10,5,1,5,1,en_curso
320,106,6.0,mejorada,1,4,4144628313312078530,0,0,18,13,13,7,1,6,1,en_curso
320,106,7.0,mejorada,1,4,4144628313312078530,0,0,20,11,14,7,1,7,1,en_curso
320,106,8.0,mejorada,1,4,4144628313312078530,0,0,25,10,16,7,2,8,1,perdido
321,107,1.0,mejorada,1,2,2510985208792310179,0,0,0,10,0,0,2,1,1,en_curso
321,107,2.0,mejorada,1,2,2510985208792310179,0,0,5,7,5,2,1,2,1,en_curso
321,107,3.0,mejorada,1,2,2510985208792310179,0,0,5,5,5,3,2,3,1,en_curso
321,107,4.0,mejorada,1,2,2510985208792310179,0,1,5,3,5,4,2,4,1,en_curso
321,107,5.0,mejorada,1,2,2510985208792310179,1,1,8,2,7,5,2,5,1,en_curso
321,107,6.0,mejorada,1,2,2510985208792310179,2,1,8,4,7,6,2,6,1,en_curso
321,107,7.0,mejorada,1,2,2510985208792310179,3,2,8,8,7,6,2,7,1,en_curso
321,107,8.0,mejorada,1,2,2510985208792310179,3,2,10,7,7,7,1,8,1,en_curso
321,107,9.0,mejorada,1,2,2510985208792310179,4,2,10,5,7,7,2,9,1,en_curso
321,107,10.0,mejorada,1,2,2510985208792310179,4,2,10,5,7,7,2,10,1,en_curso
321,107,11.0,mejorada,1,2,2510985208792310179,5,2,13,12,10,7,2,11,1,en_curso
321,107,12.0,mejorada,1,2,2510985208792310179,5,2,15,8,12,7,2,12,1,en_curso
321,107,13.0,mejorada,1,2,2510985208792310179,5,2,18,7,14,7,2,13,1,en_curso
321,107,14.0,mejorada,1,2,2510985208792310179,5,2,21,19,16,7,2,14,1,en_curso
321,107,15.0,mejorada,1,2,2510985208792310179,6,2,24,16,18,7,0,15,1,perdido
322,107,1.0,mejorada,1,3,2510985208792310179,0,0,0,10,0,0,3,1,1,en_curso
322,107,2.0,mejorada,1,3,2510985208792310179,0,0,5,7,5,2,1,2,1,en_curso
322,107,3.0,mejorada,1,3,2510985208792310179,0,0,5,5,5,3,3,3,1,en_curso
322,107,4.0,mejorada,1,3,2510985208792310179,0,1,5,4,5,5,3,4,1,en_curso
322,107,5.0,mejorada,1,3,2510985208792310179,1,1,8,2,7,6,3,5,1,en_curso
322,107,6.0,mejorada,1,3,2510985208792310179,3,1,8,4,7,7,3,6,1,en_curso
322,107,7.0,mejorada,1,3,2510985208792310179,3,1,8,10,7,7,2,7,1,en_curso
322,107,8.0,mejorada,1,3,2510985208792310179,3,1,9,11,7,7,1,8,1,en_curso
322,107,9.0,mejorada,1,3,2510985208792310179,4,1,14,16,10,7,1,9,1,en_curso
322,107,10.0,mejorada,1,3,2510985208792310179,4,1,19,19,14,7,0,10,1,en_curso
322,107,11.0,mejorada,1,3,2510985208792310179,4,2,25,14,18,7,0,11,1,perdido
323,107,1.0,mejorada,1,4,2510985208792310179,0,0,0,10,0,0,4,1,1,en_curso
323,107,2.0,mejorada,1,4,2510985208792310179,0,0,5,8,5,2,1,2,1,en_curso
323,107,3.0,mejorada,1,4,2510985208792310179,0,0,5,7,5,4,4,3,1,en_curso
323,107,4.0,mejorada,1,4,2510985208792310179,0,0,5,7,5,7,4,4,1,en_curso
323,107,5.0,mejorada,1,4,2510985208792310179,0,0,5,5,5,7,4,5,1,en_curso
323,107,6.0,mejorada,1,4,2510985208792310179,3,0,5,7,5,7,4,6,1,en_curso
323,107,7.0,mejorada,1,4,2510985208792310179,3,1,7,12,7,7,3,7,1,en_curso
323,107,8.0,mejorada,1,4,2510985208792310179,4,1,7,10,7,8,2,8,1,en_curso
323,107,9.0,mejorada,1,4,2510985208792310179,5,1,10,11,8,8,3,9,1,en_curso
323,107,10.0,mejorada,1,4,2510985208792310179,5,1,12,10,10,8,0,10,1,en_curso
323,107,11.0,mejorada,1,4,2510985208792310179,5,1,15,13,12,8,0,11,1,en_curso
323,107,12.0,mejorada,1,4,2510985208792310179,5,1,18,11,14,8,0,12,1,en_curso
323,107,13.0,mejorada,1,4,2510985208792310179,5,1,19,10,15,8,0,13,1,en_curso
323,107,14.0,mejorada,1,4,2510985208792310179,5,2,20,8,15,8,0,14,1,en_curso
323,107,15.0,mejorada,1,4,2510985208792310179,5,4,21,7,15,8,1,15,1,perdido
324,108,1.0,mejorada,1,2,889049704932113065,0,0,0,10,0,0,2,1,1,en_curso
324,108,2.0,mejorada,1,2,889049704932113065,0,0,2,7,2,0,0,2,1,en_curso
324,108,3.0,mejorada,1,2,889049704932113065,0,0,7,5,7,3,2,3,1,en_curso
324,108,4.0,mejorada,1,2,889049704932113065,0,0,12,5,9,5,2,4,1,en_curso
324,108,5.0,mejorada,1,2,889049704932113065,0,0,12,2,9,7,2,5,1,en_curso
324,108,6.0,mejorada,1,2,889049704932113065,0,0,12,0,9,7,2,6,1,en_curso
324,108,7.0,mejorada,1,2,889049704932113065,0,0,12,0,9,7,2,7,1,en_curso
324,108,8.0,mejorada,1,2,889049704932113065,1,0,12,0,9,7,2,8,1,en_curso
324,108,9.0,mejorada,1,2,889049704932113065,1,0,14,5,11,7,2,9,1,en_curso
324,108,10.0,mejorada,1,2,889049704932113065,3,0,14,2,11,7,2,10,1,en_curso
324,108,11.0,mejorada,1,2,889049704932113065,3,0,14,2,11,8,2,11,1,en_curso
324,108,12.0,mejorada,1,2,889049704932113065,3,1,14,8,11,8,2,12,1,en_curso
324,108,13.0,mejorada,1,2,889049704932113065,3,1,14,11,11,8,2,13,1,en_curso
324,108,14.0,mejorada,1,2,889049704932113065,4,1,17,8,14,8,1,14,1,en_curso
324,108,15.0,mejorada,1,2,889049704932113065,5,1,17,6,14,8,2,15,1,en_curso
324,108,16.0,mejorada,1,2,889049704932113065,6,2,19,7,15,8,2,16,1,en_curso
324,108,17.0,mejorada,1,2,889049704932113065,7,2,19,2,15,8,2,17,1,ganado
325,108,1.0,mejorada,1,3,889049704932113065,0,0,0,10,0,0,3,1,1,en_curso
325,108,2.0,mejorada,1,3,889049704932113065,0,0,2,7,2,0,0,2,1,en_curso
325,108,3.0,mejorada,1,3,889049704932113065,1,1,5,4,5,2,3,3,1,en_curso
325,108,4.0,mejorada,1,3,889049704932113065,2,1,8,4,8,5,3,4,1,en_curso
325,108,5.0,mejorada,1,3,889049704932113065,2,1,11,5,9,5,3,5,1,en_curso
325,108,6.0,mejorada,1,3,889049704932113065,2,1,11,4,9,6,3,6,1,en_curso
325,108,7.0,mejorada,1,3,889049704932113065,3,1,11,1,9,6,3,7,1,en_curso
325,108,8.0,mejorada,1,3,889049704932113065,3,1,11,5,9,6,3,8,1,en_curso
325,108,9.0,mejorada,1,3,889049704932113065,4,1,11,6,9,6,3,9,1,en_curso
325,108,10.0,mejorada,1,3,889049704932113065,5,1,14,8,9,6,3,10,1,en_curso
325,108,11.0,mejorada,1,3,889049704932113065,5,1,17,9,11,7,1,11,1,en_curso
325,108,12.0,mejorada,1,3,889049704932113065,6,1,19,13,12,7,1,12,1,en_curso
325,108,13.0,mejorada,1,3,889049704932113065,6,2,19,11,12,8,0,13,1,en_curso
325,108,14.0,mejorada,1,3,889049704932113065,6,3,25,10,16,8,0,14,1,perdido
326,108,1.0,mejorada,1,4,889049704932113065,0,0,0,10,0,0,4,1,1,en_curso
326,108,2.0,mejorada,1,4,889049704932113065,0,0,2,8,2,0,1,2,1,en_curso
326,108,3.0,mejorada,1,4,889049704932113065,1,0,9,9,8,2,3,3,1,en_curso
326,108,4.0,mejorada,1,4,889049704932113065,1,0,9,9,8,5,3,4,1,en_curso
326,108,5.0,mejorada,1,4,889049704932113065,1,0,12,13,10,7,1,5,1,en_curso
326,108,6.0,mejorada,1,4,889049704932113065,2,0,15,17,13,7,1,6,1,en_curso
326,108,7.0,mejorada,1,4,889049704932113065,2,0,18,17,15,7,0,7,1,en_curso
326,108,8.0,mejorada,1,4,889049704932113065,2,1,25,26,18,8,0,8,1,perdido
327,109,1.0,mejorada,1,2,8325037704680575679,0,0,0,10,0,0,2,1,1,en_curso
327,109,2.0,mejorada,1,2,8325037704680575679,0,0,0,8,0,1,2,2,1,en_curso
327,109,3.0,mejorada,1,2,8325037704680575679,0,0,0,5,0,2,2,3,1,en_curso
327,109,4.0,mejorada,1,2,8325037704680575679,1,0,0,3,0,2,2,4,1,en_curso
327,109,5.0,mejorada,1,2,8325037704680575679,1,0,0,2,0,4,2,5,1,en_curso
327,109,6.0,mejorada,1,2,8325037704680575679,1,1,0,3,0,6,2,6,1,en_curso
327,109,7.0,mejorada,1,2,8325037704680575679,1,1,2,6,2,6,2,7,1,en_curso
327,109,8.0,mejorada,1,2,8325037704680575679,3,1,2,2,2,6,2,8,1,en_curso
327,109,9.0,mejorada,1,2,8325037704680575679,3,1,2,4,2,6,2,9,1,en_curso
327,109,10.0,mejorada,1,2,8325037704680575679,3,2,2,6,2,6,2,10,1,en_curso
327,109,11.0,mejorada,1,2,8325037704680575679,3,5,2,8,2,6,2,11,1,perdido
328,109,1.0,mejorada,1,3,8325037704680575679,0,0,0,10,0,0,3,1,1,en_curso
328,109,2.0,mejorada,1,3,8325037704680575679,0,0,0,8,0,1,2,2,1,en_curso
328,109,3.0,mejorada,1,3,8325037704680575679,0,0,6,7,6,4,3,3,1,en_curso
328,109,4.0,mejorada,1,3,8325037704680575679,0,0,6,7,6,5,3,4,1,en_curso
328,109,5.0,mejorada,1,3,8325037704680575679,0,0,8,8,8,5,3,5,1,en_curso
328,109,6.0,mejorada,1,3,8325037704680575679,1,0,10,9,10,5,3,6,1,en_curso
328,109,7.0,mejorada,1,3,8325037704680575679,2,0,14,10,12,6,2,7,1,en_curso
328,109,8.0,mejorada,1,3,8325037704680575679,2,0,14,9,12,6,1,8,1,en_curso
328,109,9.0,mejorada,1,3,8325037704680575679,3,0,14,8,12,6,2,9,1,en_curso
328,109,10.0,mejorada,1,3,8325037704680575679,3,1,14,10,12,6,1,10,1,en_curso
328,109,11.0,mejorada,1,3,8325037704680575679,3,1,14,10,12,6,1,11,1,en_curso
328,109,12.0,mejorada,1,3,8325037704680575679,3,4,19,16,17,6,1,12,1,perdido
329,109,1.0,mejorada,1,4,8325037704680575679,0,0,0,10,0,0,4,1,1,en_curso
329,109,2.0,mejorada,1,4,8325037704680575679,0,0,0,8,0,1,2,2,1,en_curso
329,109,3.0,mejorada,1,4,8325037704680575679,0,0,6,8,6,4,4,3,1,en_curso
329,109,4.0,mejorada,1,4,8325037704680575679,0,0,6,6,6,5,3,4,1,en_curso
329,109,5.0,mejorada,1,4,8325037704680575679,0,0,11,9,9,5,1,5,1,en_curso
329,109,6.0,mejorada,1,4,8325037704680575679,0,0,16,12,13,6,1,6,1,en_curso
329,109,7.0,mejorada,1,4,8325037704680575679,0,1,17,11,13,6,1,7,1,en_curso
329,109,8.0,mejorada,1,4,8325037704680575679,1,1,17,12,13,7,1,8,1,en_curso
329,109,9.0,mejorada,1,4,8325037704680575679,1,2,24,24,18,7,0,9,1,perdido
330,110,1.0,mejorada,1,2,4203794286712746030,0,0,0,10,0,0,2,1,1,en_curso
330,110,2.0,mejorada,1,2,4203794286712746030,0,0,0,5,0,0,1,2,1,en_curso
330,110,3.0,mejorada,1,2,4203794286712746030,0,0,0,1,0,4,2,3,1,en_curso
330,110,4.0,mejorada,1,2,4203794286712746030,0,0,0,1,0,5,2,4,1,en_curso
330,110,5.0,mejorada,1,2,4203794286712746030,0,0,0,4,0,5,2,5,1,en_curso
330,110,6.0,mejorada,1,2,4203794286712746030,0,0,0,1,0,5,2,6,1,en_curso
330,110,7.0,mejorada,1,2,4203794286712746030,1,0,0,2,0,5,2,7,1,en_curso
330,110,8.0,mejorada,1,2,4203794286712746030,1,0,3,6,3,5,2,8,1,en_curso
330,110,9.0,mejorada,1,2,4203794286712746030,1,0,6,7,6,5,2,9,1,en_curso
330,110,10.0,mejorada,1,2,4203794286712746030,2,2,6,12,6,6,1,10,1,en_curso
330,110,11.0,mejorada,1,2,4203794286712746030,2,2,6,10,6,6,0,11,1,en_curso
330,110,12.0,mejorada,1,2,4203794286712746030,2,2,12,14,10,6,0,12,1,en_curso
330,110,13.0,mejorada,1,2,4203794286712746030,2,3,17,13,14,6,0,13,1,en_curso
330,110,14.0,mejorada,1,2,4203794286712746030,2,3,17,12,14,6,0,14,1,en_curso
330,110,15.0,mejorada,1,2,4203794286712746030,2,3,21,13,18,6,0,15,1,en_curso
330,110,16.0,mejorada,1,2,4203794286712746030,2,3,25,7,22,6,2,16,1,perdido
331,110,1.0,mejorada,1,3,4203794286712746030,0,0,0,10,0,0,3,1,1,en_curso
331,110,2.0,mejorada,1,3,4203794286712746030,0,0,0,5,0,0,1,2,1,en_curso
331,110,3.0,mejorada,1,3,4203794286712746030,0,0,0,1,0,4,3,3,1,en_curso
331,110,4.0,mejorada,1,3,4203794286712746030,0,0,0,2,0,5,3,4,1,en_curso
331,110,5.0,mejorada,1,3,4203794286712746030,0,0,3,7,3,5,3,5,1,en_curso
331,110,6.0,mejorada,1,3,4203794286712746030,0,0,3,6,3,5,3,6,1,en_curso
331,110,7.0,mejorada,1,3,4203794286712746030,1,2,3,11,3,5,3,7,1,en_curso
331,110,8.0,mejorada,1,3,4203794286712746030,2,4,8,16,7,5,1,8,1,perdido
332,110,1.0,mejorada,1,4,4203794286712746030,0,0,0,10,0,0,4,1,1,en_curso
332,110,2.0,mejorada,1,4,4203794286712746030,0,0,0,6,0,0,2,2,1,en_curso
332,110,3.0,mejorada,1,4,4203794286712746030,0,0,1,10,1,1,4,3,1,en_curso
332,110,4.0,mejorada,1,4,4203794286712746030,0,0,2,7,1,5,1,4,1,en_curso
332,110,5.0,mejorada,1,4,4203794286712746030,0,1,4,12,3,6,4,5,1,en_curso
332,110,6.0,mejorada,1,4,4203794286712746030,0,1,4,10,3,6,0,6,1,en_curso
332,110,7.0,mejorada,1,4,4203794286712746030,0,1,7,10,5,7,0,7,1,en_curso
332,110,8.0,mejorada,1,4,4203794286712746030,0,1,13,13,10,8,0,8,1,en_curso
332,110,9.0,mejorada,1,4,4203794286712746030,0,1,13,10,10,8,0,9,1,en_curso
332,110,10.0,mejorada,1,4,4203794286712746030,0,1,15,9,11,8,1,10,1,en_curso
332,110,11.0,mejorada,1,4,4203794286712746030,0,2,24,12,17,8,0,11,1,perdido
333,111,1.0,mejorada,1,2,1866472600136169721,0,0,0,10,0,0,2,1,1,en_curso
333,111,2.0,mejorada,1,2,1866472600136169721,0,0,2,7,2,0,2,2,1,en_curso
333,111,3.0,mejorada,1,2,1866472600136169721,0,0,5,5,4,3,2,3,1,en_curso
333,111,4.0,mejorada,1,2,1866472600136169721,0,0,5,3,4,4,2,4,1,en_curso
333,111,5.0,mejorada,1,2,1866472600136169721,2,0,5,4,4,4,2,5,1,en_curso
333,111,6.0,mejorada,1,2,1866472600136169721,2,1,10,10,7,5,2,6,1,en_curso
333,111,7.0,mejorada,1,2,1866472600136169721,2,1,15,12,12,5,2,7,1,en_curso
333,111,8.0,mejorada,1,2,1866472600136169721,4,2,18,10,12,5,2,8,1,en_curso
333,111,9.0,mejorada,1,2,1866472600136169721,4,3,18,9,12,6,1,9,1,en_curso
333,111,10.0,mejorada,1,2,1866472600136169721,4,3,18,8,12,6,1,10,1,en_curso
333,111,11.0,mejorada,1,2,1866472600136169721,4,3,25,7,17,7,2,11,1,perdido
334,111,1.0,mejorada,1,3,1866472600136169721,0,0,0,10,0,0,3,1,1,en_curso
334,111,2.0,mejorada,1,3,1866472600136169721,0,0,2,7,2,0,2,2,1,en_curso
334,111,3.0,mejorada,1,3,1866472600136169721,0,1,4,10,4,2,2,3,1,en_curso
334,111,4.0,mejorada,1,3,1866472600136169721,1,1,5,10,5,3,1,4,1,en_curso
334,111,5.0,mejorada,1,3,1866472600136169721,1,1,5,10,5,4,2,5,1,en_curso
334,111,6.0,mejorada,1,3,1866472600136169721,1,1,10,13,8,5,1,6,1,en_curso
334,111,7.0,mejorada,1,3,1866472600136169721,1,2,16,14,10,5,1,7,1,en_curso
334,111,8.0,mejorada,1,3,1866472600136169721,1,4,19,12,13,6,1,8,1,perdido
335,111,1.0,mejorada,1,4,1866472600136169721,0,0,0,10,0,0,4,1,1,en_curso
335,111,2.0,mejorada,1,4,1866472600136169721,0,0,2,8,2,0,3,2,1,en_curso
335,111,3.0,mejorada,1,4,1866472600136169721,0,0,5,8,4,5,4,3,1,en_curso
335,111,4.0,mejorada,1,4,1866472600136169721,0,0,5,9,4,7,4,4,1,en_curso
335,111,5.0,mejorada,1,4,1866472600136169721,0,4,10,18,8,7,1,5,1,perdido
336,112,1.0,mejorada,1,2,2821951771681615127,0,0,0,10,0,0,2,1,1,en_curso
336,112,2.0,mejorada,1,2,2821951771681615127,0,0,0,8,0,0,2,2,1,en_curso
336,112,3.0,mejorada,1,2,2821951771681615127,0,1,7,10,5,5,1,3,1,en_curso
336,112,4.0,mejorada,1,2,2821951771681615127,0,1,10,13,6,5,0,4,1,en_curso
336,112,5.0,mejorada,1,2,2821951771681615127,0,1,11,9,7,7,0,5,1,en_curso
336,112,6.0,mejorada,1,2,2821951771681615127,0,1,11,7,7,7,2,6,1,en_curso
336,112,7.0,mejorada,1,2,2821951771681615127,0,1,17,9,13,8,1,7,1,en_curso
336,112,8.0,mejorada,1,2,2821951771681615127,0,1,19,9,14,8,2,8,1,en_curso
336,112,9.0,mejorada,1,2,2821951771681615127,1,1,19,6,14,8,2,9,1,en_curso
336,112,10.0,mejorada,1,2,2821951771681615127,2,2,25,11,19,8,2,10,1,perdido
337,112,1.0,mejorada,1,3,2821951771681615127,0,0,0,10,0,0,3,1,1,en_curso
337,112,2.0,mejorada,1,3,2821951771681615127,0,0,0,8,0,0,2,2,1,en_curso
337,112,3.0,mejorada,1,3,2821951771681615127,0,1,7,10,5,5,1,3,1,en_curso
337,112,4.0,mejorada,1,3,2821951771681615127,0,1,10,13,6,5,0,4,1,en_curso
337,112,5.0,mejorada,1,3,2821951771681615127,0,1,11,9,7,7,0,5,1,en_curso
337,112,6.0,mejorada,1,3,2821951771681615127,0,1,11,9,7,7,2,6,1,en_curso
337,112,7.0,mejorada,1,3,2821951771681615127,0,1,14,8,10,7,1,7,1,en_curso
337,112,8.0,mejorada,1,3,2821951771681615127,0,1,14,11,10,7,3,8,1,en_curso
337,112,9.0,mejorada,1,3,2821951771681615127,1,1,16,9,10,7,1,9,1,en_curso
337,112,10.0,mejorada,1,3,2821951771681615127,1,1,16,11,10,7,1,10,1,en_curso
337,112,11.0,mejorada,1,3,2821951771681615127,2,1,16,10,10,8,1,11,1,en_curso
337,112,12.0,mejorada,1,3,2821951771681615127,2,4,21,10,15,8,1,12,1,perdido
338,112,1.0,mejorada,1,4,2821951771681615127,0,0,0,10,0,0,4,1,1,en_curso
338,112,2.0,mejorada,1,4,2821951771681615127,0,0,0,8,0,0,2,2,1,en_curso
338,112,3.0,mejorada,1,4,2821951771681615127,0,1,7,11,5,4,2,3,1,en_curso
338,112,4.0,mejorada,1,4,2821951771681615127,0,1,12,14,8,5,0,4,1,en_curso
338,112,5.0,mejorada,1,4,2821951771681615127,0,1,14,16,10,7,0,5,1,en_curso
338,112,6.0,mejorada,1,4,2821951771681615127,0,1,14,14,10,7,0,6,1,en_curso
338,112,7.0,mejorada,1,4,2821951771681615127,0,1,27,19,20,7,0,7,1,perdido
339,113,1.0,mejorada,1,2,5342357575377760769,0,0,0,10,0,0,2,1,1,en_curso
339,113,2.0,mejorada,1,2,5342357575377760769,1,0,5,6,5,1,2,2,1,en_curso
339,113,3.0,mejorada,1,2,5342357575377760769,1,1,7,7,5,4,2,3,1,en_curso
339,113,4.0,mejorada,1,2,5342357575377760769,2,1,7,4,5,6,2,4,1,en_curso
339,113,5.0,mejorada,1,2,5342357575377760769,2,1,7,2,5,6,2,5,1,en_curso
339,113,6.0,mejorada,1,2,5342357575377760769,2,2,7,5,5,6,2,6,1,en_curso
339,113,7.0,mejorada,1,2,5342357575377760769,2,2,7,4,5,7,2,7,1,en_curso
339,113,8.0,mejorada,1,2,5342357575377760769,2,3,7,5,5,7,2,8,1,en_curso
339,113,9.0,mejorada,1,2,5342357575377760769,2,3,7,5,5,7,2,9,1,en_curso
339,113,10.0,mejorada,1,2,5342357575377760769,3,4,13,12,10,7,2,10,1,perdido
340,113,1.0,mejorada,1,3,5342357575377760769,0,0,0,10,0,0,3,1,1,en_curso
340,113,2.0,mejorada,1,3,5342357575377760769,1,0,5,7,5,1,3,2,1,en_curso
340,113,3.0,mejorada,1,3,5342357575377760769,1,1,8,11,6,4,1,3,1,en_curso
340,113,4.0,mejorada,1,3,5342357575377760769,1,1,8,10,6,5,0,4,1,en_curso
340,113,5.0,mejorada,1,3,5342357575377760769,1,1,10,10,8,5,1,5,1,en_curso
340,113,6.0,mejorada,1,3,5342357575377760769,1,1,13,11,9,6,2,6,1,en_curso
340,113,7.0,mejorada,1,3,5342357575377760769,2,1,15,12,10,6,1,7,1,en_curso
340,113,8.0,mejorada,1,3,5342357575377760769,2,2,18,14,13,7,0,8,1,en_curso
340,113,9.0,mejorada,1,3,5342357575377760769,2,3,24,21,16,7,0,9,1,perdido
341,113,1.0,mejorada,1,4,5342357575377760769,0,0,0,10,0,0,4,1,1,en_curso
341,113,2.0,mejorada,1,4,5342357575377760769,1,0,5,7,5,1,3,2,1,en_curso
341,113,3.0,mejorada,1,4,5342357575377760769,1,1,8,11,6,4,1,3,1,en_curso
341,113,4.0,mejorada,1,4,5342357575377760769,1,1,8,10,6,5,0,4,1,en_curso
341,113,5.0,mejorada,1,4,5342357575377760769,1,1,10,10,8,5,1,5,1,en_curso
341,113,6.0,mejorada,1,4,5342357575377760769,1,1,13,13,9,7,3,6,1,en_curso
341,113,7.0,mejorada,1,4,5342357575377760769,2,1,16,19,10,7,1,7,1,en_curso
341,113,8.0,mejorada,1,4,5342357575377760769,2,4,21,25,15,7,0,8,1,perdido
342,114,1.0,mejorada,1,2,1630441143038709432,0,0,0,10,0,0,2,1,1,en_curso
342,114,2.0,mejorada,1,2,1630441143038709432,0,0,2,9,2,1,1,2,1,en_curso
342,114,3.0,mejorada,1,2,1630441143038709432,0,0,4,7,2,5,1,3,1,en_curso
342,114,4.0,mejorada,1,2,1630441143038709432,0,0,8,4,6,6,1,4,1,en_curso
342,114,5.0,mejorada,1,2,1630441143038709432,0,0,8,5,6,7,2,5,1,en_curso
342,114,6.0,mejorada,1,2,1630441143038709432,0,1,8,3,6,7,2,6,1,en_curso
342,114,7.0,mejorada,1,2,1630441143038709432,0,1,8,2,6,7,2,7,1,en_curso
342,114,8.0,mejorada,1,2,1630441143038709432,0,1,8,1,6,7,2,8,1,en_curso
342,114,9.0,mejorada,1,2,1630441143038709432,3,1,8,1,6,7,2,9,1,en_curso
342,114,10.0,mejorada,1,2,1630441143038709432,3,1,8,8,6,7,2,10,1,en_curso
342,114,11.0,mejorada,1,2,1630441143038709432,3,2,11,9,6,7,1,11,1,en_curso
342,114,12.0,mejorada,1,2,1630441143038709432,4,2,11,8,6,7,1,12,1,en_curso
342,114,13.0,mejorada,1,2,1630441143038709432,4,2,11,7,6,7,2,13,1,en_curso
342,114,14.0,mejorada,1,2,1630441143038709432,5,2,11,2,6,7,2,14,1,en_curso
342,114,15.0,mejorada,1,2,1630441143038709432,6,2,11,2,6,7,2,15,1,en_curso
342,114,16.0,mejorada,1,2,1630441143038709432,6,2,11,11,6,7,2,16,1,en_curso
342,114,17.0,mejorada,1,2,1630441143038709432,7,2,16,12,10,7,1,17,1,ganado
343,114,1.0,mejorada,1,3,1630441143038709432,0,0,0,10,0,0,3,1,1,en_curso
343,114,2.0,mejorada,1,3,1630441143038709432,0,0,2,7,2,0,1,2,1,en_curso
343,114,3.0,mejorada,1,3,1630441143038709432,0,0,6,9,4,2,2,3,1,en_curso
343,114,4.0,mejorada,1,3,1630441143038709432,0,0,12,9,8,3,0,4,1,en_curso
343,114,5.0,mejorada,1,3,1630441143038709432,0,1,18,14,11,5,0,5,1,en_curso
343,114,6.0,mejorada,1,3,1630441143038709432,0,1,18,16,11,5,0,6,1,en_curso
343,114,7.0,mejorada,1,3,1630441143038709432,0,1,24,17,15,5,0,7,1,perdido
344,114,1.0,mejorada,1,4,1630441143038709432,0,0,0,10,0,0,4,1,1,en_curso
344,114,2.0,mejorada,1,4,1630441143038709432,0,0,2,7,2,0,1,2,1,en_curso
344,114,3.0,mejorada,1,4,1630441143038709432,0,0,6,9,4,2,2,3,1,en_curso
344,114,4.0,mejorada,1,4,1630441143038709432,0,0,12,9,8,3,0,4,1,en_curso
344,114,5.0,mejorada,1,4,1630441143038709432,0,1,18,14,11,5,0,5,1,en_curso
344,114,6.0,mejorada,1,4,1630441143038709432,0,1,18,16,11,5,0,6,1,en_curso
344,114,7.0,mejorada,1,4,1630441143038709432,0,1,24,17,15,5,0,7,1,perdido
345,115,1.0,mejorada,1,2,7900872234267989194,0,0,0,10,0,0,2,1,1,en_curso
345,115,2.0,mejorada,1,2,7900872234267989194,0,0,3,7,3,2,2,2,1,en_curso
345,115,3.0,mejorada,1,2,7900872234267989194,0,0,3,5,3,6,2,3,1,en_curso
345,115,4.0,mejorada,1,2,7900872234267989194,0,0,5,7,5,6,2,4,1,en_curso
345,115,5.0,mejorada,1,2,7900872234267989194,0,0,5,5,5,6,2,5,1,en_curso
345,115,6.0,mejorada,1,2,7900872234267989194,0,0,5,4,5,6,2,6,1,en_curso
345,115,7.0,mejorada,1,2,7900872234267989194,0,0,5,2,5,6,2,7,1,en_curso
345,115,8.0,mejorada,1,2,7900872234267989194,2,0,5,1,5,6,2,8,1,en_curso
345,115,9.0,mejorada,1,2,7900872234267989194,3,0,10,6,10,6,2,9,1,en_curso
345,115,10.0,mejorada,1,2,7900872234267989194,3,0,12,10,11,7,1,10,1,en_curso
345,115,11.0,mejorada,1,2,7900872234267989194,3,1,15,11,12,7,0,11,1,en_curso
345,115,12.0,mejorada,1,2,7900872234267989194,3,1,21,13,16,8,0,12,1,en_curso
345,115,13.0,mejorada,1,2,7900872234267989194,3,1,24,12,16,8,0,13,1,perdido
346,115,1.0,mejorada,1,3,7900872234267989194,0,0,0,10,0,0,3,1,1,en_curso
346,115,2.0,mejorada,1,3,7900872234267989194,0,0,3,7,3,2,2,2,1,en_curso
346,115,3.0,mejorada,1,3,7900872234267989194,1,0,3,4,3,6,3,3,1,en_curso
346,115,4.0,mejorada,1,3,7900872234267989194,1,1,5,8,5,6,2,4,1,en_curso
346,115,5.0,mejorada,1,3,7900872234267989194,1,2,5,4,5,6,3,5,1,en_curso
346,115,6.0,mejorada,1,3,7900872234267989194,3,4,7,11,7,6,3,6,1,perdido
347,115,1.0,mejorada,1,4,7900872234267989194,0,0,0,10,0,0,4,1,1,en_curso
347,115,2.0,mejorada,1,4,7900872234267989194,0,0,3,9,3,1,3,2,1,en_curso
347,115,3.0,mejorada,1,4,7900872234267989194,0,0,9,13,9,6,3,3,1,en_curso
347,115,4.0,mejorada,1,4,7900872234267989194,1,1,14,16,10,6,1,4,1,en_curso
347,115,5.0,mejorada,1,4,7900872234267989194,1,1,18,13,12,7,0,5,1,en_curso
347,115,6.0,mejorada,1,4,7900872234267989194,1,1,20,11,12,7,0,6,1,en_curso
347,115,7.0,mejorada,1,4,7900872234267989194,2,2,26,10,16,7,1,7,1,perdido
348,116,1.0,mejorada,1,2,6996107820890309404,0,0,0,10,0,0,2,1,1,en_curso
348,116,2.0,mejorada,1,2,6996107820890309404,0,0,0,7,0,0,1,2,1,en_curso
348,116,3.0,mejorada,1,2,6996107820890309404,0,0,0,2,0,1,2,3,1,en_curso
348,116,4.0,mejorada,1,2,6996107820890309404,1,0,0,1,0,3,2,4,1,en_curso
348,116,5.0,mejorada,1,2,6996107820890309404,1,0,0,3,0,6,2,5,1,en_curso
348,116,6.0,mejorada,1,2,6996107820890309404,1,0,0,1,0,6,2,6,1,en_curso
348,116,7.0,mejorada,1,2,6996107820890309404,1,0,1,4,1,6,2,7,1,en_curso
348,116,8.0,mejorada,1,2,6996107820890309404,1,0,1,0,1,6,2,8,1,en_curso
348,116,9.0,mejorada,1,2,6996107820890309404,2,0,4,4,4,6,2,9,1,en_curso
348,116,10.0,mejorada,1,2,6996107820890309404,3,0,7,7,7,6,2,10,1,en_curso
348,116,11.0,mejorada,1,2,6996107820890309404,4,1,10,7,9,7,2,11,1,en_curso
348,116,12.0,mejorada,1,2,6996107820890309404,4,1,13,7,9,7,2,12,1,en_curso
348,116,13.0,mejorada,1,2,6996107820890309404,4,1,13,4,9,7,2,13,1,en_curso
348,116,14.0,mejorada,1,2,6996107820890309404,5,1,13,4,9,7,2,14,1,en_curso
348,116,15.0,mejorada,1,2,6996107820890309404,6,1,13,3,9,7,2,15,1,en_curso
348,116,16.0,mejorada,1,2,6996107820890309404,7,1,17,10,12,7,2,16,1,ganado
349,116,1.0,mejorada,1,3,6996107820890309404,0,0,0,10,0,0,3,1,1,en_curso
349,116,2.0,mejorada,1,3,6996107820890309404,0,0,0,7,0,0,1,2,1,en_curso
349,116,3.0,mejorada,1,3,6996107820890309404,0,0,0,1,0,1,3,3,1,en_curso
349,116,4.0,mejorada,1,3,6996107820890309404,1,0,3,0,3,4,3,4,1,en_curso
349,116,5.0,mejorada,1,3,6996107820890309404,1,0,3,1,3,6,3,5,1,en_curso
349,116,6.0,mejorada,1,3,6996107820890309404,2,0,3,1,3,6,3,6,1,en_curso
349,116,7.0,mejorada,1,3,6996107820890309404,2,0,3,2,3,6,3,7,1,en_curso
349,116,8.0,mejorada,1,3,6996107820890309404,2,1,8,9,7,7,3,8,1,en_curso
349,116,9.0,mejorada,1,3,6996107820890309404,4,1,11,10,8,7,3,9,1,en_curso
349,116,10.0,mejorada,1,3,6996107820890309404,5,2,25,13,17,7,0,10,1,perdido
350,116,1.0,mejorada,1,4,6996107820890309404,0,0,0,10,0,0,4,1,1,en_curso
350,116,2.0,mejorada,1,4,6996107820890309404,0,0,0,8,0,0,2,2,1,en_curso
350,116,3.0,mejorada,1,4,6996107820890309404,1,0,2,9,2,2,4,3,1,en_curso
350,116,4.0,mejorada,1,4,6996107820890309404,1,0,10,18,9,5,0,4,1,en_curso
350,116,5.0,mejorada,1,4,6996107820890309404,1,0,11,13,9,6,0,5,1,en_curso
350,116,6.0,mejorada,1,4,6996107820890309404,1,1,14,10,12,6,0,6,1,en_curso
350,116,7.0,mejorada,1,4,6996107820890309404,1,1,14,13,12,6,0,7,1,en_curso
350,116,8.0,mejorada,1,4,6996107820890309404,1,1,17,14,15,6,0,8,1,en_curso
350,116,9.0,mejorada,1,4,6996107820890309404,1,1,24,12,17,6,0,9,1,perdido
351,117,1.0,mejorada,1,2,6635874509470750345,0,0,0,10,0,0,2,1,1,en_curso
351,117,2.0,mejorada,1,2,6635874509470750345,0,0,2,7,2,0,1,2,1,en_curso
351,117,3.0,mejorada,1,2,6635874509470750345,0,0,6,8,6,2,1,3,1,en_curso
351,117,4.0,mejorada,1,2,6635874509470750345,0,0,9,5,9,4,2,4,1,en_curso
351,117,5.0,mejorada,1,2,6635874509470750345,0,0,9,3,9,7,2,5,1,en_curso
351,117,6.0,mejorada,1,2,6635874509470750345,1,0,9,5,9,7,2,6,1,en_curso
351,117,7.0,mejorada,1,2,6635874509470750345,1,0,9,7,9,7,2,7,1,en_curso
351,117,8.0,mejorada,1,2,6635874509470750345,1,0,9,4,9,7,2,8,1,en_curso
351,117,9.0,mejorada,1,2,6635874509470750345,2,2,11,6,11,8,2,9,1,en_curso
351,117,10.0,mejorada,1,2,6635874509470750345,3,2,17,7,14,8,2,10,1,en_curso
351,117,11.0,mejorada,1,2,6635874509470750345,3,2,18,10,15,8,2,11,1,en_curso
351,117,12.0,mejorada,1,2,6635874509470750345,4,2,18,8,15,8,2,12,1,en_curso
351,117,13.0,mejorada,1,2,6635874509470750345,4,2,25,14,18,8,1,13,1,perdido
352,117,1.0,mejorada,1,3,6635874509470750345,0,0,0,10,0,0,3,1,1,en_curso
352,117,2.0,mejorada,1,3,6635874509470750345,0,0,5,12,5,0,1,2,1,en_curso
352,117,3.0,mejorada,1,3,6635874509470750345,0,0,5,7,5,2,1,3,1,en_curso
352,117,4.0,mejorada,1,3,6635874509470750345,0,0,5,7,5,5,3,4,1,en_curso
352,117,5.0,mejorada,1,3,6635874509470750345,0,0,5,8,5,7,2,5,1,en_curso
352,117,6.0,mejorada,1,3,6635874509470750345,0,1,7,6,7,8,2,6,1,en_curso
352,117,7.0,mejorada,1,3,6635874509470750345,0,2,8,6,8,8,3,7,1,en_curso
352,117,8.0,mejorada,1,3,6635874509470750345,0,2,8,7,8,8,3,8,1,en_curso
352,117,9.0,mejorada,1,3,6635874509470750345,0,2,8,7,8,8,3,9,1,en_curso
352,117,10.0,mejorada,1,3,6635874509470750345,0,4,16,8,15,8,3,10,1,perdido
353,117,1.0,mejorada,1,4,6635874509470750345,0,0,0,10,0,0,4,1,1,en_curso
353,117,2.0,mejorada,1,4,6635874509470750345,0,0,5,12,5,0,1,2,1,en_curso
353,117,3.0,mejorada,1,4,6635874509470750345,0,0,5,7,5,2,1,3,1,en_curso
353,117,4.0,mejorada,1,4,6635874509470750345,0,0,5,6,5,5,4,4,1,en_curso
353,117,5.0,mejorada,1,4,6635874509470750345,0,1,7,7,7,7,4,5,1,en_curso
353,117,6.0,mejorada,1,4,6635874509470750345,1,2,9,8,8,7,3,6,1,en_curso
353,117,7.0,mejorada,1,4,6635874509470750345,2,2,9,11,8,7,2,7,1,en_curso
353,117,8.0,mejorada,1,4,6635874509470750345,2,2,12,14,9,7,2,8,1,en_curso
353,117,9.0,mejorada,1,4,6635874509470750345,3,2,12,10,9,7,2,9,1,en_curso
353,117,10.0,mejorada,1,4,6635874509470750345,4,2,18,14,13,7,2,10,1,en_curso
353,117,11.0,mejorada,1,4,6635874509470750345,5,2,24,13,17,7,0,11,1,perdido
354,118,1.0,mejorada,1,2,3985354860381270788,0,0,0,10,0,0,2,1,1,en_curso
354,118,2.0,mejorada,1,2,3985354860381270788,0,0,0,6,0,1,2,2,1,en_curso
354,118,3.0,mejorada,1,2,3985354860381270788,0,0,6,7,3,5,2,3,1,en_curso
354,118,4.0,mejorada,1,2,3985354860381270788,0,1,10,9,6,5,1,4,1,en_curso
354,118,5.0,mejorada,1,2,3985354860381270788,0,2,10,10,6,6,1,5,1,en_curso
354,118,6.0,mejorada,1,2,3985354860381270788,0,2,10,9,6,6,1,6,1,en_curso
354,118,7.0,mejorada,1,2,3985354860381270788,0,2,10,14,6,6,1,7,1,en_curso
354,118,8.0,mejorada,1,2,3985354860381270788,1,2,16,21,11,7,1,8,1,en_curso
354,118,9.0,mejorada,1,2,3985354860381270788,1,2,21,23,15,8,0,9,1,en_curso
354,118,10.0,mejorada,1,2,3985354860381270788,1,3,24,28,18,8,0,10,1,perdido
355,118,1.0,mejorada,1,3,3985354860381270788,0,0,0,10,0,0,3,1,1,en_curso
355,118,2.0,mejorada,1,3,3985354860381270788,0,0,0,6,0,1,2,2,1,en_curso
355,118,3.0,mejorada,1,3,3985354860381270788,0,0,6,7,3,5,3,3,1,en_curso
355,118,4.0,mejorada,1,3,3985354860381270788,1,0,9,12,6,5,2,4,1,en_curso
355,118,5.0,mejorada,1,3,3985354860381270788,1,0,9,10,6,5,1,5,1,en_curso
355,118,6.0,mejorada,1,3,3985354860381270788,1,0,11,7,6,5,2,6,1,en_curso
355,118,7.0,mejorada,1,3,3985354860381270788,1,0,13,13,7,5,2,7,1,en_curso
355,118,8.0,mejorada,1,3,3985354860381270788,2,1,15,17,8,5,1,8,1,en_curso
355,118,9.0,mejorada,1,3,3985354860381270788,2,1,17,16,9,6,0,9,1,en_curso
355,118,10.0,mejorada,1,3,3985354860381270788,2,2,19,16,11,6,0,10,1,en_curso
355,118,11.0,mejorada,1,3,3985354860381270788,2,3,25,16,15,7,0,11,1,perdido
356,118,1.0,mejorada,1,4,3985354860381270788,0,0,0,10,0,0,4,1,1,en_curso
356,118,2.0,mejorada,1,4,3985354860381270788,0,0,0,6,0,0,3,2,1,en_curso
356,118,3.0,mejorada,1,4,3985354860381270788,0,0,6,8,3,4,4,3,1,en_curso
356,118,4.0,mejorada,1,4,3985354860381270788,1,0,9,14,6,4,2,4,1,en_curso
356,118,5.0,mejorada,1,4,3985354860381270788,1,1,11,12,8,5,1,5,1,en_curso
356,118,6.0,mejorada,1,4,3985354860381270788,1,1,12,11,8,5,1,6,1,en_curso
356,118,7.0,mejorada,1,4,3985354860381270788,1,1,16,13,11,5,1,7,1,en_curso
356,118,8.0,mejorada,1,4,3985354860381270788,3,1,17,17,12,5,1,8,1,en_curso
356,118,9.0,mejorada,1,4,3985354860381270788,3,3,20,22,13,5,0,9,1,en_curso
356,118,10.0,mejorada,1,4,3985354860381270788,3,4,24,21,17,6,0,10,1,perdido
357,119,1.0,mejorada,1,2,5785902819806701605,0,0,0,10,0,0,2,1,1,en_curso
357,119,2.0,mejorada,1,2,5785902819806701605,0,0,0,4,0,1,1,2,1,en_curso
357,119,3.0,mejorada,1,2,5785902819806701605,0,0,0,1,0,4,2,3,1,en_curso
357,119,4.0,mejorada,1,2,5785902819806701605,0,1,0,1,0,7,2,4,1,en_curso
357,119,5.0,mejorada,1,2,5785902819806701605,0,1,0,2,0,7,2,5,1,en_curso
357,119,6.0,mejorada,1,2,5785902819806701605,0,1,4,8,3,7,2,6,1,en_curso
357,119,7.0,mejorada,1,2,5785902819806701605,1,1,4,5,3,7,2,7,1,en_curso
357,119,8.0,mejorada,1,2,5785902819806701605,1,4,11,7,10,8,2,8,1,perdido
358,119,1.0,mejorada,1,3,5785902819806701605,0,0,0,10,0,0,3,1,1,en_curso
358,119,2.0,mejorada,1,3,5785902819806701605,0,0,0,5,0,0,2,2,1,en_curso
358,119,3.0,mejorada,1,3,5785902819806701605,0,0,0,1,0,4,3,3,1,en_curso
358,119,4.0,mejorada,1,3,5785902819806701605,0,1,0,3,0,6,3,4,1,en_curso
358,119,5.0,mejorada,1,3,5785902819806701605,0,1,0,3,0,7,3,5,1,en_curso
358,119,6.0,mejorada,1,3,5785902819806701605,1,1,0,5,0,7,3,6,1,en_curso
358,119,7.0,mejorada,1,3,5785902819806701605,2,1,0,9,0,7,3,7,1,en_curso
358,119,8.0,mejorada,1,3,5785902819806701605,2,1,6,10,6,7,1,8,1,en_curso
358,119,9.0,mejorada,1,3,5785902819806701605,3,1,13,14,10,7,1,9,1,en_curso
358,119,10.0,mejorada,1,3,5785902819806701605,3,1,13,8,10,7,0,10,1,en_curso
358,119,11.0,mejorada,1,3,5785902819806701605,3,2,14,9,11,7,2,11,1,en_curso
358,119,12.0,mejorada,1,3,5785902819806701605,3,2,14,7,11,7,0,12,1,en_curso
358,119,13.0,mejorada,1,3,5785902819806701605,3,3,16,7,13,7,1,13,1,en_curso
358,119,14.0,mejorada,1,3,5785902819806701605,3,3,26,11,19,7,1,14,1,perdido
359,119,1.0,mejorada,1,4,5785902819806701605,0,0,0,10,0,0,4,1,1,en_curso
359,119,2.0,mejorada,1,4,5785902819806701605,0,0,0,7,0,1,3,2,1,en_curso
359,119,3.0,mejorada,1,4,5785902819806701605,0,0,0,6,0,5,4,3,1,en_curso
359,119,4.0,mejorada,1,4,5785902819806701605,0,1,0,8,0,7,4,4,1,en_curso
359,119,5.0,mejorada,1,4,5785902819806701605,0,1,0,9,0,7,2,5,1,en_curso
359,119,6.0,mejorada,1,4,5785902819806701605,0,1,4,9,3,7,3,6,1,en_curso
359,119,7.0,mejorada,1,4,5785902819806701605,0,1,8,8,6,7,3,7,1,en_curso
359,119,8.0,mejorada,1,4,5785902819806701605,4,3,9,13,7,7,4,8,1,en_curso
359,119,9.0,mejorada,1,4,5785902819806701605,4,3,9,10,7,7,0,9,1,en_curso
359,119,10.0,mejorada,1,4,5785902819806701605,4,3,12,12,9,7,2,10,1,en_curso
359,119,11.0,mejorada,1,4,5785902819806701605,4,3,15,16,11,7,0,11,1,en_curso
359,119,12.0,mejorada,1,4,5785902819806701605,4,3,26,14,20,8,0,12,1,perdido
360,120,1.0,mejorada,1,2,5387352873253396078,0,0,0,10,0,0,2,1,1,en_curso
360,120,2.0,mejorada,1,2,5387352873253396078,0,0,0,6,0,1,1,2,1,en_curso
360,120,3.0,mejorada,1,2,5387352873253396078,0,0,6,10,5,4,1,3,1,en_curso
360,120,4.0,mejorada,1,2,5387352873253396078,0,0,6,8,5,5,1,4,1,en_curso
360,120,5.0,mejorada,1,2,5387352873253396078,0,0,8,8,7,6,2,5,1,en_curso
360,120,6.0,mejorada,1,2,5387352873253396078,1,1,10,5,9,7,2,6,1,en_curso
360,120,7.0,mejorada,1,2,5387352873253396078,1,1,10,8,9,7,2,7,1,en_curso
360,120,8.0,mejorada,1,2,5387352873253396078,2,1,14,5,13,7,2,8,1,en_curso
360,120,9.0,mejorada,1,2,5387352873253396078,2,1,14,4,13,7,2,9,1,en_curso
360,120,10.0,mejorada,1,2,5387352873253396078,2,1,14,0,13,7,2,10,1,en_curso
360,120,11.0,mejorada,1,2,5387352873253396078,3,1,14,3,13,7,2,11,1,en_curso
360,120,12.0,mejorada,1,2,5387352873253396078,3,2,19,6,17,7,2,12,1,en_curso
360,120,13.0,mejorada,1,2,5387352873253396078,4,2,19,9,17,7,2,13,1,en_curso
360,120,14.0,mejorada,1,2,5387352873253396078,4,2,25,11,22,7,2,14,1,perdido
361,120,1.0,mejorada,1,3,5387352873253396078,0,0,0,10,0,0,3,1,1,en_curso
361,120,2.0,mejorada,1,3,5387352873253396078,0,0,0,7,0,0,1,2,1,en_curso
361,120,3.0,mejorada,1,3,5387352873253396078,0,0,5,7,3,3,3,3,1,en_curso
361,120,4.0,mejorada,1,3,5387352873253396078,0,1,5,7,3,5,3,4,1,en_curso
361,120,5.0,mejorada,1,3,5387352873253396078,0,1,5,7,3,7,3,5,1,en_curso
361,120,6.0,mejorada,1,3,5387352873253396078,0,1,5,3,3,7,3,6,1,en_curso
361,120,7.0,mejorada,1,3,5387352873253396078,0,2,5,8,3,7,3,7,1,en_curso
361,120,8.0,mejorada,1,3,5387352873253396078,1,2,5,6,3,7,3,8,1,en_curso
361,120,9.0,mejorada,1,3,5387352873253396078,3,2,5,10,3,7,3,9,1,en_curso
361,120,10.0,mejorada,1,3,5387352873253396078,4,2,5,8,3,7,2,10,1,en_curso
361,120,11.0,mejorada,1,3,5387352873253396078,4,2,11,8,6,7,3,11,1,en_curso
361,120,12.0,mejorada,1,3,5387352873253396078,4,2,11,7,6,7,3,12,1,en_curso
361,120,13.0,mejorada,1,3,5387352873253396078,6,2,12,12,7,7,2,13,1,en_curso
361,120,14.0,mejorada,1,3,5387352873253396078,6,2,12,10,7,7,0,14,1,en_curso
361,120,15.0,mejorada,1,3,5387352873253396078,7,2,16,10,11,8,1,15,1,ganado
362,120,1.0,mejorada,1,4,5387352873253396078,0,0,0,10,0,0,4,1,1,en_curso
362,120,2.0,mejorada,1,4,5387352873253396078,0,0,0,8,0,1,2,2,1,en_curso
362,120,3.0,mejorada,1,4,5387352873253396078,0,0,4,8,2,3,2,3,1,en_curso
362,120,4.0,mejorada,1,4,5387352873253396078,0,0,4,7,2,7,4,4,1,en_curso
362,120,5.0,mejorada,1,4,5387352873253396078,0,1,4,11,2,7,1,5,1,en_curso
362,120,6.0,mejorada,1,4,5387352873253396078,0,1,7,8,5,7,2,6,1,en_curso
362,120,7.0,mejorada,1,4,5387352873253396078,1,2,9,9,7,7,3,7,1,en_curso
362,120,8.0,mejorada,1,4,5387352873253396078,2,2,12,7,9,7,3,8,1,en_curso
362,120,9.0,mejorada,1,4,5387352873253396078,3,2,12,11,9,7,4,9,1,en_curso
362,120,10.0,mejorada,1,4,5387352873253396078,3,3,12,9,9,7,1,10,1,en_curso
362,120,11.0,mejorada,1,4,5387352873253396078,3,3,12,7,9,7,3,11,1,en_curso
362,120,12.0,mejorada,1,4,5387352873253396078,5,3,17,8,11,7,4,12,1,en_curso
362,120,13.0,mejorada,1,4,5387352873253396078,7,3,22,15,14,7,3,13,1,ganado
363,121,1.0,mejorada,1,2,5993776973025834150,0,0,0,10,0,0,2,1,1,en_curso
363,121,2.0,mejorada,1,2,5993776973025834150,0,0,6,11,5,0,0,2,1,en_curso
363,121,3.0,mejorada,1,2,5993776973025834150,0,0,8,12,7,4,0,3,1,en_curso
363,121,4.0,mejorada,1,2,5993776973025834150,0,0,11,12,8,4,0,4,1,en_curso
363,121,5.0,mejorada,1,2,5993776973025834150,0,0,11,12,8,4,0,5,1,en_curso
363,121,6.0,mejorada,1,2,5993776973025834150,0,0,11,10,8,4,0,6,1,en_curso
363,121,7.0,mejorada,1,2,5993776973025834150,0,0,11,8,8,4,2,7,1,en_curso
363,121,8.0,mejorada,1,2,5993776973025834150,1,1,15,11,10,4,2,8,1,en_curso
363,121,9.0,mejorada,1,2,5993776973025834150,2,1,17,12,12,5,1,9,1,en_curso
363,121,10.0,mejorada,1,2,5993776973025834150,2,2,17,11,12,6,0,10,1,en_curso
363,121,11.0,mejorada,1,2,5993776973025834150,2,2,19,10,13,7,0,11,1,en_curso
363,121,12.0,mejorada,1,2,5993776973025834150,2,3,25,7,17,8,1,12,1,perdido
364,121,1.0,mejorada,1,3,5993776973025834150,0,0,0,10,0,0,3,1,1,en_curso
364,121,2.0,mejorada,1,3,5993776973025834150,0,0,6,11,5,0,0,2,1,en_curso
364,121,3.0,mejorada,1,3,5993776973025834150,0,0,8,12,7,4,0,3,1,en_curso
364,121,4.0,mejorada,1,3,5993776973025834150,0,0,11,12,8,4,0,4,1,en_curso
364,121,5.0,mejorada,1,3,5993776973025834150,0,0,11,12,8,4,0,5,1,en_curso
364,121,6.0,mejorada,1,3,5993776973025834150,0,0,11,10,8,4,0,6,1,en_curso
364,121,7.0,mejorada,1,3,5993776973025834150,0,0,11,8,8,4,2,7,1,en_curso
364,121,8.0,mejorada,1,3,5993776973025834150,1,1,15,11,10,4,2,8,1,en_curso
364,121,9.0,mejorada,1,3,5993776973025834150,2,1,17,12,12,5,1,9,1,en_curso
364,121,10.0,mejorada,1,3,5993776973025834150,2,2,17,11,12,6,0,10,1,en_curso
364,121,11.0,mejorada,1,3,5993776973025834150,2,2,19,10,13,7,0,11,1,en_curso
364,121,12.0,mejorada,1,3,5993776973025834150,2,3,25,7,17,8,1,12,1,perdido
365,121,1.0,mejorada,1,4,5993776973025834150,0,0,0,10,0,0,4,1,1,en_curso
365,121,2.0,mejorada,1,4,5993776973025834150,0,0,6,11,5,0,0,2,1,en_curso
365,121,3.0,mejorada,1,4,5993776973025834150,0,0,8,12,7,4,0,3,1,en_curso
365,121,4.0,mejorada,1,4,5993776973025834150,0,0,11,12,8,4,0,4,1,en_curso
365,121,5.0,mejorada,1,4,5993776973025834150,0,0,11,12,8,4,0,5,1,en_curso
365,121,6.0,mejorada,1,4,5993776973025834150,0,0,11,10,8,4,0,6,1,en_curso
365,121,7.0,mejorada,1,4,5993776973025834150,0,0,11,8,8,4,2,7,1,en_curso
365,121,8.0,mejorada,1,4,5993776973025834150,1,1,15,11,10,4,2,8,1,en_curso
365,121,9.0,mejorada,1,4,5993776973025834150,2,1,17,12,12,5,1,9,1,en_curso
365,121,10.0,mejorada,1,4,5993776973025834150,2,2,17,11,12,6,0,10,1,en_curso
365,121,11.0,mejorada,1,4,5993776973025834150,2,2,19,10,13,7,0,11,1,en_curso
365,121,12.0,mejorada,1,4,5993776973025834150,2,3,25,7,17,8,2,12,1,perdido
366,122,1.0,mejorada,1,2,778861390272838078,0,0,0,10,0,0,2,1,1,en_curso
366,122,2.0,mejorada,1,2,778861390272838078,0,0,0,7,0,0,2,2,1,en_curso
366,122,3.0,mejorada,1,2,778861390272838078,0,0,3,6,3,4,2,3,1,en_curso
366,122,4.0,mejorada,1,2,778861390272838078,1,0,3,3,3,5,2,4,1,en_curso
366,122,5.0,mejorada,1,2,778861390272838078,2,0,3,2,3,5,2,5,1,en_curso
366,122,6.0,mejorada,1,2,778861390272838078,2,0,3,1,3,6,2,6,1,en_curso
366,122,7.0,mejorada,1,2,778861390272838078,2,0,3,1,3,6,2,7,1,en_curso
366,122,8.0,mejorada,1,2,778861390272838078,2,0,3,0,3,6,2,8,1,en_curso
366,122,9.0,mejorada,1,2,778861390272838078,2,1,3,3,3,6,2,9,1,en_curso
366,122,10.0,mejorada,1,2,778861390272838078,3,2,3,4,3,7,2,10,1,en_curso
366,122,11.0,mejorada,1,2,778861390272838078,6,2,3,1,3,7,2,11,1,en_curso
366,122,12.0,mejorada,1,2,778861390272838078,6,2,5,2,5,7,2,12,1,en_curso
366,122,13.0,mejorada,1,2,778861390272838078,6,2,5,5,5,7,2,13,1,en_curso
366,122,14.0,mejorada,1,2,778861390272838078,7,2,6,8,6,7,2,14,1,ganado
367,122,1.0,mejorada,1,3,778861390272838078,0,0,0,10,0,0,3,1,1,en_curso
367,122,2.0,mejorada,1,3,778861390272838078,1,0,0,8,0,0,3,2,1,en_curso
367,122,3.0,mejorada,1,3,778861390272838078,1,0,0,8,0,5,3,3,1,en_curso
367,122,4.0,mejorada,1,3,778861390272838078,1,1,0,8,0,6,3,4,1,en_curso
367,122,5.0,mejorada,1,3,778861390272838078,1,1,2,7,2,7,1,5,1,en_curso
367,122,6.0,mejorada,1,3,778861390272838078,1,1,2,5,2,7,3,6,1,en_curso
367,122,7.0,mejorada,1,3,778861390272838078,1,2,4,4,4,7,3,7,1,en_curso
367,122,8.0,mejorada,1,3,778861390272838078,1,3,12,9,10,7,3,8,1,en_curso
367,122,9.0,mejorada,1,3,778861390272838078,3,3,12,8,10,7,3,9,1,en_curso
367,122,10.0,mejorada,1,3,778861390272838078,3,3,12,6,10,7,3,10,1,en_curso
367,122,11.0,mejorada,1,3,778861390272838078,5,4,21,11,14,7,2,11,1,perdido
368,122,1.0,mejorada,1,4,778861390272838078,0,0,0,10,0,0,4,1,1,en_curso
368,122,2.0,mejorada,1,4,778861390272838078,0,0,0,6,0,1,2,2,1,en_curso
368,122,3.0,mejorada,1,4,778861390272838078,0,0,1,8,1,4,2,3,1,en_curso
368,122,4.0,mejorada,1,4,778861390272838078,0,0,1,6,1,6,4,4,1,en_curso
368,122,5.0,mejorada,1,4,778861390272838078,0,0,2,9,2,7,3,5,1,en_curso
368,122,6.0,mejorada,1,4,778861390272838078,1,0,5,8,5,7,3,6,1,en_curso
368,122,7.0,mejorada,1,4,778861390272838078,1,2,7,11,5,7,2,7,1,en_curso
368,122,8.0,mejorada,1,4,778861390272838078,3,2,15,9,11,7,2,8,1,en_curso
368,122,9.0,mejorada,1,4,778861390272838078,4,2,17,8,11,7,1,9,1,en_curso
368,122,10.0,mejorada,1,4,778861390272838078,5,3,25,13,16,7,1,10,1,perdido
369,123,1.0,mejorada,1,2,3835146365897628933,0,0,0,10,0,0,2,1,1,en_curso
369,123,2.0,mejorada,1,2,3835146365897628933,1,0,0,7,0,1,2,2,1,en_curso
369,123,3.0,mejorada,1,2,3835146365897628933,1,0,0,3,0,5,2,3,1,en_curso
369,123,4.0,mejorada,1,2,3835146365897628933,1,0,2,4,2,6,2,4,1,en_curso
369,123,5.0,mejorada,1,2,3835146365897628933,1,0,2,2,2,6,2,5,1,en_curso
369,123,6.0,mejorada,1,2,3835146365897628933,1,0,2,4,2,6,2,6,1,en_curso
369,123,7.0,mejorada,1,2,3835146365897628933,1,0,2,6,2,6,2,7,1,en_curso
369,123,8.0,mejorada,1,2,3835146365897628933,2,0,2,5,2,6,2,8,1,en_curso
369,123,9.0,mejorada,1,2,3835146365897628933,3,0,2,4,2,6,2,9,1,en_curso
369,123,10.0,mejorada,1,2,3835146365897628933,3,1,2,4,2,6,2,10,1,en_curso
369,123,11.0,mejorada,1,2,3835146365897628933,3,2,2,10,2,6,2,11,1,en_curso
369,123,12.0,mejorada,1,2,3835146365897628933,3,3,5,8,5,7,0,12,1,en_curso
369,123,13.0,mejorada,1,2,3835146365897628933,3,4,8,11,8,7,2,13,1,perdido
370,123,1.0,mejorada,1,3,3835146365897628933,0,0,0,10,0,0,3,1,1,en_curso
370,123,2.0,mejorada,1,3,3835146365897628933,1,0,0,7,0,1,2,2,1,en_curso
370,123,3.0,mejorada,1,3,3835146365897628933,1,0,0,3,0,5,3,3,1,en_curso
370,123,4.0,mejorada,1,3,3835146365897628933,1,0,2,7,2,6,3,4,1,en_curso
370,123,5.0,mejorada,1,3,3835146365897628933,1,0,2,6,2,6,3,5,1,en_curso
370,123,6.0,mejorada,1,3,3835146365897628933,2,0,6,8,4,6,3,6,1,en_curso
370,123,7.0,mejorada,1,3,3835146365897628933,3,1,8,10,5,6,3,7,1,en_curso
370,123,8.0,mejorada,1,3,3835146365897628933,3,4,13,14,8,6,0,8,1,perdido
371,123,1.0,mejorada,1,4,3835146365897628933,0,0,0,10,0,0,4,1,1,en_curso
371,123,2.0,mejorada,1,4,3835146365897628933,0,0,0,7,0,0,2,2,1,en_curso
371,123,3.0,mejorada,1,4,3835146365897628933,1,0,0,4,0,4,4,3,1,en_curso
371,123,4.0,mejorada,1,4,3835146365897628933,1,0,2,8,2,5,2,4,1,en_curso
371,123,5.0,mejorada,1,4,3835146365897628933,1,0,5,7,5,6,3,5,1,en_curso
371,123,6.0,mejorada,1,4,3835146365897628933,1,0,5,7,5,6,2,6,1,en_curso
371,123,7.0,mejorada,1,4,3835146365897628933,1,1,7,9,7,6,2,7,1,en_curso
371,123,8.0,mejorada,1,4,3835146365897628933,1,2,10,14,9,6,2,8,1,en_curso
371,123,9.0,mejorada,1,4,3835146365897628933,1,3,16,16,13,6,1,9,1,en_curso
371,123,10.0,mejorada,1,4,3835146365897628933,1,3,19,11,14,6,0,10,1,en_curso
371,123,11.0,mejorada,1,4,3835146365897628933,1,4,21,17,14,6,0,11,1,perdido
372,124,1.0,mejorada,1,2,383823007534592520,0,0,0,10,0,0,2,1,1,en_curso
372,124,2.0,mejorada,1,2,383823007534592520,0,0,5,6,5,1,1,2,1,en_curso
372,124,3.0,mejorada,1,2,383823007534592520,0,0,5,1,5,4,2,3,1,en_curso
372,124,4.0,mejorada,1,2,383823007534592520,0,0,5,1,5,5,2,4,1,en_curso
372,124,5.0,mejorada,1,2,383823007534592520,0,1,5,4,5,5,2,5,1,en_curso
372,124,6.0,mejorada,1,2,383823007534592520,1,1,5,4,5,6,2,6,1,en_curso
372,124,7.0,mejorada,1,2,383823007534592520,2,1,5,1,5,6,2,7,1,en_curso
372,124,8.0,mejorada,1,2,383823007534592520,2,1,5,4,5,6,2,8,1,en_curso
372,124,9.0,mejorada,1,2,383823007534592520,2,3,5,12,5,8,2,9,1,en_curso
372,124,10.0,mejorada,1,2,383823007534592520,2,3,7,15,7,8,1,10,1,en_curso
372,124,11.0,mejorada,1,2,383823007534592520,2,3,13,16,12,8,1,11,1,en_curso
372,124,12.0,mejorada,1,2,383823007534592520,2,4,18,14,13,8,1,12,1,perdido
373,124,1.0,mejorada,1,3,383823007534592520,0,0,0,10,0,0,3,1,1,en_curso
373,124,2.0,mejorada,1,3,383823007534592520,0,0,5,10,5,1,2,2,1,en_curso
373,124,3.0,mejorada,1,3,383823007534592520,0,0,5,6,5,1,2,3,1,en_curso
373,124,4.0,mejorada,1,3,383823007534592520,0,0,5,7,5,4,3,4,1,en_curso
373,124,5.0,mejorada,1,3,383823007534592520,1,1,7,10,7,6,2,5,1,en_curso
373,124,6.0,mejorada,1,3,383823007534592520,1,1,7,7,7,7,2,6,1,en_curso
373,124,7.0,mejorada,1,3,383823007534592520,1,1,7,2,7,7,3,7,1,en_curso
373,124,8.0,mejorada,1,3,383823007534592520,3,2,9,9,9,7,3,8,1,en_curso
373,124,9.0,mejorada,1,3,383823007534592520,4,2,11,10,10,7,2,9,1,en_curso
373,124,10.0,mejorada,1,3,383823007534592520,4,2,14,7,12,7,1,10,1,en_curso
373,124,11.0,mejorada,1,3,383823007534592520,4,2,18,6,13,7,3,11,1,en_curso
373,124,12.0,mejorada,1,3,383823007534592520,4,3,18,9,13,7,3,12,1,en_curso
373,124,13.0,mejorada,1,3,383823007534592520,4,4,22,7,16,8,2,13,1,perdido
374,124,1.0,mejorada,1,4,383823007534592520,0,0,0,10,0,0,4,1,1,en_curso
374,124,2.0,mejorada,1,4,383823007534592520,0,0,5,10,5,1,2,2,1,en_curso
374,124,3.0,mejorada,1,4,383823007534592520,0,0,5,8,5,1,3,3,1,en_curso
374,124,4.0,mejorada,1,4,383823007534592520,0,0,12,10,10,5,1,4,1,en_curso
374,124,5.0,mejorada,1,4,383823007534592520,0,0,16,13,11,6,0,5,1,en_curso
374,124,6.0,mejorada,1,4,383823007534592520,0,0,18,10,11,6,0,6,1,en_curso
374,124,7.0,mejorada,1,4,383823007534592520,0,0,18,6,11,6,2,7,1,en_curso
374,124,8.0,mejorada,1,4,383823007534592520,0,0,18,10,11,6,2,8,1,en_curso
374,124,9.0,mejorada,1,4,383823007534592520,0,1,23,11,16,7,1,9,1,en_curso
374,124,10.0,mejorada,1,4,383823007534592520,1,1,23,9,16,7,1,10,1,en_curso
374,124,11.0,mejorada,1,4,383823007534592520,1,1,26,10,19,7,1,11,1,perdido
375,125,1.0,mejorada,1,2,4556261108682878519,0,0,0,10,0,0,2,1,1,en_curso
375,125,2.0,mejorada,1,2,4556261108682878519,0,0,1,8,1,0,0,2,1,en_curso
375,125,3.0,mejorada,1,2,4556261108682878519,0,0,6,10,6,2,1,3,1,en_curso
375,125,4.0,mejorada,1,2,4556261108682878519,0,0,8,10,6,4,1,4,1,en_curso
375,125,5.0,mejorada,1,2,4556261108682878519,0,0,10,5,8,5,0,5,1,en_curso
375,125,6.0,mejorada,1,2,4556261108682878519,0,0,13,7,11,6,1,6,1,en_curso
375,125,7.0,mejorada,1,2,4556261108682878519,0,0,16,8,14,6,2,7,1,en_curso
375,125,8.0,mejorada,1,2,4556261108682878519,0,0,16,6,14,6,2,8,1,en_curso
375,125,9.0,mejorada,1,2,4556261108682878519,0,0,16,3,14,7,2,9,1,en_curso
375,125,10.0,mejorada,1,2,4556261108682878519,0,0,16,2,14,7,2,10,1,en_curso
375,125,11.0,mejorada,1,2,4556261108682878519,0,1,16,7,14,7,2,11,1,en_curso
375,125,12.0,mejorada,1,2,4556261108682878519,0,1,18,9,16,7,2,12,1,en_curso
375,125,13.0,mejorada,1,2,4556261108682878519,0,3,25,12,18,8,1,13,1,perdido
376,125,1.0,mejorada,1,3,4556261108682878519,0,0,0,10,0,0,3,1,1,en_curso
376,125,2.0,mejorada,1,3,4556261108682878519,0,0,1,8,1,0,0,2,1,en_curso
376,125,3.0,mejorada,1,3,4556261108682878519,0,0,6,10,6,2,1,3,1,en_curso
376,125,4.0,mejorada,1,3,4556261108682878519,0,0,8,10,6,4,1,4,1,en_curso
376,125,5.0,mejorada,1,3,4556261108682878519,0,0,10,7,8,5,1,5,1,en_curso
376,125,6.0,mejorada,1,3,4556261108682878519,1,0,10,9,8,5,1,6,1,en_curso
376,125,7.0,mejorada,1,3,4556261108682878519,1,0,10,9,8,5,2,7,1,en_curso
376,125,8.0,mejorada,1,3,4556261108682878519,1,0,10,5,8,5,2,8,1,en_curso
376,125,9.0,mejorada,1,3,4556261108682878519,1,0,12,6,10,6,3,9,1,en_curso
376,125,10.0,mejorada,1,3,4556261108682878519,2,0,17,10,13,7,3,10,1,en_curso
376,125,11.0,mejorada,1,3,4556261108682878519,3,0,24,10,16,7,2,11,1,perdido
377,125,1.0,mejorada,1,4,4556261108682878519,0,0,0,10,0,0,4,1,1,en_curso
377,125,2.0,mejorada,1,4,4556261108682878519,0,0,1,9,1,0,1,2,1,en_curso
377,125,3.0,mejorada,1,4,4556261108682878519,0,0,5,15,5,4,0,3,1,en_curso
377,125,4.0,mejorada,1,4,4556261108682878519,0,0,7,14,7,4,0,4,1,en_curso
377,125,5.0,mejorada,1,4,4556261108682878519,0,0,11,13,9,4,0,5,1,en_curso
377,125,6.0,mejorada,1,4,4556261108682878519,0,0,14,17,11,4,0,6,1,en_curso
377,125,7.0,mejorada,1,4,4556261108682878519,0,0,18,13,15,4,0,7,1,en_curso
377,125,8.0,mejorada,1,4,4556261108682878519,0,0,18,14,15,5,0,8,1,en_curso
377,125,9.0,mejorada,1,4,4556261108682878519,0,1,18,13,15,6,0,9,1,en_curso
377,125,10.0,mejorada,1,4,4556261108682878519,0,1,22,8,15,6,0,10,1,en_curso
377,125,11.0,mejorada,1,4,4556261108682878519,0,1,23,12,16,7,2,11,1,en_curso
377,125,12.0,mejorada,1,4,4556261108682878519,0,1,23,9,16,7,1,12,1,en_curso
377,125,13.0,mejorada,1,4,4556261108682878519,1,1,23,6,16,7,4,13,1,en_curso
377,125,14.0,mejorada,1,4,4556261108682878519,3,1,23,6,16,8,4,14,1,en_curso
377,125,15.0,mejorada,1,4,4556261108682878519,4,1,23,6,16,8,4,15,1,en_curso
377,125,16.0,mejorada,1,4,4556261108682878519,4,1,25,14,16,8,1,16,1,perdido
378,126,1.0,mejorada,1,2,3042432681873228590,0,0,0,10,0,0,2,1,1,en_curso
378,126,2.0,mejorada,1,2,3042432681873228590,0,0,5,8,5,1,2,2,1,en_curso
378,126,3.0,mejorada,1,2,3042432681873228590,0,0,8,5,7,6,2,3,1,en_curso
378,126,4.0,mejorada,1,2,3042432681873228590,0,0,12,10,8,6,2,4,1,en_curso
378,126,5.0,mejorada,1,2,3042432681873228590,0,1,12,9,8,6,2,5,1,en_curso
378,126,6.0,mejorada,1,2,3042432681873228590,0,1,12,7,8,6,2,6,1,en_curso
378,126,7.0,mejorada,1,2,3042432681873228590,2,4,15,10,10,6,1,7,1,perdido
379,126,1.0,mejorada,1,3,3042432681873228590,0,0,0,10,0,0,3,1,1,en_curso
379,126,2.0,mejorada,1,3,3042432681873228590,0,0,5,9,5,1,3,2,1,en_curso
379,126,3.0,mejorada,1,3,3042432681873228590,0,0,7,8,7,5,0,3,1,en_curso
379,126,4.0,mejorada,1,3,3042432681873228590,0,0,10,6,10,7,3,4,1,en_curso
379,126,5.0,mejorada,1,3,3042432681873228590,0,0,15,9,13,7,3,5,1,en_curso
379,126,6.0,mejorada,1,3,3042432681873228590,2,0,17,7,13,7,3,6,1,en_curso
379,126,7.0,mejorada,1,3,3042432681873228590,3,0,17,11,13,7,2,7,1,en_curso
379,126,8.0,mejorada,1,3,3042432681873228590,3,0,19,7,14,7,1,8,1,en_curso
379,126,9.0,mejorada,1,3,3042432681873228590,3,1,21,8,15,7,2,9,1,en_curso
379,126,10.0,mejorada,1,3,3042432681873228590,3,1,22,11,15,7,3,10,1,en_curso
379,126,11.0,mejorada,1,3,3042432681873228590,4,1,22,9,15,7,1,11,1,en_curso
379,126,12.0,mejorada,1,3,3042432681873228590,4,1,25,7,18,8,3,12,1,perdido
380,126,1.0,mejorada,1,4,3042432681873228590,0,0,0,10,0,0,4,1,1,en_curso
380,126,2.0,mejorada,1,4,3042432681873228590,0,0,5,9,5,1,3,2,1,en_curso
380,126,3.0,mejorada,1,4,3042432681873228590,0,0,7,8,7,5,0,3,1,en_curso
380,126,4.0,mejorada,1,4,3042432681873228590,0,0,10,7,10,7,4,4,1,en_curso
380,126,5.0,mejorada,1,4,3042432681873228590,1,0,10,8,10,7,3,5,1,en_curso
380,126,6.0,mejorada,1,4,3042432681873228590,1,0,15,10,10,8,2,6,1,en_curso
380,126,7.0,mejorada,1,4,3042432681873228590,1,2,19,18,13,8,1,7,1,en_curso
380,126,8.0,mejorada,1,4,3042432681873228590,1,3,25,17,17,8,0,8,1,perdido
381,127,1.0,mejorada,1,2,1333000362236215915,0,0,0,10,0,0,2,1,1,en_curso
381,127,2.0,mejorada,1,2,1333000362236215915,0,0,2,7,2,1,0,2,1,en_curso
381,127,3.0,mejorada,1,2,1333000362236215915,0,0,3,8,3,2,2,3,1,en_curso
381,127,4.0,mejorada,1,2,1333000362236215915,0,0,4,10,4,5,1,4,1,en_curso
381,127,5.0,mejorada,1,2,1333000362236215915,0,0,4,5,4,5,1,5,1,en_curso
381,127,6.0,mejorada,1,2,1333000362236215915,0,0,4,3,4,5,2,6,1,en_curso
381,127,7.0,mejorada,1,2,1333000362236215915,2,1,4,3,4,5,2,7,1,en_curso
381,127,8.0,mejorada,1,2,1333000362236215915,2,1,4,4,4,6,2,8,1,en_curso
381,127,9.0,mejorada,1,2,1333000362236215915,3,1,4,5,4,6,2,9,1,en_curso
381,127,10.0,mejorada,1,2,1333000362236215915,3,1,4,4,4,7,2,10,1,en_curso
381,127,11.0,mejorada,1,2,1333000362236215915,3,1,6,6,6,8,2,11,1,en_curso
381,127,12.0,mejorada,1,2,1333000362236215915,4,1,6,4,6,8,2,12,1,en_curso
381,127,13.0,mejorada,1,2,1333000362236215915,5,1,6,5,6,8,2,13,1,en_curso
381,127,14.0,mejorada,1,2,1333000362236215915,5,1,8,8,8,8,2,14,1,en_curso
381,127,15.0,mejorada,1,2,1333000362236215915,5,1,11,11,10,8,1,15,1,en_curso
381,127,16.0,mejorada,1,2,1333000362236215915,7,2,18,11,14,8,1,16,1,ganado
382,127,1.0,mejorada,1,3,1333000362236215915,0,0,0,10,0,0,3,1,1,en_curso
382,127,2.0,mejorada,1,3,1333000362236215915,0,0,2,7,2,1,0,2,1,en_curso
382,127,3.0,mejorada,1,3,1333000362236215915,0,0,3,8,3,2,3,3,1,en_curso
382,127,4.0,mejorada,1,3,1333000362236215915,0,0,4,12,4,4,1,4,1,en_curso
382,127,5.0,mejorada,1,3,1333000362236215915,0,0,9,15,8,4,0,5,1,en_curso
382,127,6.0,mejorada,1,3,1333000362236215915,0,0,13,10,9,4,0,6,1,en_curso
382,127,7.0,mejorada,1,3,1333000362236215915,0,0,13,7,9,4,1,7,1,en_curso
382,127,8.0,mejorada,1,3,1333000362236215915,0,1,15,7,11,4,2,8,1,en_curso
382,127,9.0,mejorada,1,3,1333000362236215915,0,1,15,10,11,4,3,9,1,en_curso
382,127,10.0,mejorada,1,3,1333000362236215915,0,1,15,7,11,4,1,10,1,en_curso
382,127,11.0,mejorada,1,3,1333000362236215915,1,1,18,11,13,6,3,11,1,en_curso
382,127,12.0,mejorada,1,3,1333000362236215915,1,2,24,12,17,7,1,12,1,perdido
383,127,1.0,mejorada,1,4,1333000362236215915,0,0,0,10,0,0,4,1,1,en_curso
383,127,2.0,mejorada,1,4,1333000362236215915,0,0,2,8,2,0,1,2,1,en_curso
383,127,3.0,mejorada,1,4,1333000362236215915,0,0,3,11,3,1,3,3,1,en_curso
383,127,4.0,mejorada,1,4,1333000362236215915,0,0,5,12,4,3,0,4,1,en_curso
383,127,5.0,mejorada,1,4,1333000362236215915,0,0,9,13,8,3,0,5,1,en_curso
383,127,6.0,mejorada,1,4,1333000362236215915,0,0,14,11,10,4,0,6,1,en_curso
383,127,7.0,mejorada,1,4,1333000362236215915,0,0,14,7,10,4,1,7,1,en_curso
383,127,8.0,mejorada,1,4,1333000362236215915,0,1,17,12,13,6,1,8,1,en_curso
383,127,9.0,mejorada,1,4,1333000362236215915,0,1,17,11,13,6,0,9,1,en_curso
383,127,10.0,mejorada,1,4,1333000362236215915,0,1,19,11,15,6,0,10,1,en_curso
383,127,11.0,mejorada,1,4,1333000362236215915,0,1,24,11,17,6,0,11,1,perdido
384,128,1.0,mejorada,1,2,953724041019979856,0,0,0,10,0,0,2,1,1,en_curso
384,128,2.0,mejorada,1,2,953724041019979856,0,0,3,8,3,1,1,2,1,en_curso
384,128,3.0,mejorada,1,2,953724041019979856,0,0,3,3,3,4,2,3,1,en_curso
384,128,4.0,mejorada,1,2,953724041019979856,0,0,7,6,7,6,2,4,1,en_curso
384,128,5.0,mejorada,1,2,953724041019979856,0,0,7,2,7,6,2,5,1,en_curso
384,128,6.0,mejorada,1,2,953724041019979856,0,0,7,2,7,6,2,6,1,en_curso
384,128,7.0,mejorada,1,2,953724041019979856,1,0,7,0,7,6,2,7,1,en_curso
384,128,8.0,mejorada,1,2,953724041019979856,2,0,7,3,7,6,2,8,1,en_curso
384,128,9.0,mejorada,1,2,953724041019979856,3,0,9,6,9,6,2,9,1,en_curso
384,128,10.0,mejorada,1,2,953724041019979856,3,1,12,4,11,6,2,10,1,en_curso
384,128,11.0,mejorada,1,2,953724041019979856,5,1,12,6,11,7,2,11,1,en_curso
384,128,12.0,mejorada,1,2,953724041019979856,5,1,12,9,11,8,2,12,1,en_curso
384,128,13.0,mejorada,1,2,953724041019979856,6,1,12,10,11,8,1,13,1,en_curso
384,128,14.0,mejorada,1,2,953724041019979856,6,1,24,18,18,8,0,14,1,perdido
385,128,1.0,mejorada,1,3,953724041019979856,0,0,0,10,0,0,3,1,1,en_curso
385,128,2.0,mejorada,1,3,953724041019979856,0,0,3,8,3,1,1,2,1,en_curso
385,128,3.0,mejorada,1,3,953724041019979856,0,0,3,3,3,4,3,3,1,en_curso
385,128,4.0,mejorada,1,3,953724041019979856,1,1,3,3,3,5,3,4,1,en_curso
385,128,5.0,mejorada,1,3,953724041019979856,1,1,3,5,3,7,3,5,1,en_curso
385,128,6.0,mejorada,1,3,953724041019979856,1,1,3,2,3,7,3,6,1,en_curso
385,128,7.0,mejorada,1,3,953724041019979856,1,1,3,4,3,7,3,7,1,en_curso
385,128,8.0,mejorada,1,3,953724041019979856,3,1,11,5,7,7,3,8,1,en_curso
385,128,9.0,mejorada,1,3,953724041019979856,3,2,13,7,7,7,3,9,1,en_curso
385,128,10.0,mejorada,1,3,953724041019979856,3,2,17,14,11,7,3,10,1,en_curso
385,128,11.0,mejorada,1,3,953724041019979856,6,2,17,13,11,7,3,11,1,en_curso
385,128,12.0,mejorada,1,3,953724041019979856,6,2,19,18,13,7,0,12,1,en_curso
385,128,13.0,mejorada,1,3,953724041019979856,6,2,19,15,13,7,0,13,1,en_curso
385,128,14.0,mejorada,1,3,953724041019979856,6,2,19,13,13,7,0,14,1,en_curso
385,128,15.0,mejorada,1,3,953724041019979856,6,2,21,12,15,8,0,15,1,en_curso
385,128,16.0,mejorada,1,3,953724041019979856,6,2,24,9,17,8,0,16,1,perdido
386,128,1.0,mejorada,1,4,953724041019979856,0,0,0,10,0,0,4,1,1,en_curso
386,128,2.0,mejorada,1,4,953724041019979856,0,0,3,8,3,1,1,2,1,en_curso
386,128,3.0,mejorada,1,4,953724041019979856,0,0,3,6,3,4,4,3,1,en_curso
386,128,4.0,mejorada,1,4,953724041019979856,1,0,5,10,5,5,3,4,1,en_curso
386,128,5.0,mejorada,1,4,953724041019979856,2,1,7,11,5,5,2,5,1,en_curso
386,128,6.0,mejorada,1,4,953724041019979856,2,1,11,11,7,5,2,6,1,en_curso
386,128,7.0,mejorada,1,4,953724041019979856,2,1,13,10,8,5,2,7,1,en_curso
386,128,8.0,mejorada,1,4,953724041019979856,2,2,13,11,8,5,2,8,1,en_curso
386,128,9.0,mejorada,1,4,953724041019979856,2,2,13,20,8,6,2,9,1,en_curso
386,128,10.0,mejorada,1,4,953724041019979856,2,4,15,26,10,7,2,10,1,perdido
387,129,1.0,mejorada,1,2,5420064514633398218,0,0,0,10,0,0,2,1,1,en_curso
387,129,2.0,mejorada,1,2,5420064514633398218,0,0,2,8,2,0,0,2,1,en_curso
387,129,3.0,mejorada,1,2,5420064514633398218,0,0,5,7,5,2,2,3,1,en_curso
387,129,4.0,mejorada,1,2,5420064514633398218,0,0,5,3,5,5,2,4,1,en_curso
387,129,5.0,mejorada,1,2,5420064514633398218,0,0,5,6,5,7,2,5,1,en_curso
387,129,6.0,mejorada,1,2,5420064514633398218,0,1,7,7,7,7,2,6,1,en_curso
387,129,7.0,mejorada,1,2,5420064514633398218,0,1,7,5,7,7,2,7,1,en_curso
387,129,8.0,mejorada,1,2,5420064514633398218,2,1,7,6,7,7,2,8,1,en_curso
387,129,9.0,mejorada,1,2,5420064514633398218,2,1,7,5,7,7,2,9,1,en_curso
387,129,10.0,mejorada,1,2,5420064514633398218,3,2,7,7,7,7,2,10,1,en_curso
387,129,11.0,mejorada,1,2,5420064514633398218,3,2,8,11,7,7,0,11,1,en_curso
387,129,12.0,mejorada,1,2,5420064514633398218,3,2,10,8,9,7,0,12,1,en_curso
387,129,13.0,mejorada,1,2,5420064514633398218,3,2,13,6,11,7,2,13,1,en_curso
387,129,14.0,mejorada,1,2,5420064514633398218,4,2,16,5,13,7,2,14,1,en_curso
387,129,15.0,mejorada,1,2,5420064514633398218,5,3,17,5,13,7,2,15,1,en_curso
387,129,16.0,mejorada,1,2,5420064514633398218,5,3,25,19,20,7,1,16,1,perdido
388,129,1.0,mejorada,1,3,5420064514633398218,0,0,0,10,0,0,3,1,1,en_curso
388,129,2.0,mejorada,1,3,5420064514633398218,0,0,2,8,2,0,0,2,1,en_curso
388,129,3.0,mejorada,1,3,5420064514633398218,0,0,5,8,5,2,3,3,1,en_curso
388,129,4.0,mejorada,1,3,5420064514633398218,0,0,7,7,6,4,3,4,1,en_curso
388,129,5.0,mejorada,1,3,5420064514633398218,0,0,7,6,6,6,3,5,1,en_curso
388,129,6.0,mejorada,1,3,5420064514633398218,0,0,10,9,8,6,3,6,1,en_curso
388,129,7.0,mejorada,1,3,5420064514633398218,0,0,10,9,8,6,2,7,1,en_curso
388,129,8.0,mejorada,1,3,5420064514633398218,1,0,10,8,8,7,2,8,1,en_curso
388,129,9.0,mejorada,1,3,5420064514633398218,1,1,10,6,8,7,3,9,1,en_curso
388,129,10.0,mejorada,1,3,5420064514633398218,2,2,10,8,8,7,1,10,1,en_curso
388,129,11.0,mejorada,1,3,5420064514633398218,4,4,21,15,17,7,3,11,1,perdido
389,129,1.0,mejorada,1,4,5420064514633398218,0,0,0,10,0,0,4,1,1,en_curso
389,129,2.0,mejorada,1,4,5420064514633398218,0,0,2,8,2,0,0,2,1,en_curso
389,129,3.0,mejorada,1,4,5420064514633398218,0,0,5,8,5,4,3,3,1,en_curso
389,129,4.0,mejorada,1,4,5420064514633398218,0,0,6,13,5,6,3,4,1,en_curso
389,129,5.0,mejorada,1,4,5420064514633398218,0,0,10,12,8,6,1,5,1,en_curso
389,129,6.0,mejorada,1,4,5420064514633398218,0,0,12,13,9,6,1,6,1,en_curso
389,129,7.0,mejorada,1,4,5420064514633398218,0,0,13,12,10,7,1,7,1,en_curso
389,129,8.0,mejorada,1,4,5420064514633398218,1,0,24,17,18,7,0,8,1,perdido
390,130,1.0,mejorada,1,2,1573442415687162831,0,0,0,10,0,0,2,1,1,en_curso
390,130,2.0,mejorada,1,2,1573442415687162831,0,0,2,10,2,0,0,2,1,en_curso
390,130,3.0,mejorada,1,2,1573442415687162831,0,0,2,5,2,2,1,3,1,en_curso
390,130,4.0,mejorada,1,2,1573442415687162831,0,0,2,3,2,3,2,4,1,en_curso
390,130,5.0,mejorada,1,2,1573442415687162831,1,0,2,3,2,3,2,5,1,en_curso
390,130,6.0,mejorada,1,2,1573442415687162831,1,0,2,2,2,5,2,6,1,en_curso
390,130,7.0,mejorada,1,2,1573442415687162831,2,0,4,2,4,6,2,7,1,en_curso
390,130,8.0,mejorada,1,2,1573442415687162831,3,0,4,6,4,6,2,8,1,en_curso
390,130,9.0,mejorada,1,2,1573442415687162831,3,1,7,7,6,6,2,9,1,en_curso
390,130,10.0,mejorada,1,2,1573442415687162831,4,2,7,3,6,6,1,10,1,en_curso
390,130,11.0,mejorada,1,2,1573442415687162831,4,2,7,4,6,6,2,11,1,en_curso
390,130,12.0,mejorada,1,2,1573442415687162831,4,3,7,5,6,7,2,12,1,en_curso
390,130,13.0,mejorada,1,2,1573442415687162831,4,3,7,5,6,7,2,13,1,en_curso
390,130,14.0,mejorada,1,2,1573442415687162831,7,3,9,6,8,7,2,14,1,ganado
391,130,1.0,mejorada,1,3,1573442415687162831,0,0,0,10,0,0,3,1,1,en_curso
391,130,2.0,mejorada,1,3,1573442415687162831,0,0,2,10,2,0,0,2,1,en_curso
391,130,3.0,mejorada,1,3,1573442415687162831,0,0,2,6,2,2,2,3,1,en_curso
391,130,4.0,mejorada,1,3,1573442415687162831,0,0,3,9,3,3,3,4,1,en_curso
391,130,5.0,mejorada,1,3,1573442415687162831,0,0,3,7,3,3,2,5,1,en_curso
391,130,6.0,mejorada,1,3,1573442415687162831,0,0,5,10,5,4,1,6,1,en_curso
391,130,7.0,mejorada,1,3,1573442415687162831,0,0,8,10,6,4,2,7,1,en_curso
391,130,8.0,mejorada,1,3,1573442415687162831,0,0,8,7,6,5,2,8,1,en_curso
391,130,9.0,mejorada,1,3,1573442415687162831,0,0,8,9,6,5,3,9,1,en_curso
391,130,10.0,mejorada,1,3,1573442415687162831,0,0,9,16,7,5,3,10,1,en_curso
391,130,11.0,mejorada,1,3,1573442415687162831,1,0,17,21,14,6,3,11,1,en_curso
391,130,12.0,mejorada,1,3,1573442415687162831,2,2,25,14,20,7,0,12,1,perdido
392,130,1.0,mejorada,1,4,1573442415687162831,0,0,0,10,0,0,4,1,1,en_curso
392,130,2.0,mejorada,1,4,1573442415687162831,0,0,2,10,2,0,0,2,1,en_curso
392,130,3.0,mejorada,1,4,1573442415687162831,0,0,2,7,2,3,3,3,1,en_curso
392,130,4.0,mejorada,1,4,1573442415687162831,0,0,3,12,3,5,4,4,1,en_curso
392,130,5.0,mejorada,1,4,1573442415687162831,0,0,3,8,3,6,1,5,1,en_curso
392,130,6.0,mejorada,1,4,1573442415687162831,0,1,8,10,8,7,2,6,1,en_curso
392,130,7.0,mejorada,1,4,1573442415687162831,0,1,12,10,10,7,1,7,1,en_curso
392,130,8.0,mejorada,1,4,1573442415687162831,0,1,12,8,10,7,3,8,1,en_curso
392,130,9.0,mejorada,1,4,1573442415687162831,2,2,15,13,11,7,2,9,1,en_curso
392,130,10.0,mejorada,1,4,1573442415687162831,3,2,17,12,13,7,1,10,1,en_curso
392,130,11.0,mejorada,1,4,1573442415687162831,3,2,24,12,18,7,0,11,1,perdido
393,131,1.0,mejorada,1,2,8532727030568331756,0,0,0,10,0,0,2,1,1,en_curso
393,131,2.0,mejorada,1,2,8532727030568331756,0,0,4,8,4,0,2,2,1,en_curso
393,131,3.0,mejorada,1,2,8532727030568331756,0,0,7,7,5,5,1,3,1,en_curso
393,131,4.0,mejorada,1,2,8532727030568331756,0,0,8,8,6,5,2,4,1,en_curso
393,131,5.0,mejorada,1,2,8532727030568331756,0,1,11,7,9,6,1,5,1,en_curso
393,131,6.0,mejorada,1,2,8532727030568331756,0,1,11,4,9,6,2,6,1,en_curso
393,131,7.0,mejorada,1,2,8532727030568331756,1,3,11,7,9,7,2,7,1,en_curso
393,131,8.0,mejorada,1,2,8532727030568331756,2,3,12,8,10,7,2,8,1,en_curso
393,131,9.0,mejorada,1,2,8532727030568331756,2,3,18,9,15,7,0,9,1,en_curso
393,131,10.0,mejorada,1,2,8532727030568331756,2,3,18,5,15,7,1,10,1,en_curso
393,131,11.0,mejorada,1,2,8532727030568331756,2,3,18,5,15,7,2,11,1,en_curso
393,131,12.0,mejorada,1,2,8532727030568331756,3,3,26,11,20,7,0,12,1,perdido
394,131,1.0,mejorada,1,3,8532727030568331756,0,0,0,10,0,0,3,1,1,en_curso
394,131,2.0,mejorada,1,3,8532727030568331756,0,0,4,8,4,0,2,2,1,en_curso
394,131,3.0,mejorada,1,3,8532727030568331756,0,0,7,7,5,5,1,3,1,en_curso
394,131,4.0,mejorada,1,3,8532727030568331756,0,0,8,10,6,5,3,4,1,en_curso
394,131,5.0,mejorada,1,3,8532727030568331756,0,1,11,8,9,6,1,5,1,en_curso
394,131,6.0,mejorada,1,3,8532727030568331756,0,1,11,9,9,7,3,6,1,en_curso
394,131,7.0,mejorada,1,3,8532727030568331756,1,4,15,17,10,7,3,7,1,perdido
395,131,1.0,mejorada,1,4,8532727030568331756,0,0,0,10,0,0,4,1,1,en_curso
395,131,2.0,mejorada,1,4,8532727030568331756,0,0,4,8,4,2,2,2,1,en_curso
395,131,3.0,mejorada,1,4,8532727030568331756,0,0,7,6,5,4,2,3,1,en_curso
395,131,4.0,mejorada,1,4,8532727030568331756,1,0,8,10,6,7,4,4,1,en_curso
395,131,5.0,mejorada,1,4,8532727030568331756,1,0,11,9,9,7,0,5,1,en_curso
395,131,6.0,mejorada,1,4,8532727030568331756,1,1,15,13,11,7,2,6,1,en_curso
395,131,7.0,mejorada,1,4,8532727030568331756,1,1,20,18,15,7,1,7,1,en_curso
395,131,8.0,mejorada,1,4,8532727030568331756,1,2,25,15,18,7,1,8,1,perdido
396,132,1.0,mejorada,1,2,5359343067615589510,0,0,0,10,0,0,2,1,1,en_curso
396,132,2.0,mejorada,1,2,5359343067615589510,0,0,3,7,3,1,2,2,1,en_curso
396,132,3.0,mejorada,1,2,5359343067615589510,1,0,3,2,3,4,2,3,1,en_curso
396,132,4.0,mejorada,1,2,5359343067615589510,2,0,3,2,3,4,2,4,1,en_curso
396,132,5.0,mejorada,1,2,5359343067615589510,2,1,3,3,3,5,2,5,1,en_curso
396,132,6.0,mejorada,1,2,5359343067615589510,2,1,5,7,5,5,2,6,1,en_curso
396,132,7.0,mejorada,1,2,5359343067615589510,2,2,5,8,5,6,2,7,1,en_curso
396,132,8.0,mejorada,1,2,5359343067615589510,2,3,7,8,7,6,2,8,1,en_curso
396,132,9.0,mejorada,1,2,5359343067615589510,4,3,7,8,7,6,2,9,1,en_curso
396,132,10.0,mejorada,1,2,5359343067615589510,4,4,21,14,19,6,0,10,1,perdido
397,132,1.0,mejorada,1,3,5359343067615589510,0,0,0,10,0,0,3,1,1,en_curso
397,132,2.0,mejorada,1,3,5359343067615589510,0,0,3,7,3,1,2,2,1,en_curso
397,132,3.0,mejorada,1,3,5359343067615589510,1,0,5,6,5,4,3,3,1,en_curso
397,132,4.0,mejorada,1,3,5359343067615589510,2,0,9,6,7,5,3,4,1,en_curso
397,132,5.0,mejorada,1,3,5359343067615589510,2,0,9,8,7,6,3,5,1,en_curso
397,132,6.0,mejorada,1,3,5359343067615589510,2,0,9,5,7,7,3,6,1,en_curso
397,132,7.0,mejorada,1,3,5359343067615589510,3,1,11,5,9,7,3,7,1,en_curso
397,132,8.0,mejorada,1,3,5359343067615589510,5,1,12,6,10,7,3,8,1,en_curso
397,132,9.0,mejorada,1,3,5359343067615589510,5,1,16,11,14,7,2,9,1,en_curso
397,132,10.0,mejorada,1,3,5359343067615589510,5,1,16,11,14,7,1,10,1,en_curso
397,132,11.0,mejorada,1,3,5359343067615589510,5,1,26,13,21,7,1,11,1,perdido
398,132,1.0,mejorada,1,4,5359343067615589510,0,0,0,10,0,0,4,1,1,en_curso
398,132,2.0,mejorada,1,4,5359343067615589510,0,0,3,6,3,0,2,2,1,en_curso
398,132,3.0,mejorada,1,4,5359343067615589510,2,0,5,6,5,0,4,3,1,en_curso
398,132,4.0,mejorada,1,4,5359343067615589510,2,0,9,9,8,3,2,4,1,en_curso
398,132,5.0,mejorada,1,4,5359343067615589510,2,0,9,7,8,5,4,5,1,en_curso
398,132,6.0,mejorada,1,4,5359343067615589510,2,0,9,7,8,7,4,6,1,en_curso
398,132,7.0,mejorada,1,4,5359343067615589510,3,0,9,5,8,7,4,7,1,en_curso
398,132,8.0,mejorada,1,4,5359343067615589510,4,0,9,8,8,7,3,8,1,en_curso
398,132,9.0,mejorada,1,4,5359343067615589510,4,3,25,17,18,7,0,9,1,perdido
399,133,1.0,mejorada,1,2,3199309255575899088,0,0,0,10,0,0,2,1,1,en_curso
399,133,2.0,mejorada,1,2,3199309255575899088,0,0,2,12,2,0,0,2,1,en_curso
399,133,3.0,mejorada,1,2,3199309255575899088,0,0,2,6,2,2,2,3,1,en_curso
399,133,4.0,mejorada,1,2,3199309255575899088,0,0,4,5,4,5,2,4,1,en_curso
399,133,5.0,mejorada,1,2,3199309255575899088,0,0,4,3,4,7,2,5,1,en_curso
399,133,6.0,mejorada,1,2,3199309255575899088,0,0,4,1,4,7,2,6,1,en_curso
399,133,7.0,mejorada,1,2,3199309255575899088,0,0,4,4,4,7,2,7,1,en_curso
399,133,8.0,mejorada,1,2,3199309255575899088,0,0,4,4,4,7,2,8,1,en_curso
399,133,9.0,mejorada,1,2,3199309255575899088,2,0,4,1,4,7,2,9,1,en_curso
399,133,10.0,mejorada,1,2,3199309255575899088,3,1,6,4,6,7,2,10,1,en_curso
399,133,11.0,mejorada,1,2,3199309255575899088,3,3,10,17,9,7,1,11,1,en_curso
399,133,12.0,mejorada,1,2,3199309255575899088,3,4,17,15,12,7,1,12,1,perdido
400,133,1.0,mejorada,1,3,3199309255575899088,0,0,0,10,0,0,3,1,1,en_curso
400,133,2.0,mejorada,1,3,3199309255575899088,0,0,2,12,2,0,0,2,1,en_curso
400,133,3.0,mejorada,1,3,3199309255575899088,0,0,2,6,2,2,2,3,1,en_curso
400,133,4.0,mejorada,1,3,3199309255575899088,0,0,4,7,4,4,3,4,1,en_curso
400,133,5.0,mejorada,1,3,3199309255575899088,0,0,4,6,4,6,3,5,1,en_curso
400,133,6.0,mejorada,1,3,3199309255575899088,1,0,4,6,4,6,3,6,1,en_curso
400,133,7.0,mejorada,1,3,3199309255575899088,1,0,6,10,6,6,3,7,1,en_curso
400,133,8.0,mejorada,1,3,3199309255575899088,2,0,9,12,7,6,2,8,1,en_curso
400,133,9.0,mejorada,1,3,3199309255575899088,2,2,14,17,10,6,0,9,1,en_curso
400,133,10.0,mejorada,1,3,3199309255575899088,2,4,17,8,13,6,0,10,1,perdido
401,133,1.0,mejorada,1,4,3199309255575899088,0,0,0,10,0,0,4,1,1,en_curso
401,133,2.0,mejorada,1,4,3199309255575899088,0,0,2,12,2,0,0,2,1,en_curso
401,133,3.0,mejorada,1,4,3199309255575899088,0,0,2,6,2,2,2,3,1,en_curso
401,133,4.0,mejorada,1,4,3199309255575899088,0,0,4,9,4,4,4,4,1,en_curso
401,133,5.0,mejorada,1,4,3199309255575899088,0,0,4,7,4,6,3,5,1,en_curso
401,133,6.0,mejorada,1,4,3199309255575899088,1,0,4,8,4,6,4,6,1,en_curso
401,133,7.0,mejorada,1,4,3199309255575899088,2,0,9,10,8,6,3,7,1,en_curso
401,133,8.0,mejorada,1,4,3199309255575899088,2,0,14,10,9,6,2,8,1,en_curso
401,133,9.0,mejorada,1,4,3199309255575899088,4,2,18,18,13,6,2,9,1,en_curso
401,133,10.0,mejorada,1,4,3199309255575899088,4,3,24,21,19,6,0,10,1,perdido
402,134,1.0,mejorada,1,2,5450233420273996561,0,0,0,10,0,0,2,1,1,en_curso
402,134,2.0,mejorada,1,2,5450233420273996561,0,0,3,6,3,1,2,2,1,en_curso
402,134,3.0,mejorada,1,2,5450233420273996561,0,0,3,7,3,4,2,3,1,en_curso
402,134,4.0,mejorada,1,2,5450233420273996561,0,1,7,5,6,5,2,4,1,en_curso
402,134,5.0,mejorada,1,2,5450233420273996561,1,2,7,8,6,6,2,5,1,en_curso
402,134,6.0,mejorada,1,2,5450233420273996561,3,2,10,10,9,7,1,6,1,en_curso
402,134,7.0,mejorada,1,2,5450233420273996561,3,2,10,6,9,7,2,7,1,en_curso
402,134,8.0,mejorada,1,2,5450233420273996561,3,2,10,3,9,7,2,8,1,en_curso
402,134,9.0,mejorada,1,2,5450233420273996561,3,2,10,5,9,7,2,9,1,en_curso
402,134,10.0,mejorada,1,2,5450233420273996561,4,2,10,5,9,7,2,10,1,en_curso
402,134,11.0,mejorada,1,2,5450233420273996561,5,2,10,4,9,7,2,11,1,en_curso
402,134,12.0,mejorada,1,2,5450233420273996561,5,2,10,1,9,7,2,12,1,en_curso
402,134,13.0,mejorada,1,2,5450233420273996561,5,2,13,3,12,7,2,13,1,en_curso
402,134,14.0,mejorada,1,2,5450233420273996561,7,2,13,5,12,7,2,14,1,ganado
403,134,1.0,mejorada,1,3,5450233420273996561,0,0,0,10,0,0,3,1,1,en_curso
403,134,2.0,mejorada,1,3,5450233420273996561,0,0,3,6,3,1,2,2,1,en_curso
403,134,3.0,mejorada,1,3,5450233420273996561,0,0,3,7,3,4,3,3,1,en_curso
403,134,4.0,mejorada,1,3,5450233420273996561,0,1,7,10,6,6,2,4,1,en_curso
403,134,5.0,mejorada,1,3,5450233420273996561,0,1,7,10,6,6,1,5,1,en_curso
403,134,6.0,mejorada,1,3,5450233420273996561,1,1,9,8,7,6,1,6,1,en_curso
403,134,7.0,mejorada,1,3,5450233420273996561,1,1,12,8,10,7,1,7,1,en_curso
403,134,8.0,mejorada,1,3,5450233420273996561,1,1,16,7,13,7,3,8,1,en_curso
403,134,9.0,mejorada,1,3,5450233420273996561,1,1,19,7,13,7,3,9,1,en_curso
403,134,10.0,mejorada,1,3,5450233420273996561,1,1,20,12,14,7,2,10,1,en_curso
403,134,11.0,mejorada,1,3,5450233420273996561,1,2,26,9,18,7,1,11,1,perdido
404,134,1.0,mejorada,1,4,5450233420273996561,0,0,0,10,0,0,4,1,1,en_curso
404,134,2.0,mejorada,1,4,5450233420273996561,0,0,3,7,3,0,3,2,1,en_curso
404,134,3.0,mejorada,1,4,5450233420273996561,0,0,3,8,3,4,3,3,1,en_curso
404,134,4.0,mejorada,1,4,5450233420273996561,0,1,8,7,7,5,4,4,1,en_curso
404,134,5.0,mejorada,1,4,5450233420273996561,0,2,11,12,10,6,1,5,1,en_curso
404,134,6.0,mejorada,1,4,5450233420273996561,1,2,16,9,11,7,1,6,1,en_curso
404,134,7.0,mejorada,1,4,5450233420273996561,1,2,19,7,11,7,3,7,1,en_curso
404,134,8.0,mejorada,1,4,5450233420273996561,2,2,19,6,11,7,4,8,1,en_curso
404,134,9.0,mejorada,1,4,5450233420273996561,3,2,21,9,13,7,4,9,1,en_curso
404,134,10.0,mejorada,1,4,5450233420273996561,3,2,21,6,13,7,3,10,1,en_curso
404,134,11.0,mejorada,1,4,5450233420273996561,6,2,23,16,14,8,2,11,1,en_curso
404,134,12.0,mejorada,1,4,5450233420273996561,6,2,26,14,17,8,0,12,1,perdido
405,135,1.0,mejorada,1,2,210328586387355560,0,0,0,10,0,0,2,1,1,en_curso
405,135,2.0,mejorada,1,2,210328586387355560,0,0,4,9,4,1,1,2,1,en_curso
405,135,3.0,mejorada,1,2,210328586387355560,0,0,4,3,4,2,0,3,1,en_curso
405,135,4.0,mejorada,1,2,210328586387355560,0,0,4,1,4,4,2,4,1,en_curso
405,135,5.0,mejorada,1,2,210328586387355560,0,0,4,0,4,6,2,5,1,en_curso
405,135,6.0,mejorada,1,2,210328586387355560,0,1,4,2,4,7,2,6,1,en_curso
405,135,7.0,mejorada,1,2,210328586387355560,0,1,4,0,4,8,2,7,1,en_curso
405,135,8.0,mejorada,1,2,210328586387355560,0,1,4,0,4,8,2,8,1,en_curso
405,135,9.0,mejorada,1,2,210328586387355560,0,1,4,3,4,8,2,9,1,en_curso
405,135,10.0,mejorada,1,2,210328586387355560,1,1,4,1,4,8,2,10,1,en_curso
405,135,11.0,mejorada,1,2,210328586387355560,2,2,7,6,7,8,2,11,1,en_curso
405,135,12.0,mejorada,1,2,210328586387355560,2,2,7,8,7,8,2,12,1,en_curso
405,135,13.0,mejorada,1,2,210328586387355560,2,2,7,6,7,8,2,13,1,en_curso
405,135,14.0,mejorada,1,2,210328586387355560,4,2,7,5,7,8,2,14,1,en_curso
405,135,15.0,mejorada,1,2,210328586387355560,4,2,7,6,7,8,2,15,1,en_curso
405,135,16.0,mejorada,1,2,210328586387355560,5,3,10,6,10,8,2,16,1,en_curso
405,135,17.0,mejorada,1,2,210328586387355560,7,3,14,4,13,8,2,17,1,ganado
406,135,1.0,mejorada,1,3,210328586387355560,0,0,0,10,0,0,3,1,1,en_curso
406,135,2.0,mejorada,1,3,210328586387355560,0,0,4,9,4,1,1,2,1,en_curso
406,135,3.0,mejorada,1,3,210328586387355560,0,0,4,3,4,2,1,3,1,en_curso
406,135,4.0,mejorada,1,3,210328586387355560,0,0,4,3,4,4,3,4,1,en_curso
406,135,5.0,mejorada,1,3,210328586387355560,0,0,4,1,4,6,3,5,1,en_curso
406,135,6.0,mejorada,1,3,210328586387355560,0,0,4,1,4,7,3,6,1,en_curso
406,135,7.0,mejorada,1,3,210328586387355560,0,1,4,1,4,8,3,7,1,en_curso
406,135,8.0,mejorada,1,3,210328586387355560,2,1,4,2,4,8,3,8,1,en_curso
406,135,9.0,mejorada,1,3,210328586387355560,2,1,4,3,4,8,3,9,1,en_curso
406,135,10.0,mejorada,1,3,210328586387355560,2,2,4,2,4,8,3,10,1,en_curso
406,135,11.0,mejorada,1,3,210328586387355560,3,2,4,1,4,8,3,11,1,en_curso
406,135,12.0,mejorada,1,3,210328586387355560,4,2,12,13,10,8,2,12,1,en_curso
406,135,13.0,mejorada,1,3,210328586387355560,4,2,16,11,12,8,1,13,1,en_curso
406,135,14.0,mejorada,1,3,210328586387355560,4,2,16,8,12,8,1,14,1,en_curso
406,135,15.0,mejorada,1,3,210328586387355560,7,2,19,7,15,8,3,15,1,ganado
407,135,1.0,mejorada,1,4,210328586387355560,0,0,0,10,0,0,4,1,1,en_curso
407,135,2.0,mejorada,1,4,210328586387355560,0,0,4,9,4,1,1,2,1,en_curso
407,135,3.0,mejorada,1,4,210328586387355560,0,0,4,7,4,2,2,3,1,en_curso
407,135,4.0,mejorada,1,4,210328586387355560,0,0,4,6,4,4,4,4,1,en_curso
407,135,5.0,mejorada,1,4,210328586387355560,0,0,4,7,4,5,4,5,1,en_curso
407,135,6.0,mejorada,1,4,210328586387355560,0,0,5,12,5,8,4,6,1,en_curso
407,135,7.0,mejorada,1,4,210328586387355560,0,0,5,13,5,8,2,7,1,en_curso
407,135,8.0,mejorada,1,4,210328586387355560,0,2,9,12,7,8,2,8,1,en_curso
407,135,9.0,mejorada,1,4,210328586387355560,0,3,9,10,7,8,1,9,1,en_curso
407,135,10.0,mejorada,1,4,210328586387355560,0,4,13,13,9,8,1,10,1,perdido
408,136,1.0,mejorada,1,2,8841148243080661991,0,0,0,10,0,0,2,1,1,en_curso
408,136,2.0,mejorada,1,2,8841148243080661991,0,0,0,4,0,1,1,2,1,en_curso
408,136,3.0,mejorada,1,2,8841148243080661991,0,0,0,2,0,5,2,3,1,en_curso
408,136,4.0,mejorada,1,2,8841148243080661991,0,0,0,2,0,6,2,4,1,en_curso
408,136,5.0,mejorada,1,2,8841148243080661991,0,0,0,0,0,7,2,5,1,en_curso
408,136,6.0,mejorada,1,2,8841148243080661991,0,0,0,0,0,7,2,6,1,en_curso
408,136,7.0,mejorada,1,2,8841148243080661991,0,0,0,0,0,7,2,7,1,en_curso
408,136,8.0,mejorada,1,2,8841148243080661991,1,0,0,0,0,7,2,8,1,en_curso
408,136,9.0,mejorada,1,2,8841148243080661991,2,0,0,7,0,7,2,9,1,en_curso
408,136,10.0,mejorada,1,2,8841148243080661991,2,0,1,8,1,7,2,10,1,en_curso
408,136,11.0,mejorada,1,2,8841148243080661991,2,1,3,8,3,7,2,11,1,en_curso
408,136,12.0,mejorada,1,2,8841148243080661991,2,2,5,9,5,7,1,12,1,en_curso
408,136,13.0,mejorada,1,2,8841148243080661991,2,2,7,6,7,7,1,13,1,en_curso
408,136,14.0,mejorada,1,2,8841148243080661991,3,2,7,6,7,7,2,14,1,en_curso
408,136,15.0,mejorada,1,2,8841148243080661991,3,2,12,10,11,7,1,15,1,en_curso
408,136,16.0,mejorada,1,2,8841148243080661991,4,2,12,10,11,7,1,16,1,en_curso
408,136,17.0,mejorada,1,2,8841148243080661991,4,2,17,12,15,7,0,17,1,en_curso
408,136,18.0,mejorada,1,2,8841148243080661991,4,2,17,10,15,7,1,18,1,en_curso
408,136,19.0,mejorada,1,2,8841148243080661991,4,2,17,9,15,7,2,19,1,en_curso
408,136,20.0,mejorada,1,2,8841148243080661991,4,4,19,9,15,8,2,20,1,perdido
409,136,1.0,mejorada,1,3,8841148243080661991,0,0,0,10,0,0,3,1,1,en_curso
409,136,2.0,mejorada,1,3,8841148243080661991,0,0,0,4,0,1,1,2,1,en_curso
409,136,3.0,mejorada,1,3,8841148243080661991,0,0,0,1,0,5,3,3,1,en_curso
409,136,4.0,mejorada,1,3,8841148243080661991,1,0,0,4,0,6,3,4,1,en_curso
409,136,5.0,mejorada,1,3,8841148243080661991,1,0,2,5,2,6,3,5,1,en_curso
409,136,6.0,mejorada,1,3,8841148243080661991,1,0,2,6,2,6,2,6,1,en_curso
409,136,7.0,mejorada,1,3,8841148243080661991,1,0,4,7,4,6,3,7,1,en_curso
409,136,8.0,mejorada,1,3,8841148243080661991,2,1,5,8,5,6,1,8,1,en_curso
409,136,9.0,mejorada,1,3,8841148243080661991,2,1,5,8,5,7,2,9,1,en_curso
409,136,10.0,mejorada,1,3,8841148243080661991,2,1,9,15,9,7,1,10,1,en_curso
409,136,11.0,mejorada,1,3,8841148243080661991,2,1,12,12,12,7,0,11,1,en_curso
409,136,12.0,mejorada,1,3,8841148243080661991,2,1,16,15,15,7,0,12,1,en_curso
409,136,13.0,mejorada,1,3,8841148243080661991,2,1,18,12,17,7,0,13,1,en_curso
409,136,14.0,mejorada,1,3,8841148243080661991,2,1,25,17,18,7,0,14,1,perdido
410,136,1.0,mejorada,1,4,8841148243080661991,0,0,0,10,0,0,4,1,1,en_curso
410,136,2.0,mejorada,1,4,8841148243080661991,0,0,0,6,0,0,2,2,1,en_curso
410,136,3.0,mejorada,1,4,8841148243080661991,0,0,0,4,0,5,4,3,1,en_curso
410,136,4.0,mejorada,1,4,8841148243080661991,0,0,0,5,0,7,4,4,1,en_curso
410,136,5.0,mejorada,1,4,8841148243080661991,0,0,6,11,6,7,4,5,1,en_curso
410,136,6.0,mejorada,1,4,8841148243080661991,0,0,6,10,6,7,3,6,1,en_curso
410,136,7.0,mejorada,1,4,8841148243080661991,0,0,6,10,6,7,3,7,1,en_curso
410,136,8.0,mejorada,1,4,8841148243080661991,3,1,12,14,11,7,3,8,1,en_curso
410,136,9.0,mejorada,1,4,8841148243080661991,4,2,16,16,14,7,1,9,1,en_curso
410,136,10.0,mejorada,1,4,8841148243080661991,5,3,25,23,20,7,1,10,1,perdido
411,137,1.0,mejorada,1,2,4448464033578097061,0,0,0,10,0,0,2,1,1,en_curso
411,137,2.0,mejorada,1,2,4448464033578097061,0,0,4,7,4,1,1,2,1,en_curso
411,137,3.0,mejorada,1,2,4448464033578097061,0,0,4,4,4,4,2,3,1,en_curso
411,137,4.0,mejorada,1,2,4448464033578097061,0,0,6,3,6,6,2,4,1,en_curso
411,137,5.0,mejorada,1,2,4448464033578097061,0,0,6,2,6,7,2,5,1,en_curso
411,137,6.0,mejorada,1,2,4448464033578097061,0,0,6,2,6,8,2,6,1,en_curso
411,137,7.0,mejorada,1,2,4448464033578097061,2,0,6,0,6,8,2,7,1,en_curso
411,137,8.0,mejorada,1,2,4448464033578097061,3,0,6,0,6,8,2,8,1,en_curso
411,137,9.0,mejorada,1,2,4448464033578097061,3,0,6,1,6,8,2,9,1,en_curso
411,137,10.0,mejorada,1,2,4448464033578097061,5,1,6,3,6,8,2,10,1,en_curso
411,137,11.0,mejorada,1,2,4448464033578097061,5,1,11,12,8,8,2,11,1,en_curso
411,137,12.0,mejorada,1,2,4448464033578097061,5,1,11,12,8,8,0,12,1,en_curso
411,137,13.0,mejorada,1,2,4448464033578097061,5,2,11,12,8,8,0,13,1,en_curso
411,137,14.0,mejorada,1,2,4448464033578097061,5,2,12,15,9,8,0,14,1,en_curso
411,137,15.0,mejorada,1,2,4448464033578097061,5,2,16,20,12,8,0,15,1,en_curso
411,137,16.0,mejorada,1,2,4448464033578097061,5,2,26,16,17,8,0,16,1,perdido
412,137,1.0,mejorada,1,3,4448464033578097061,0,0,0,10,0,0,3,1,1,en_curso
412,137,2.0,mejorada,1,3,4448464033578097061,0,0,4,7,4,1,1,2,1,en_curso
412,137,3.0,mejorada,1,3,4448464033578097061,0,0,4,5,4,4,3,3,1,en_curso
412,137,4.0,mejorada,1,3,4448464033578097061,0,0,6,4,6,6,3,4,1,en_curso
412,137,5.0,mejorada,1,3,4448464033578097061,0,1,9,7,6,7,3,5,1,en_curso
412,137,6.0,mejorada,1,3,4448464033578097061,0,1,13,11,10,7,3,6,1,en_curso
412,137,7.0,mejorada,1,3,4448464033578097061,1,2,18,10,14,7,2,7,1,en_curso
412,137,8.0,mejorada,1,3,4448464033578097061,2,2,18,9,14,8,3,8,1,en_curso
412,137,9.0,mejorada,1,3,4448464033578097061,3,2,18,13,14,8,2,9,1,en_curso
412,137,10.0,mejorada,1,3,4448464033578097061,4,3,25,21,18,8,1,10,1,perdido
413,137,1.0,mejorada,1,4,4448464033578097061,0,0,0,10,0,0,4,1,1,en_curso
413,137,2.0,mejorada,1,4,4448464033578097061,0,0,4,8,4,1,2,2,1,en_curso
413,137,3.0,mejorada,1,4,4448464033578097061,1,0,10,8,8,4,4,3,1,en_curso
413,137,4.0,mejorada,1,4,4448464033578097061,1,0,10,13,8,6,1,4,1,en_curso
413,137,5.0,mejorada,1,4,4448464033578097061,1,0,12,11,9,6,0,5,1,en_curso
413,137,6.0,mejorada,1,4,4448464033578097061,1,1,12,9,9,7,0,6,1,en_curso
413,137,7.0,mejorada,1,4,4448464033578097061,1,1,12,8,9,7,2,7,1,en_curso
413,137,8.0,mejorada,1,4,4448464033578097061,1,1,14,10,11,7,3,8,1,en_curso
413,137,9.0,mejorada,1,4,4448464033578097061,1,2,15,13,12,8,1,9,1,en_curso
413,137,10.0,mejorada,1,4,4448464033578097061,2,2,17,14,14,8,1,10,1,en_curso
413,137,11.0,mejorada,1,4,4448464033578097061,2,2,19,13,15,8,0,11,1,en_curso
413,137,12.0,mejorada,1,4,4448464033578097061,2,3,24,16,18,8,0,12,1,perdido
414,138,1.0,mejorada,1,2,7219458207281458726,0,0,0,10,0,0,2,1,1,en_curso
414,138,2.0,mejorada,1,2,7219458207281458726,0,0,0,7,0,0,1,2,1,en_curso
414,138,3.0,mejorada,1,2,7219458207281458726,0,1,0,6,0,3,2,3,1,en_curso
414,138,4.0,mejorada,1,2,7219458207281458726,1,2,0,6,0,5,1,4,1,en_curso
414,138,5.0,mejorada,1,2,7219458207281458726,2,2,6,8,3,6,2,5,1,en_curso
414,138,6.0,mejorada,1,2,7219458207281458726,2,2,6,6,3,7,2,6,1,en_curso
414,138,7.0,mejorada,1,2,7219458207281458726,2,2,13,6,7,7,2,7,1,en_curso
414,138,8.0,mejorada,1,2,7219458207281458726,2,2,13,4,7,7,2,8,1,en_curso
414,138,9.0,mejorada,1,2,7219458207281458726,2,2,13,11,7,7,2,9,1,en_curso
414,138,10.0,mejorada,1,2,7219458207281458726,4,2,24,17,14,7,1,10,1,perdido
415,138,1.0,mejorada,1,3,7219458207281458726,0,0,0,10,0,0,3,1,1,en_curso
415,138,2.0,mejorada,1,3,7219458207281458726,0,0,1,11,1,0,2,2,1,en_curso
415,138,3.0,mejorada,1,3,7219458207281458726,0,0,3,9,3,3,0,3,1,en_curso
415,138,4.0,mejorada,1,3,7219458207281458726,0,1,8,9,8,5,1,4,1,en_curso
415,138,5.0,mejorada,1,3,7219458207281458726,1,2,11,9,10,5,3,5,1,en_curso
415,138,6.0,mejorada,1,3,7219458207281458726,4,3,14,10,11,5,2,6,1,en_curso
415,138,7.0,mejorada,1,3,7219458207281458726,4,3,14,12,11,7,0,7,1,en_curso
415,138,8.0,mejorada,1,3,7219458207281458726,4,3,14,10,11,7,1,8,1,en_curso
415,138,9.0,mejorada,1,3,7219458207281458726,4,3,14,10,11,7,0,9,1,en_curso
415,138,10.0,mejorada,1,3,7219458207281458726,4,3,17,11,14,7,0,10,1,en_curso
415,138,11.0,mejorada,1,3,7219458207281458726,4,3,19,9,14,7,0,11,1,en_curso
415,138,12.0,mejorada,1,3,7219458207281458726,4,3,20,10,15,7,0,12,1,en_curso
415,138,13.0,mejorada,1,3,7219458207281458726,4,3,24,13,18,7,0,13,1,perdido
416,138,1.0,mejorada,1,4,7219458207281458726,0,0,0,10,0,0,4,1,1,en_curso
416,138,2.0,mejorada,1,4,7219458207281458726,0,0,1,11,1,0,2,2,1,en_curso
416,138,3.0,mejorada,1,4,7219458207281458726,0,0,3,9,3,3,0,3,1,en_curso
416,138,4.0,mejorada,1,4,7219458207281458726,0,1,8,9,8,5,1,4,1,en_curso
416,138,5.0,mejorada,1,4,7219458207281458726,1,2,11,9,11,7,2,5,1,en_curso
416,138,6.0,mejorada,1,4,7219458207281458726,1,3,13,8,12,7,1,6,1,en_curso
416,138,7.0,mejorada,1,4,7219458207281458726,1,3,13,9,12,7,3,7,1,en_curso
416,138,8.0,mejorada,1,4,7219458207281458726,2,3,13,8,12,7,3,8,1,en_curso
416,138,9.0,mejorada,1,4,7219458207281458726,2,4,13,14,12,7,2,9,1,perdido
417,139,1.0,mejorada,1,2,763049567893618475,0,0,0,10,0,0,2,1,1,en_curso
417,139,2.0,mejorada,1,2,763049567893618475,0,0,0,8,0,0,2,2,1,en_curso
417,139,3.0,mejorada,1,2,763049567893618475,0,1,0,7,0,1,2,3,1,en_curso
417,139,4.0,mejorada,1,2,763049567893618475,0,1,7,5,7,3,2,4,1,en_curso
417,139,5.0,mejorada,1,2,763049567893618475,1,1,7,0,7,3,2,5,1,en_curso
417,139,6.0,mejorada,1,2,763049567893618475,1,1,7,1,7,5,2,6,1,en_curso
417,139,7.0,mejorada,1,2,763049567893618475,2,1,7,2,7,6,2,7,1,en_curso
417,139,8.0,mejorada,1,2,763049567893618475,3,1,7,4,7,7,2,8,1,en_curso
417,139,9.0,mejorada,1,2,763049567893618475,3,1,7,8,7,7,1,9,1,en_curso
417,139,10.0,mejorada,1,2,763049567893618475,3,1,7,3,7,7,2,10,1,en_curso
417,139,11.0,mejorada,1,2,763049567893618475,3,1,8,7,8,7,2,11,1,en_curso
417,139,12.0,mejorada,1,2,763049567893618475,3,1,8,6,8,7,2,12,1,en_curso
417,139,13.0,mejorada,1,2,763049567893618475,3,1,8,4,8,7,2,13,1,en_curso
417,139,14.0,mejorada,1,2,763049567893618475,4,1,8,2,8,8,2,14,1,en_curso
417,139,15.0,mejorada,1,2,763049567893618475,4,2,9,10,9,8,2,15,1,en_curso
417,139,16.0,mejorada,1,2,763049567893618475,5,2,12,8,11,8,1,16,1,en_curso
417,139,17.0,mejorada,1,2,763049567893618475,5,3,14,15,13,8,1,17,1,en_curso
417,139,18.0,mejorada,1,2,763049567893618475,5,4,17,17,15,8,0,18,1,perdido
418,139,1.0,mejorada,1,3,763049567893618475,0,0,0,10,0,0,3,1,1,en_curso
418,139,2.0,mejorada,1,3,763049567893618475,0,0,0,9,0,0,3,2,1,en_curso
418,139,3.0,mejorada,1,3,763049567893618475,0,1,0,7,0,3,2,3,1,en_curso
418,139,4.0,mejorada,1,3,763049567893618475,0,1,5,8,5,4,3,4,1,en_curso
418,139,5.0,mejorada,1,3,763049567893618475,1,4,13,9,10,6,3,5,1,perdido
419,139,1.0,mejorada,1,4,763049567893618475,0,0,0,10,0,0,4,1,1,en_curso
419,139,2.0,mejorada,1,4,763049567893618475,0,0,0,9,0,0,3,2,1,en_curso
419,139,3.0,mejorada,1,4,763049567893618475,0,1,0,7,0,3,2,3,1,en_curso
419,139,4.0,mejorada,1,4,763049567893618475,0,1,5,9,5,5,3,4,1,en_curso
419,139,5.0,mejorada,1,4,763049567893618475,1,1,5,8,5,5,3,5,1,en_curso
419,139,6.0,mejorada,1,4,763049567893618475,1,1,5,9,5,6,4,6,1,en_curso
419,139,7.0,mejorada,1,4,763049567893618475,3,2,10,13,9,7,3,7,1,en_curso
419,139,8.0,mejorada,1,4,763049567893618475,4,2,10,11,9,7,1,8,1,en_curso
419,139,9.0,mejorada,1,4,763049567893618475,4,2,10,9,9,7,0,9,1,en_curso
419,139,10.0,mejorada,1,4,763049567893618475,4,2,11,12,10,7,0,10,1,en_curso
419,139,11.0,mejorada,1,4,763049567893618475,4,2,11,10,10,7,0,11,1,en_curso
419,139,12.0,mejorada,1,4,763049567893618475,4,2,14,7,13,7,2,12,1,en_curso
419,139,13.0,mejorada,1,4,763049567893618475,4,3,19,13,15,8,3,13,1,en_curso
419,139,14.0,mejorada,1,4,763049567893618475,7,3,21,14,15,8,2,14,1,ganado
420,140,1.0,mejorada,1,2,4488630840155108969,0,0,0,10,0,0,2,1,1,en_curso
420,140,2.0,mejorada,1,2,4488630840155108969,0,0,0,8,0,1,2,2,1,en_curso
420,140,3.0,mejorada,1,2,4488630840155108969,0,0,2,7,2,5,2,3,1,en_curso
420,140,4.0,mejorada,1,2,4488630840155108969,0,1,2,5,2,8,2,4,1,en_curso
420,140,5.0,mejorada,1,2,4488630840155108969,0,1,2,7,2,8,2,5,1,en_curso
420,140,6.0,mejorada,1,2,4488630840155108969,1,1,2,7,2,8,2,6,1,en_curso
420,140,7.0,mejorada,1,2,4488630840155108969,1,1,11,14,9,8,2,7,1,en_curso
420,140,8.0,mejorada,1,2,4488630840155108969,2,2,13,14,11,8,2,8,1,en_curso
420,140,9.0,mejorada,1,2,4488630840155108969,3,2,20,15,15,8,1,9,1,en_curso
420,140,10.0,mejorada,1,2,4488630840155108969,3,3,26,11,17,8,0,10,1,perdido
421,140,1.0,mejorada,1,3,4488630840155108969,0,0,0,10,0,0,3,1,1,en_curso
421,140,2.0,mejorada,1,3,4488630840155108969,0,0,0,7,0,0,2,2,1,en_curso
421,140,3.0,mejorada,1,3,4488630840155108969,0,0,0,8,0,4,3,3,1,en_curso
421,140,4.0,mejorada,1,3,4488630840155108969,0,0,0,9,0,6,3,4,1,en_curso
421,140,5.0,mejorada,1,3,4488630840155108969,0,0,2,8,2,6,1,5,1,en_curso
421,140,6.0,mejorada,1,3,4488630840155108969,0,0,2,8,2,6,3,6,1,en_curso
421,140,7.0,mejorada,1,3,4488630840155108969,0,1,7,10,7,6,2,7,1,en_curso
421,140,8.0,mejorada,1,3,4488630840155108969,0,2,7,9,7,6,2,8,1,en_curso
421,140,9.0,mejorada,1,3,4488630840155108969,0,2,7,6,7,6,3,9,1,en_curso
421,140,10.0,mejorada,1,3,4488630840155108969,0,2,10,4,9,6,3,10,1,en_curso
421,140,11.0,mejorada,1,3,4488630840155108969,1,2,12,3,10,6,3,11,1,en_curso
421,140,12.0,mejorada,1,3,4488630840155108969,2,2,12,3,10,6,3,12,1,en_curso
421,140,13.0,mejorada,1,3,4488630840155108969,3,3,12,11,10,7,3,13,1,en_curso
421,140,14.0,mejorada,1,3,4488630840155108969,5,3,18,13,15,7,2,14,1,en_curso
421,140,15.0,mejorada,1,3,4488630840155108969,5,3,20,14,17,7,0,15,1,en_curso
421,140,16.0,mejorada,1,3,4488630840155108969,5,3,24,10,20,7,0,16,1,perdido
422,140,1.0,mejorada,1,4,4488630840155108969,0,0,0,10,0,0,4,1,1,en_curso
422,140,2.0,mejorada,1,4,4488630840155108969,0,0,0,9,0,1,3,2,1,en_curso
422,140,3.0,mejorada,1,4,4488630840155108969,0,0,0,9,0,4,0,3,1,en_curso
422,140,4.0,mejorada,1,4,4488630840155108969,0,1,0,9,0,4,1,4,1,en_curso
422,140,5.0,mejorada,1,4,4488630840155108969,1,1,6,7,5,5,2,5,1,en_curso
422,140,6.0,mejorada,1,4,4488630840155108969,1,1,6,7,5,6,4,6,1,en_curso
422,140,7.0,mejorada,1,4,4488630840155108969,4,1,6,5,5,6,4,7,1,en_curso
422,140,8.0,mejorada,1,4,4488630840155108969,4,1,6,3,5,7,4,8,1,en_curso
422,140,9.0,mejorada,1,4,4488630840155108969,7,1,9,14,7,7,4,9,1,ganado
423,141,1.0,mejorada,1,2,4525973170018542717,0,0,0,10,0,0,2,1,1,en_curso
423,141,2.0,mejorada,1,2,4525973170018542717,0,0,4,7,4,1,0,2,1,en_curso
423,141,3.0,mejorada,1,2,4525973170018542717,0,0,4,4,4,3,2,3,1,en_curso
423,141,4.0,mejorada,1,2,4525973170018542717,0,0,9,9,7,5,2,4,1,en_curso
423,141,5.0,mejorada,1,2,4525973170018542717,0,1,10,11,7,7,1,5,1,en_curso
423,141,6.0,mejorada,1,2,4525973170018542717,0,4,16,16,12,7,1,6,1,perdido
424,141,1.0,mejorada,1,3,4525973170018542717,0,0,0,10,0,0,3,1,1,en_curso
424,141,2.0,mejorada,1,3,4525973170018542717,0,0,4,7,4,1,0,2,1,en_curso
424,141,3.0,mejorada,1,3,4525973170018542717,0,0,4,4,4,3,3,3,1,en_curso
424,141,4.0,mejorada,1,3,4525973170018542717,0,0,6,9,5,5,3,4,1,en_curso
424,141,5.0,mejorada,1,3,4525973170018542717,0,1,6,7,5,5,2,5,1,en_curso
424,141,6.0,mejorada,1,3,4525973170018542717,0,1,7,5,5,7,3,6,1,en_curso
424,141,7.0,mejorada,1,3,4525973170018542717,0,1,7,3,5,7,3,7,1,en_curso
424,141,8.0,mejorada,1,3,4525973170018542717,1,2,10,9,7,7,2,8,1,en_curso
424,141,9.0,mejorada,1,3,4525973170018542717,2,2,10,10,7,7,1,9,1,en_curso
424,141,10.0,mejorada,1,3,4525973170018542717,2,2,16,10,13,7,0,10,1,en_curso
424,141,11.0,mejorada,1,3,4525973170018542717,2,3,16,11,13,7,0,11,1,en_curso
424,141,12.0,mejorada,1,3,4525973170018542717,2,3,21,9,17,8,0,12,1,en_curso
424,141,13.0,mejorada,1,3,4525973170018542717,2,3,23,7,18,8,0,13,1,en_curso
424,141,14.0,mejorada,1,3,4525973170018542717,2,3,23,7,18,8,3,14,1,en_curso
424,141,15.0,mejorada,1,3,4525973170018542717,2,3,25,10,20,8,0,15,1,perdido
425,141,1.0,mejorada,1,4,4525973170018542717,0,0,0,10,0,0,4,1,1,en_curso
425,141,2.0,mejorada,1,4,4525973170018542717,0,0,4,7,4,1,0,2,1,en_curso
425,141,3.0,mejorada,1,4,4525973170018542717,0,0,4,5,4,3,4,3,1,en_curso
425,141,4.0,mejorada,1,4,4525973170018542717,0,2,6,8,5,6,4,4,1,en_curso
425,141,5.0,mejorada,1,4,4525973170018542717,0,2,9,9,7,7,2,5,1,en_curso
425,141,6.0,mejorada,1,4,4525973170018542717,0,2,11,13,7,7,2,6,1,en_curso
425,141,7.0,mejorada,1,4,4525973170018542717,1,4,14,12,9,7,1,7,1,perdido
426,142,1.0,mejorada,1,2,8649922300238901775,0,0,0,10,0,0,2,1,1,en_curso
426,142,2.0,mejorada,1,2,8649922300238901775,0,0,3,9,3,1,1,2,1,en_curso
426,142,3.0,mejorada,1,2,8649922300238901775,1,0,5,8,4,2,1,3,1,en_curso
426,142,4.0,mejorada,1,2,8649922300238901775,1,1,9,14,8,4,1,4,1,en_curso
426,142,5.0,mejorada,1,2,8649922300238901775,1,1,16,11,14,5,0,5,1,en_curso
426,142,6.0,mejorada,1,2,8649922300238901775,1,1,18,8,16,5,0,6,1,en_curso
426,142,7.0,mejorada,1,2,8649922300238901775,1,1,24,11,16,5,0,7,1,perdido
427,142,1.0,mejorada,1,3,8649922300238901775,0,0,0,10,0,0,3,1,1,en_curso
427,142,2.0,mejorada,1,3,8649922300238901775,0,0,3,9,3,1,1,2,1,en_curso
427,142,3.0,mejorada,1,3,8649922300238901775,1,0,5,8,4,2,1,3,1,en_curso
427,142,4.0,mejorada,1,3,8649922300238901775,1,1,9,14,8,4,1,4,1,en_curso
427,142,5.0,mejorada,1,3,8649922300238901775,1,1,16,11,14,5,0,5,1,en_curso
427,142,6.0,mejorada,1,3,8649922300238901775,1,1,18,8,16,5,0,6,1,en_curso
427,142,7.0,mejorada,1,3,8649922300238901775,1,1,24,11,16,5,1,7,1,perdido
428,142,1.0,mejorada,1,4,8649922300238901775,0,0,0,10,0,0,4,1,1,en_curso
428,142,2.0,mejorada,1,4,8649922300238901775,0,0,3,10,3,0,2,2,1,en_curso
428,142,3.0,mejorada,1,4,8649922300238901775,1,0,5,8,4,1,1,3,1,en_curso
428,142,4.0,mejorada,1,4,8649922300238901775,1,1,9,12,8,5,1,4,1,en_curso
428,142,5.0,mejorada,1,4,8649922300238901775,1,1,15,9,14,6,2,5,1,en_curso
428,142,6.0,mejorada,1,4,8649922300238901775,1,1,17,7,16,7,1,6,1,en_curso
428,142,7.0,mejorada,1,4,8649922300238901775,1,1,26,12,21,7,1,7,1,perdido
429,143,1.0,mejorada,1,2,5273260530970936524,0,0,0,10,0,0,2,1,1,en_curso
429,143,2.0,mejorada,1,2,5273260530970936524,0,0,0,7,0,1,2,2,1,en_curso
429,143,3.0,mejorada,1,2,5273260530970936524,0,0,2,6,2,4,2,3,1,en_curso
429,143,4.0,mejorada,1,2,5273260530970936524,1,0,2,5,2,6,2,4,1,en_curso
429,143,5.0,mejorada,1,2,5273260530970936524,1,0,2,2,2,6,2,5,1,en_curso
429,143,6.0,mejorada,1,2,5273260530970936524,1,0,2,2,2,6,2,6,1,en_curso
429,143,7.0,mejorada,1,2,5273260530970936524,1,0,2,6,2,6,2,7,1,en_curso
429,143,8.0,mejorada,1,2,5273260530970936524,3,0,2,9,2,6,2,8,1,en_curso
429,143,9.0,mejorada,1,2,5273260530970936524,4,0,2,5,2,6,1,9,1,en_curso
429,143,10.0,mejorada,1,2,5273260530970936524,4,2,9,8,9,7,2,10,1,en_curso
429,143,11.0,mejorada,1,2,5273260530970936524,5,2,10,11,9,7,2,11,1,en_curso
429,143,12.0,mejorada,1,2,5273260530970936524,6,2,14,10,9,7,1,12,1,en_curso
429,143,13.0,mejorada,1,2,5273260530970936524,6,2,16,11,9,7,0,13,1,en_curso
429,143,14.0,mejorada,1,2,5273260530970936524,6,2,16,13,9,7,0,14,1,en_curso
429,143,15.0,mejorada,1,2,5273260530970936524,6,2,24,17,14,7,0,15,1,perdido
430,143,1.0,mejorada,1,3,5273260530970936524,0,0,0,10,0,0,3,1,1,en_curso
430,143,2.0,mejorada,1,3,5273260530970936524,0,0,0,7,0,1,2,2,1,en_curso
430,143,3.0,mejorada,1,3,5273260530970936524,0,0,2,6,2,4,3,3,1,en_curso
430,143,4.0,mejorada,1,3,5273260530970936524,1,0,2,5,2,6,3,4,1,en_curso
430,143,5.0,mejorada,1,3,5273260530970936524,1,0,2,3,2,6,3,5,1,en_curso
430,143,6.0,mejorada,1,3,5273260530970936524,1,0,2,2,2,6,3,6,1,en_curso
430,143,7.0,mejorada,1,3,5273260530970936524,2,0,2,2,2,6,3,7,1,en_curso
430,143,8.0,mejorada,1,3,5273260530970936524,3,1,2,10,2,6,2,8,1,en_curso
430,143,9.0,mejorada,1,3,5273260530970936524,3,2,12,13,9,6,1,9,1,en_curso
430,143,10.0,mejorada,1,3,5273260530970936524,3,2,14,10,10,7,1,10,1,en_curso
430,143,11.0,mejorada,1,3,5273260530970936524,4,3,24,17,17,7,0,11,1,perdido
431,143,1.0,mejorada,1,4,5273260530970936524,0,0,0,10,0,0,4,1,1,en_curso
431,143,2.0,mejorada,1,4,5273260530970936524,0,0,0,7,0,1,2,2,1,en_curso
431,143,3.0,mejorada,1,4,5273260530970936524,0,0,2,8,2,4,4,3,1,en_curso
431,143,4.0,mejorada,1,4,5273260530970936524,1,0,5,8,5,6,4,4,1,en_curso
431,143,5.0,mejorada,1,4,5273260530970936524,1,1,7,10,7,7,4,5,1,en_curso
431,143,6.0,mejorada,1,4,5273260530970936524,1,2,8,14,7,7,1,6,1,en_curso
431,143,7.0,mejorada,1,4,5273260530970936524,1,3,14,12,11,7,0,7,1,en_curso
431,143,8.0,mejorada,1,4,5273260530970936524,1,3,17,9,14,7,0,8,1,en_curso
431,143,9.0,mejorada,1,4,5273260530970936524,1,3,19,7,14,7,2,9,1,en_curso
431,143,10.0,mejorada,1,4,5273260530970936524,1,3,19,9,14,7,4,10,1,en_curso
431,143,11.0,mejorada,1,4,5273260530970936524,3,4,19,12,14,7,2,11,1,perdido
432,144,1.0,mejorada,1,2,4367168901455824375,0,0,0,10,0,0,2,1,1,en_curso
432,144,2.0,mejorada,1,2,4367168901455824375,0,0,0,5,0,0,2,2,1,en_curso
432,144,3.0,mejorada,1,2,4367168901455824375,0,0,0,3,0,3,2,3,1,en_curso
432,144,4.0,mejorada,1,2,4367168901455824375,1,0,2,0,2,4,2,4,1,en_curso
432,144,5.0,mejorada,1,2,4367168901455824375,1,0,2,0,2,6,2,5,1,en_curso
432,144,6.0,mejorada,1,2,4367168901455824375,1,1,2,3,2,6,2,6,1,en_curso
432,144,7.0,mejorada,1,2,4367168901455824375,1,2,5,1,5,6,2,7,1,en_curso
432,144,8.0,mejorada,1,2,4367168901455824375,2,2,5,1,5,6,2,8,1,en_curso
432,144,9.0,mejorada,1,2,4367168901455824375,4,3,5,6,5,7,2,9,1,en_curso
432,144,10.0,mejorada,1,2,4367168901455824375,4,4,10,12,9,7,2,10,1,perdido
433,144,1.0,mejorada,1,3,4367168901455824375,0,0,0,10,0,0,3,1,1,en_curso
433,144,2.0,mejorada,1,3,4367168901455824375,0,0,0,6,0,0,3,2,1,en_curso
433,144,3.0,mejorada,1,3,4367168901455824375,0,0,0,6,0,4,3,3,1,en_curso
433,144,4.0,mejorada,1,3,4367168901455824375,1,0,5,5,4,5,3,4,1,en_curso
433,144,5.0,mejorada,1,3,4367168901455824375,1,2,7,8,6,6,3,5,1,en_curso
433,144,6.0,mejorada,1,3,4367168901455824375,1,2,7,9,6,6,3,6,1,en_curso
433,144,7.0,mejorada,1,3,4367168901455824375,1,2,8,9,7,6,3,7,1,en_curso
433,144,8.0,mejorada,1,3,4367168901455824375,3,2,8,11,7,6,3,8,1,en_curso
433,144,9.0,mejorada,1,3,4367168901455824375,3,2,13,12,12,7,1,9,1,en_curso
433,144,10.0,mejorada,1,3,4367168901455824375,3,3,15,15,13,7,1,10,1,en_curso
433,144,11.0,mejorada,1,3,4367168901455824375,3,3,24,12,20,7,1,11,1,perdido
434,144,1.0,mejorada,1,4,4367168901455824375,0,0,0,10,0,0,4,1,1,en_curso
434,144,2.0,mejorada,1,4,4367168901455824375,0,0,0,6,0,0,3,2,1,en_curso
434,144,3.0,mejorada,1,4,4367168901455824375,0,0,0,6,0,5,4,3,1,en_curso
434,144,4.0,mejorada,1,4,4367168901455824375,1,0,5,6,4,6,4,4,1,en_curso
434,144,5.0,mejorada,1,4,4367168901455824375,1,2,7,14,6,7,2,5,1,en_curso
434,144,6.0,mejorada,1,4,4367168901455824375,1,2,7,11,6,7,2,6,1,en_curso
434,144,7.0,mejorada,1,4,4367168901455824375,1,2,7,9,6,7,2,7,1,en_curso
434,144,8.0,mejorada,1,4,4367168901455824375,3,3,7,11,6,7,2,8,1,en_curso
434,144,9.0,mejorada,1,4,4367168901455824375,3,3,9,9,8,7,1,9,1,en_curso
434,144,10.0,mejorada,1,4,4367168901455824375,3,4,9,11,8,7,4,10,1,perdido
435,145,1.0,mejorada,1,2,2462415865482533468,0,0,0,10,0,0,2,1,1,en_curso
435,145,2.0,mejorada,1,2,2462415865482533468,0,0,2,7,2,0,0,2,1,en_curso
435,145,3.0,mejorada,1,2,2462415865482533468,0,0,6,10,4,2,2,3,1,en_curso
435,145,4.0,mejorada,1,2,2462415865482533468,0,0,10,7,7,4,0,4,1,en_curso
435,145,5.0,mejorada,1,2,2462415865482533468,0,1,10,7,7,5,2,5,1,en_curso
435,145,6.0,mejorada,1,2,2462415865482533468,1,2,10,7,7,5,2,6,1,en_curso
435,145,7.0,mejorada,1,2,2462415865482533468,1,2,10,9,7,6,2,7,1,en_curso
435,145,8.0,mejorada,1,2,2462415865482533468,1,2,10,5,7,6,1,8,1,en_curso
435,145,9.0,mejorada,1,2,2462415865482533468,1,2,14,3,11,7,2,9,1,en_curso
435,145,10.0,mejorada,1,2,2462415865482533468,1,2,14,6,11,7,2,10,1,en_curso
435,145,11.0,mejorada,1,2,2462415865482533468,1,2,14,5,11,7,2,11,1,en_curso
435,145,12.0,mejorada,1,2,2462415865482533468,3,2,14,4,11,7,2,12,1,en_curso
435,145,13.0,mejorada,1,2,2462415865482533468,3,2,17,7,14,7,2,13,1,en_curso
435,145,14.0,mejorada,1,2,2462415865482533468,3,3,19,13,15,7,1,14,1,en_curso
435,145,15.0,mejorada,1,2,2462415865482533468,3,3,20,9,15,7,0,15,1,en_curso
435,145,16.0,mejorada,1,2,2462415865482533468,4,3,24,9,18,7,2,16,1,perdido
436,145,1.0,mejorada,1,3,2462415865482533468,0,0,0,10,0,0,3,1,1,en_curso
436,145,2.0,mejorada,1,3,2462415865482533468,0,0,2,7,2,0,0,2,1,en_curso
436,145,3.0,mejorada,1,3,2462415865482533468,0,0,6,9,4,2,2,3,1,en_curso
436,145,4.0,mejorada,1,3,2462415865482533468,0,0,6,6,4,3,2,4,1,en_curso
436,145,5.0,mejorada,1,3,2462415865482533468,1,0,6,3,4,4,3,5,1,en_curso
436,145,6.0,mejorada,1,3,2462415865482533468,2,0,6,6,4,6,3,6,1,en_curso
436,145,7.0,mejorada,1,3,2462415865482533468,2,1,8,13,6,6,3,7,1,en_curso
436,145,8.0,mejorada,1,3,2462415865482533468,3,2,13,15,11,6,1,8,1,en_curso
436,145,9.0,mejorada,1,3,2462415865482533468,3,3,26,13,18,7,0,9,1,perdido
437,145,1.0,mejorada,1,4,2462415865482533468,0,0,0,10,0,0,4,1,1,en_curso
437,145,2.0,mejorada,1,4,2462415865482533468,0,0,2,7,2,0,0,2,1,en_curso
437,145,3.0,mejorada,1,4,2462415865482533468,0,0,6,10,4,2,3,3,1,en_curso
437,145,4.0,mejorada,1,4,2462415865482533468,0,0,6,9,4,3,1,4,1,en_curso
437,145,5.0,mejorada,1,4,2462415865482533468,1,0,6,7,4,5,2,5,1,en_curso
437,145,6.0,mejorada,1,4,2462415865482533468,1,0,6,4,4,6,4,6,1,en_curso
437,145,7.0,mejorada,1,4,2462415865482533468,1,1,8,8,6,7,4,7,1,en_curso
437,145,8.0,mejorada,1,4,2462415865482533468,1,1,8,8,6,7,3,8,1,en_curso
437,145,9.0,mejorada,1,4,2462415865482533468,2,1,8,9,6,7,3,9,1,en_curso
437,145,10.0,mejorada,1,4,2462415865482533468,4,1,14,8,10,7,2,10,1,en_curso
437,145,11.0,mejorada,1,4,2462415865482533468,4,1,14,11,10,7,2,11,1,en_curso
437,145,12.0,mejorada,1,4,2462415865482533468,4,1,22,10,15,7,1,12,1,en_curso
437,145,13.0,mejorada,1,4,2462415865482533468,5,1,22,6,15,8,2,13,1,en_curso
437,145,14.0,mejorada,1,4,2462415865482533468,5,1,25,9,17,8,1,14,1,perdido
438,146,1.0,mejorada,1,2,3058184218377271978,0,0,0,10,0,0,2,1,1,en_curso
438,146,2.0,mejorada,1,2,3058184218377271978,0,0,2,6,2,1,1,2,1,en_curso
438,146,3.0,mejorada,1,2,3058184218377271978,0,0,2,2,2,5,2,3,1,en_curso
438,146,4.0,mejorada,1,2,3058184218377271978,0,0,2,3,2,6,2,4,1,en_curso
438,146,5.0,mejorada,1,2,3058184218377271978,0,0,2,1,2,6,2,5,1,en_curso
438,146,6.0,mejorada,1,2,3058184218377271978,0,0,2,0,2,7,2,6,1,en_curso
438,146,7.0,mejorada,1,2,3058184218377271978,0,0,2,1,2,7,2,7,1,en_curso
438,146,8.0,mejorada,1,2,3058184218377271978,2,1,2,1,2,7,2,8,1,en_curso
438,146,9.0,mejorada,1,2,3058184218377271978,3,1,2,0,2,7,2,9,1,en_curso
438,146,10.0,mejorada,1,2,3058184218377271978,4,1,2,0,2,7,2,10,1,en_curso
438,146,11.0,mejorada,1,2,3058184218377271978,4,1,2,2,2,7,2,11,1,en_curso
438,146,12.0,mejorada,1,2,3058184218377271978,4,2,2,4,2,7,2,12,1,en_curso
438,146,13.0,mejorada,1,2,3058184218377271978,5,2,6,11,5,7,2,13,1,en_curso
438,146,14.0,mejorada,1,2,3058184218377271978,6,2,7,10,6,8,2,14,1,en_curso
438,146,15.0,mejorada,1,2,3058184218377271978,6,2,14,15,12,8,0,15,1,en_curso
438,146,16.0,mejorada,1,2,3058184218377271978,6,4,17,11,15,8,0,16,1,perdido
439,146,1.0,mejorada,1,3,3058184218377271978,0,0,0,10,0,0,3,1,1,en_curso
439,146,2.0,mejorada,1,3,3058184218377271978,0,0,4,9,3,0,2,2,1,en_curso
439,146,3.0,mejorada,1,3,3058184218377271978,0,1,8,11,6,4,0,3,1,en_curso
439,146,4.0,mejorada,1,3,3058184218377271978,0,2,12,12,8,4,0,4,1,en_curso
439,146,5.0,mejorada,1,3,3058184218377271978,0,2,14,10,10,5,0,5,1,en_curso
439,146,6.0,mejorada,1,3,3058184218377271978,0,2,17,10,12,6,1,6,1,en_curso
439,146,7.0,mejorada,1,3,3058184218377271978,0,3,17,9,12,6,2,7,1,en_curso
439,146,8.0,mejorada,1,3,3058184218377271978,0,3,19,9,14,6,2,8,1,en_curso
439,146,9.0,mejorada,1,3,3058184218377271978,1,3,25,7,18,6,2,9,1,perdido
440,146,1.0,mejorada,1,4,3058184218377271978,0,0,0,10,0,0,4,1,1,en_curso
440,146,2.0,mejorada,1,4,3058184218377271978,0,0,4,9,3,0,2,2,1,en_curso
440,146,3.0,mejorada,1,4,3058184218377271978,0,1,8,11,6,4,0,3,1,en_curso
440,146,4.0,mejorada,1,4,3058184218377271978,0,2,12,12,8,4,0,4,1,en_curso
440,146,5.0,mejorada,1,4,3058184218377271978,0,2,14,10,10,5,0,5,1,en_curso
440,146,6.0,mejorada,1,4,3058184218377271978,0,2,17,10,12,6,1,6,1,en_curso
440,146,7.0,mejorada,1,4,3058184218377271978,0,3,17,9,12,6,2,7,1,en_curso
440,146,8.0,mejorada,1,4,3058184218377271978,0,3,20,9,14,6,3,8,1,en_curso
440,146,9.0,mejorada,1,4,3058184218377271978,2,3,26,8,18,6,2,9,1,perdido
441,147,1.0,mejorada,1,2,4802355277317977330,0,0,0,10,0,0,2,1,1,en_curso
441,147,2.0,mejorada,1,2,4802355277317977330,0,0,0,5,0,0,1,2,1,en_curso
441,147,3.0,mejorada,1,2,4802355277317977330,0,0,0,4,0,4,2,3,1,en_curso
441,147,4.0,mejorada,1,2,4802355277317977330,0,0,0,2,0,5,2,4,1,en_curso
441,147,5.0,mejorada,1,2,4802355277317977330,0,1,0,5,0,5,2,5,1,en_curso
441,147,6.0,mejorada,1,2,4802355277317977330,1,1,0,5,0,5,2,6,1,en_curso
441,147,7.0,mejorada,1,2,4802355277317977330,1,1,2,8,2,6,2,7,1,en_curso
441,147,8.0,mejorada,1,2,4802355277317977330,2,1,2,7,2,6,2,8,1,en_curso
441,147,9.0,mejorada,1,2,4802355277317977330,2,2,8,5,5,6,2,9,1,en_curso
441,147,10.0,mejorada,1,2,4802355277317977330,4,2,8,5,5,6,2,10,1,en_curso
441,147,11.0,mejorada,1,2,4802355277317977330,4,2,8,5,5,7,2,11,1,en_curso
441,147,12.0,mejorada,1,2,4802355277317977330,4,2,8,8,5,7,2,12,1,en_curso
441,147,13.0,mejorada,1,2,4802355277317977330,5,4,10,7,7,8,2,13,1,perdido
442,147,1.0,mejorada,1,3,4802355277317977330,0,0,0,10,0,0,3,1,1,en_curso
442,147,2.0,mejorada,1,3,4802355277317977330,0,0,0,5,0,0,1,2,1,en_curso
442,147,3.0,mejorada,1,3,4802355277317977330,0,0,0,4,0,3,3,3,1,en_curso
442,147,4.0,mejorada,1,3,4802355277317977330,0,0,0,3,0,5,3,4,1,en_curso
442,147,5.0,mejorada,1,3,4802355277317977330,0,0,2,4,2,6,3,5,1,en_curso
442,147,6.0,mejorada,1,3,4802355277317977330,1,0,2,0,2,7,3,6,1,en_curso
442,147,7.0,mejorada,1,3,4802355277317977330,2,1,2,2,2,7,3,7,1,en_curso
442,147,8.0,mejorada,1,3,4802355277317977330,3,1,2,1,2,7,3,8,1,en_curso
442,147,9.0,mejorada,1,3,4802355277317977330,3,2,5,4,5,7,3,9,1,en_curso
442,147,10.0,mejorada,1,3,4802355277317977330,4,3,11,10,9,7,3,10,1,en_curso
442,147,11.0,mejorada,1,3,4802355277317977330,7,3,22,15,16,8,3,11,1,ganado
443,147,1.0,mejorada,1,4,4802355277317977330,0,0,0,10,0,0,4,1,1,en_curso
443,147,2.0,mejorada,1,4,4802355277317977330,0,0,0,6,0,1,2,2,1,en_curso
443,147,3.0,mejorada,1,4,4802355277317977330,0,0,0,6,0,6,4,3,1,en_curso
443,147,4.0,mejorada,1,4,4802355277317977330,0,0,3,11,3,7,4,4,1,en_curso
443,147,5.0,mejorada,1,4,4802355277317977330,0,1,3,10,3,7,1,5,1,en_curso
443,147,6.0,mejorada,1,4,4802355277317977330,0,1,5,9,5,7,0,6,1,en_curso
443,147,7.0,mejorada,1,4,4802355277317977330,0,1,6,12,6,7,3,7,1,en_curso
443,147,8.0,mejorada,1,4,4802355277317977330,0,1,6,5,6,7,2,8,1,en_curso
443,147,9.0,mejorada,1,4,4802355277317977330,0,2,8,11,8,7,1,9,1,en_curso
443,147,10.0,mejorada,1,4,4802355277317977330,0,2,11,10,11,7,2,10,1,en_curso
443,147,11.0,mejorada,1,4,4802355277317977330,0,2,11,7,11,7,3,11,1,en_curso
443,147,12.0,mejorada,1,4,4802355277317977330,0,2,17,9,16,7,4,12,1,en_curso
443,147,13.0,mejorada,1,4,4802355277317977330,0,2,17,7,16,7,1,13,1,en_curso
443,147,14.0,mejorada,1,4,4802355277317977330,0,2,17,9,16,7,4,14,1,en_curso
443,147,15.0,mejorada,1,4,4802355277317977330,2,3,23,7,22,7,3,15,1,en_curso
443,147,16.0,mejorada,1,4,4802355277317977330,6,3,27,12,23,7,2,16,1,perdido
444,148,1.0,mejorada,1,2,4048243689632662950,0,0,0,10,0,0,2,1,1,en_curso
444,148,2.0,mejorada,1,2,4048243689632662950,0,0,2,8,2,1,1,2,1,en_curso
444,148,3.0,mejorada,1,2,4048243689632662950,0,0,11,9,9,4,1,3,1,en_curso
444,148,4.0,mejorada,1,2,4048243689632662950,0,0,12,8,9,5,1,4,1,en_curso
444,148,5.0,mejorada,1,2,4048243689632662950,0,1,13,7,9,6,0,5,1,en_curso
444,148,6.0,mejorada,1,2,4048243689632662950,0,1,15,4,11,7,2,6,1,en_curso
444,148,7.0,mejorada,1,2,4048243689632662950,0,1,15,2,11,7,2,7,1,en_curso
444,148,8.0,mejorada,1,2,4048243689632662950,0,1,15,5,11,7,2,8,1,en_curso
444,148,9.0,mejorada,1,2,4048243689632662950,0,1,15,3,11,8,2,9,1,en_curso
444,148,10.0,mejorada,1,2,4048243689632662950,0,2,17,6,13,8,1,10,1,en_curso
444,148,11.0,mejorada,1,2,4048243689632662950,0,2,19,6,15,8,2,11,1,en_curso
444,148,12.0,mejorada,1,2,4048243689632662950,1,2,22,3,18,8,2,12,1,en_curso
444,148,13.0,mejorada,1,2,4048243689632662950,2,2,22,5,18,8,2,13,1,en_curso
444,148,14.0,mejorada,1,2,4048243689632662950,3,2,22,6,18,8,2,14,1,en_curso
444,148,15.0,mejorada,1,2,4048243689632662950,4,2,22,6,18,8,2,15,1,en_curso
444,148,16.0,mejorada,1,2,4048243689632662950,4,3,25,9,21,8,2,16,1,perdido
445,148,1.0,mejorada,1,3,4048243689632662950,0,0,0,10,0,0,3,1,1,en_curso
445,148,2.0,mejorada,1,3,4048243689632662950,0,0,2,10,2,1,2,2,1,en_curso
445,148,3.0,mejorada,1,3,4048243689632662950,0,0,11,10,9,4,1,3,1,en_curso
445,148,4.0,mejorada,1,3,4048243689632662950,0,0,12,8,9,5,0,4,1,en_curso
445,148,5.0,mejorada,1,3,4048243689632662950,0,0,13,9,9,5,1,5,1,en_curso
445,148,6.0,mejorada,1,3,4048243689632662950,1,1,15,7,11,6,2,6,1,en_curso
445,148,7.0,mejorada,1,3,4048243689632662950,1,2,18,8,14,7,3,7,1,en_curso
445,148,8.0,mejorada,1,3,4048243689632662950,1,2,20,6,16,8,2,8,1,en_curso
445,148,9.0,mejorada,1,3,4048243689632662950,2,2,24,14,20,8,1,9,1,perdido
446,148,1.0,mejorada,1,4,4048243689632662950,0,0,0,10,0,0,4,1,1,en_curso
446,148,2.0,mejorada,1,4,4048243689632662950,0,0,0,10,0,1,1,2,1,en_curso
446,148,3.0,mejorada,1,4,4048243689632662950,0,0,2,9,2,2,0,3,1,en_curso
446,148,4.0,mejorada,1,4,4048243689632662950,0,0,2,7,2,4,3,4,1,en_curso
446,148,5.0,mejorada,1,4,4048243689632662950,0,0,5,9,5,6,4,5,1,en_curso
446,148,6.0,mejorada,1,4,4048243689632662950,1,1,8,10,7,7,3,6,1,en_curso
446,148,7.0,mejorada,1,4,4048243689632662950,1,1,8,6,7,7,2,7,1,en_curso
446,148,8.0,mejorada,1,4,4048243689632662950,1,1,13,11,12,8,2,8,1,en_curso
446,148,9.0,mejorada,1,4,4048243689632662950,1,1,15,13,14,8,1,9,1,en_curso
446,148,10.0,mejorada,1,4,4048243689632662950,1,2,19,12,18,8,1,10,1,en_curso
446,148,11.0,mejorada,1,4,4048243689632662950,1,4,22,15,20,8,1,11,1,perdido
447,149,1.0,mejorada,1,2,199336253226511759,0,0,0,10,0,0,2,1,1,en_curso
447,149,2.0,mejorada,1,2,199336253226511759,0,0,2,11,2,0,0,2,1,en_curso
447,149,3.0,mejorada,1,2,199336253226511759,0,0,2,8,2,2,2,3,1,en_curso
447,149,4.0,mejorada,1,2,199336253226511759,0,0,2,6,2,4,2,4,1,en_curso
447,149,5.0,mejorada,1,2,199336253226511759,0,0,5,13,5,4,2,5,1,en_curso
447,149,6.0,mejorada,1,2,199336253226511759,0,1,7,13,7,5,2,6,1,en_curso
447,149,7.0,mejorada,1,2,199336253226511759,0,1,7,12,7,5,1,7,1,en_curso
447,149,8.0,mejorada,1,2,199336253226511759,0,2,7,8,7,5,1,8,1,en_curso
447,149,9.0,mejorada,1,2,199336253226511759,1,2,13,8,13,6,1,9,1,en_curso
447,149,10.0,mejorada,1,2,199336253226511759,1,4,20,5,16,8,2,10,1,perdido
448,149,1.0,mejorada,1,3,199336253226511759,0,0,0,10,0,0,3,1,1,en_curso
448,149,2.0,mejorada,1,3,199336253226511759,0,0,2,11,2,0,0,2,1,en_curso
448,149,3.0,mejorada,1,3,199336253226511759,0,0,2,8,2,2,2,3,1,en_curso
448,149,4.0,mejorada,1,3,199336253226511759,0,0,4,10,4,4,0,4,1,en_curso
448,149,5.0,mejorada,1,3,199336253226511759,0,0,4,4,4,6,2,5,1,en_curso
448,149,6.0,mejorada,1,3,199336253226511759,0,0,4,7,4,7,3,6,1,en_curso
448,149,7.0,mejorada,1,3,199336253226511759,1,0,6,7,6,7,3,7,1,en_curso
448,149,8.0,mejorada,1,3,199336253226511759,1,1,7,11,7,7,3,8,1,en_curso
448,149,9.0,mejorada,1,3,199336253226511759,2,1,14,11,14,7,3,9,1,en_curso
448,149,10.0,mejorada,1,3,199336253226511759,6,2,25,10,22,7,3,10,1,perdido
449,149,1.0,mejorada,1,4,199336253226511759,0,0,0,10,0,0,4,1,1,en_curso
449,149,2.0,mejorada,1,4,199336253226511759,0,0,2,11,2,0,0,2,1,en_curso
449,149,3.0,mejorada,1,4,199336253226511759,0,0,2,8,2,2,2,3,1,en_curso
449,149,4.0,mejorada,1,4,199336253226511759,0,0,4,10,4,4,0,4,1,en_curso
449,149,5.0,mejorada,1,4,199336253226511759,0,0,4,6,4,6,3,5,1,en_curso
449,149,6.0,mejorada,1,4,199336253226511759,0,0,4,10,4,6,2,6,1,en_curso
449,149,7.0,mejorada,1,4,199336253226511759,0,0,8,10,7,6,2,7,1,en_curso
449,149,8.0,mejorada,1,4,199336253226511759,0,0,12,10,11,7,2,8,1,en_curso
449,149,9.0,mejorada,1,4,199336253226511759,1,2,15,10,12,7,4,9,1,en_curso
449,149,10.0,mejorada,1,4,199336253226511759,3,3,15,12,12,7,2,10,1,en_curso
449,149,11.0,mejorada,1,4,199336253226511759,3,3,26,10,18,7,0,11,1,perdido
450,150,1.0,mejorada,1,2,7621197827893166670,0,0,0,10,0,0,2,1,1,en_curso
450,150,2.0,mejorada,1,2,7621197827893166670,0,0,2,5,2,0,1,2,1,en_curso
450,150,3.0,mejorada,1,2,7621197827893166670,0,0,4,4,4,4,2,3,1,en_curso
450,150,4.0,mejorada,1,2,7621197827893166670,0,0,4,2,4,5,2,4,1,en_curso
450,150,5.0,mejorada,1,2,7621197827893166670,0,0,4,0,4,6,2,5,1,en_curso
450,150,6.0,mejorada,1,2,7621197827893166670,0,0,4,1,4,6,2,6,1,en_curso
450,150,7.0,mejorada,1,2,7621197827893166670,1,0,9,4,8,6,2,7,1,en_curso
450,150,8.0,mejorada,1,2,7621197827893166670,2,1,12,6,11,7,2,8,1,en_curso
450,150,9.0,mejorada,1,2,7621197827893166670,4,2,12,3,11,7,2,9,1,en_curso
450,150,10.0,mejorada,1,2,7621197827893166670,7,2,12,4,11,7,2,10,1,ganado
451,150,1.0,mejorada,1,3,7621197827893166670,0,0,0,10,0,0,3,1,1,en_curso
451,150,2.0,mejorada,1,3,7621197827893166670,0,0,2,8,2,0,2,2,1,en_curso
451,150,3.0,mejorada,1,3,7621197827893166670,0,0,4,6,4,4,3,3,1,en_curso
451,150,4.0,mejorada,1,3,7621197827893166670,0,0,10,10,7,6,1,4,1,en_curso
451,150,5.0,mejorada,1,3,7621197827893166670,0,0,13,9,8,6,2,5,1,en_curso
451,150,6.0,mejorada,1,3,7621197827893166670,0,0,13,9,8,6,1,6,1,en_curso
451,150,7.0,mejorada,1,3,7621197827893166670,1,0,17,12,12,6,2,7,1,en_curso
451,150,8.0,mejorada,1,3,7621197827893166670,1,0,17,11,12,6,0,8,1,en_curso
451,150,9.0,mejorada,1,3,7621197827893166670,1,2,27,11,17,7,0,9,1,perdido
452,150,1.0,mejorada,1,4,7621197827893166670,0,0,0,10,0,0,4,1,1,en_curso
452,150,2.0,mejorada,1,4,7621197827893166670,0,0,2,8,2,0,2,2,1,en_curso
452,150,3.0,mejorada,1,4,7621197827893166670,0,0,4,7,4,3,4,3,1,en_curso
452,150,4.0,mejorada,1,4,7621197827893166670,0,0,10,11,7,4,2,4,1,en_curso
452,150,5.0,mejorada,1,4,7621197827893166670,0,0,13,11,9,5,0,5,1,en_curso
452,150,6.0,mejorada,1,4,7621197827893166670,0,0,24,13,16,6,0,6,1,perdido
453,151,1.0,mejorada,1,2,8265624203513098004,0,0,0,10,0,0,2,1,1,en_curso
453,151,2.0,mejorada,1,2,8265624203513098004,0,0,4,8,4,0,1,2,1,en_curso
453,151,3.0,mejorada,1,2,8265624203513098004,0,0,7,7,5,5,2,3,1,en_curso
453,151,4.0,mejorada,1,2,8265624203513098004,0,0,7,5,5,7,2,4,1,en_curso
453,151,5.0,mejorada,1,2,8265624203513098004,0,0,10,8,8,7,1,5,1,en_curso
453,151,6.0,mejorada,1,2,8265624203513098004,0,0,13,8,11,8,2,6,1,en_curso
453,151,7.0,mejorada,1,2,8265624203513098004,0,0,20,10,14,8,2,7,1,en_curso
453,151,8.0,mejorada,1,2,8265624203513098004,1,0,20,6,14,8,2,8,1,en_curso
453,151,9.0,mejorada,1,2,8265624203513098004,1,0,24,6,18,8,2,9,1,perdido
454,151,1.0,mejorada,1,3,8265624203513098004,0,0,0,10,0,0,3,1,1,en_curso
454,151,2.0,mejorada,1,3,8265624203513098004,0,0,4,8,4,0,1,2,1,en_curso
454,151,3.0,mejorada,1,3,8265624203513098004,0,0,7,9,5,5,2,3,1,en_curso
454,151,4.0,mejorada,1,3,8265624203513098004,0,1,7,8,5,6,2,4,1,en_curso
454,151,5.0,mejorada,1,3,8265624203513098004,0,2,7,5,5,7,2,5,1,en_curso
454,151,6.0,mejorada,1,3,8265624203513098004,0,2,7,4,5,7,3,6,1,en_curso
454,151,7.0,mejorada,1,3,8265624203513098004,1,2,12,10,10,7,3,7,1,en_curso
454,151,8.0,mejorada,1,3,8265624203513098004,2,2,15,10,13,7,2,8,1,en_curso
454,151,9.0,mejorada,1,3,8265624203513098004,3,3,25,9,18,7,1,9,1,perdido
455,151,1.0,mejorada,1,4,8265624203513098004,0,0,0,10,0,0,4,1,1,en_curso
455,151,2.0,mejorada,1,4,8265624203513098004,0,0,4,9,4,1,2,2,1,en_curso
455,151,3.0,mejorada,1,4,8265624203513098004,0,0,7,9,5,5,3,3,1,en_curso
455,151,4.0,mejorada,1,4,8265624203513098004,0,0,8,10,6,5,0,4,1,en_curso
455,151,5.0,mejorada,1,4,8265624203513098004,0,0,10,8,8,6,2,5,1,en_curso
455,151,6.0,mejorada,1,4,8265624203513098004,1,0,12,14,9,6,3,6,1,en_curso
455,151,7.0,mejorada,1,4,8265624203513098004,1,0,12,12,9,6,0,7,1,en_curso
455,151,8.0,mejorada,1,4,8265624203513098004,1,1,14,9,11,8,1,8,1,en_curso
455,151,9.0,mejorada,1,4,8265624203513098004,1,2,20,9,16,8,3,9,1,en_curso
455,151,10.0,mejorada,1,4,8265624203513098004,1,3,26,12,18,8,2,10,1,perdido
456,152,1.0,mejorada,1,2,1293569525664144302,0,0,0,10,0,0,2,1,1,en_curso
456,152,2.0,mejorada,1,2,1293569525664144302,0,0,0,6,0,1,2,2,1,en_curso
456,152,3.0,mejorada,1,2,1293569525664144302,0,1,2,4,2,6,2,3,1,en_curso
456,152,4.0,mejorada,1,2,1293569525664144302,0,1,2,2,2,7,2,4,1,en_curso
456,152,5.0,mejorada,1,2,1293569525664144302,0,1,2,3,2,8,2,5,1,en_curso
456,152,6.0,mejorada,1,2,1293569525664144302,1,1,2,1,2,8,2,6,1,en_curso
456,152,7.0,mejorada,1,2,1293569525664144302,2,1,2,1,2,8,2,7,1,en_curso
456,152,8.0,mejorada,1,2,1293569525664144302,3,1,2,0,2,8,2,8,1,en_curso
456,152,9.0,mejorada,1,2,1293569525664144302,3,1,2,4,2,8,2,9,1,en_curso
456,152,10.0,mejorada,1,2,1293569525664144302,4,2,2,2,2,8,2,10,1,en_curso
456,152,11.0,mejorada,1,2,1293569525664144302,4,2,2,3,2,8,2,11,1,en_curso
456,152,12.0,mejorada,1,2,1293569525664144302,4,2,2,1,2,8,2,12,1,en_curso
456,152,13.0,mejorada,1,2,1293569525664144302,4,2,2,0,2,8,2,13,1,en_curso
456,152,14.0,mejorada,1,2,1293569525664144302,4,3,2,0,2,8,2,14,1,en_curso
456,152,15.0,mejorada,1,2,1293569525664144302,5,3,2,1,2,8,2,15,1,en_curso
456,152,16.0,mejorada,1,2,1293569525664144302,7,3,2,1,2,8,2,16,1,ganado
457,152,1.0,mejorada,1,3,1293569525664144302,0,0,0,10,0,0,3,1,1,en_curso
457,152,2.0,mejorada,1,3,1293569525664144302,0,0,0,6,0,1,2,2,1,en_curso
457,152,3.0,mejorada,1,3,1293569525664144302,0,1,2,4,2,6,3,3,1,en_curso
457,152,4.0,mejorada,1,3,1293569525664144302,0,1,2,2,2,7,3,4,1,en_curso
457,152,5.0,mejorada,1,3,1293569525664144302,0,1,2,4,2,8,3,5,1,en_curso
457,152,6.0,mejorada,1,3,1293569525664144302,2,2,2,9,2,8,3,6,1,en_curso
457,152,7.0,mejorada,1,3,1293569525664144302,3,4,8,10,6,8,2,7,1,perdido
458,152,1.0,mejorada,1,4,1293569525664144302,0,0,0,10,0,0,4,1,1,en_curso
458,152,2.0,mejorada,1,4,1293569525664144302,0,0,0,8,0,0,3,2,1,en_curso
458,152,3.0,mejorada,1,4,1293569525664144302,0,0,0,8,0,4,4,3,1,en_curso
458,152,4.0,mejorada,1,4,1293569525664144302,0,0,2,13,2,4,2,4,1,en_curso
458,152,5.0,mejorada,1,4,1293569525664144302,0,0,3,12,2,4,1,5,1,en_curso
458,152,6.0,mejorada,1,4,1293569525664144302,1,0,10,13,8,5,1,6,1,en_curso
458,152,7.0,mejorada,1,4,1293569525664144302,1,0,11,11,8,5,0,7,1,en_curso
458,152,8.0,mejorada,1,4,1293569525664144302,1,0,11,8,8,5,1,8,1,en_curso
458,152,9.0,mejorada,1,4,1293569525664144302,1,0,11,10,8,6,2,9,1,en_curso
458,152,10.0,mejorada,1,4,1293569525664144302,1,0,11,7,8,6,2,10,1,en_curso
458,152,11.0,mejorada,1,4,1293569525664144302,1,1,11,8,8,6,3,11,1,en_curso
458,152,12.0,mejorada,1,4,1293569525664144302,1,2,16,8,13,6,2,12,1,en_curso
458,152,13.0,mejorada,1,4,1293569525664144302,2,3,24,12,18,7,4,13,1,perdido
459,153,1.0,mejorada,1,2,5110081473724927983,0,0,0,10,0,0,2,1,1,en_curso
459,153,2.0,mejorada,1,2,5110081473724927983,0,0,3,5,3,2,2,2,1,en_curso
459,153,3.0,mejorada,1,2,5110081473724927983,0,0,5,4,5,6,2,3,1,en_curso
459,153,4.0,mejorada,1,2,5110081473724927983,0,0,5,1,5,6,2,4,1,en_curso
459,153,5.0,mejorada,1,2,5110081473724927983,0,0,5,3,5,6,2,5,1,en_curso
459,153,6.0,mejorada,1,2,5110081473724927983,0,0,5,3,5,6,2,6,1,en_curso
459,153,7.0,mejorada,1,2,5110081473724927983,0,0,8,6,8,6,2,7,1,en_curso
459,153,8.0,mejorada,1,2,5110081473724927983,2,0,8,6,8,6,2,8,1,en_curso
459,153,9.0,mejorada,1,2,5110081473724927983,3,0,11,7,11,6,2,9,1,en_curso
459,153,10.0,mejorada,1,2,5110081473724927983,4,0,11,5,11,6,2,10,1,en_curso
459,153,11.0,mejorada,1,2,5110081473724927983,4,0,11,6,11,7,2,11,1,en_curso
459,153,12.0,mejorada,1,2,5110081473724927983,4,0,13,7,13,8,2,12,1,en_curso
459,153,13.0,mejorada,1,2,5110081473724927983,5,0,16,7,16,8,2,13,1,en_curso
459,153,14.0,mejorada,1,2,5110081473724927983,6,1,19,13,16,8,2,14,1,en_curso
459,153,15.0,mejorada,1,2,5110081473724927983,7,1,23,8,19,8,1,15,1,ganado
460,153,1.0,mejorada,1,3,5110081473724927983,0,0,0,10,0,0,3,1,1,en_curso
460,153,2.0,mejorada,1,3,5110081473724927983,1,0,3,6,3,1,3,2,1,en_curso
460,153,3.0,mejorada,1,3,5110081473724927983,1,0,3,5,3,5,3,3,1,en_curso
460,153,4.0,mejorada,1,3,5110081473724927983,1,0,8,7,7,6,3,4,1,en_curso
460,153,5.0,mejorada,1,3,5110081473724927983,1,0,8,9,7,7,3,5,1,en_curso
460,153,6.0,mejorada,1,3,5110081473724927983,1,1,10,11,9,7,3,6,1,en_curso
460,153,7.0,mejorada,1,3,5110081473724927983,1,3,11,15,10,7,3,7,1,en_curso
460,153,8.0,mejorada,1,3,5110081473724927983,2,3,18,11,14,7,2,8,1,en_curso
460,153,9.0,mejorada,1,3,5110081473724927983,3,3,25,13,19,7,0,9,1,perdido
461,153,1.0,mejorada,1,4,5110081473724927983,0,0,0,10,0,0,4,1,1,en_curso
461,153,2.0,mejorada,1,4,5110081473724927983,1,0,3,8,3,2,4,2,1,en_curso
461,153,3.0,mejorada,1,4,5110081473724927983,1,0,3,8,3,7,4,3,1,en_curso
461,153,4.0,mejorada,1,4,5110081473724927983,1,0,8,10,7,7,3,4,1,en_curso
461,153,5.0,mejorada,1,4,5110081473724927983,1,0,8,10,7,7,1,5,1,en_curso
461,153,6.0,mejorada,1,4,5110081473724927983,1,0,8,10,7,7,1,6,1,en_curso
461,153,7.0,mejorada,1,4,5110081473724927983,1,0,8,10,7,7,3,7,1,en_curso
461,153,8.0,mejorada,1,4,5110081473724927983,5,0,24,17,17,7,2,8,1,perdido
462,154,1.0,mejorada,1,2,1001434454669433306,0,0,0,10,0,0,2,1,1,en_curso
462,154,2.0,mejorada,1,2,1001434454669433306,0,0,3,4,3,1,1,2,1,en_curso
462,154,3.0,mejorada,1,2,1001434454669433306,0,0,5,5,5,4,2,3,1,en_curso
462,154,4.0,mejorada,1,2,1001434454669433306,0,0,7,4,7,5,2,4,1,en_curso
462,154,5.0,mejorada,1,2,1001434454669433306,0,0,7,2,7,5,2,5,1,en_curso
462,154,6.0,mejorada,1,2,1001434454669433306,0,0,7,2,7,5,2,6,1,en_curso
462,154,7.0,mejorada,1,2,1001434454669433306,1,1,7,3,7,6,2,7,1,en_curso
462,154,8.0,mejorada,1,2,1001434454669433306,1,1,9,7,9,6,2,8,1,en_curso
462,154,9.0,mejorada,1,2,1001434454669433306,2,1,9,6,9,6,2,9,1,en_curso
462,154,10.0,mejorada,1,2,1001434454669433306,2,1,15,9,15,7,2,10,1,en_curso
462,154,11.0,mejorada,1,2,1001434454669433306,2,1,15,10,15,7,1,11,1,en_curso
462,154,12.0,mejorada,1,2,1001434454669433306,2,1,20,14,18,7,1,12,1,en_curso
462,154,13.0,mejorada,1,2,1001434454669433306,4,1,20,13,18,7,1,13,1,en_curso
462,154,14.0,mejorada,1,2,1001434454669433306,4,3,26,15,21,7,1,14,1,perdido
463,154,1.0,mejorada,1,3,1001434454669433306,0,0,0,10,0,0,3,1,1,en_curso
463,154,2.0,mejorada,1,3,1001434454669433306,0,0,3,5,3,1,2,2,1,en_curso
463,154,3.0,mejorada,1,3,1001434454669433306,0,0,5,6,5,4,3,3,1,en_curso
463,154,4.0,mejorada,1,3,1001434454669433306,1,0,9,10,8,5,2,4,1,en_curso
463,154,5.0,mejorada,1,3,1001434454669433306,1,1,9,9,8,5,0,5,1,en_curso
463,154,6.0,mejorada,1,3,1001434454669433306,1,1,15,9,13,5,0,6,1,en_curso
463,154,7.0,mejorada,1,3,1001434454669433306,1,1,15,8,13,5,1,7,1,en_curso
463,154,8.0,mejorada,1,3,1001434454669433306,1,1,19,9,14,5,2,8,1,en_curso
463,154,9.0,mejorada,1,3,1001434454669433306,1,2,21,10,15,5,1,9,1,en_curso
463,154,10.0,mejorada,1,3,1001434454669433306,1,3,22,14,15,5,0,10,1,en_curso
463,154,11.0,mejorada,1,3,1001434454669433306,1,3,22,11,15,7,0,11,1,en_curso
463,154,12.0,mejorada,1,3,1001434454669433306,2,3,25,9,18,7,2,12,1,perdido
464,154,1.0,mejorada,1,4,1001434454669433306,0,0,0,10,0,0,4,1,1,en_curso
464,154,2.0,mejorada,1,4,1001434454669433306,0,0,3,5,3,1,2,2,1,en_curso
464,154,3.0,mejorada,1,4,1001434454669433306,0,0,5,7,5,3,4,3,1,en_curso
464,154,4.0,mejorada,1,4,1001434454669433306,1,0,9,12,8,5,2,4,1,en_curso
464,154,5.0,mejorada,1,4,1001434454669433306,1,1,9,10,8,6,0,5,1,en_curso
464,154,6.0,mejorada,1,4,1001434454669433306,1,1,11,10,10,6,0,6,1,en_curso
464,154,7.0,mejorada,1,4,1001434454669433306,1,1,16,8,14,6,0,7,1,en_curso
464,154,8.0,mejorada,1,4,1001434454669433306,1,1,18,12,14,6,2,8,1,en_curso
464,154,9.0,mejorada,1,4,1001434454669433306,1,1,19,9,14,6,0,9,1,en_curso
464,154,10.0,mejorada,1,4,1001434454669433306,2,4,22,8,14,6,1,10,1,perdido
465,155,1.0,mejorada,1,2,6200320476196052908,0,0,0,10,0,0,2,1,1,en_curso
465,155,2.0,mejorada,1,2,6200320476196052908,0,0,2,7,2,1,1,2,1,en_curso
465,155,3.0,mejorada,1,2,6200320476196052908,0,0,5,5,4,5,2,3,1,en_curso
465,155,4.0,mejorada,1,2,6200320476196052908,0,0,5,4,4,6,2,4,1,en_curso
465,155,5.0,mejorada,1,2,6200320476196052908,0,0,5,1,4,7,2,5,1,en_curso
465,155,6.0,mejorada,1,2,6200320476196052908,0,1,5,0,4,7,2,6,1,en_curso
465,155,7.0,mejorada,1,2,6200320476196052908,0,1,5,2,4,7,2,7,1,en_curso
465,155,8.0,mejorada,1,2,6200320476196052908,1,1,5,1,4,7,2,8,1,en_curso
465,155,9.0,mejorada,1,2,6200320476196052908,2,1,5,0,4,7,2,9,1,en_curso
465,155,10.0,mejorada,1,2,6200320476196052908,3,2,5,1,4,7,2,10,1,en_curso
465,155,11.0,mejorada,1,2,6200320476196052908,3,2,5,2,4,7,2,11,1,en_curso
465,155,12.0,mejorada,1,2,6200320476196052908,3,3,7,4,6,7,2,12,1,en_curso
465,155,13.0,mejorada,1,2,6200320476196052908,4,4,11,11,7,7,2,13,1,perdido
466,155,1.0,mejorada,1,3,6200320476196052908,0,0,0,10,0,0,3,1,1,en_curso
466,155,2.0,mejorada,1,3,6200320476196052908,0,0,2,7,2,1,1,2,1,en_curso
466,155,3.0,mejorada,1,3,6200320476196052908,0,0,5,6,4,5,3,3,1,en_curso
466,155,4.0,mejorada,1,3,6200320476196052908,0,0,7,7,4,6,3,4,1,en_curso
466,155,5.0,mejorada,1,3,6200320476196052908,0,1,10,9,6,7,3,5,1,en_curso
466,155,6.0,mejorada,1,3,6200320476196052908,0,2,10,14,6,7,1,6,1,en_curso
466,155,7.0,mejorada,1,3,6200320476196052908,0,2,18,16,11,7,1,7,1,en_curso
466,155,8.0,mejorada,1,3,6200320476196052908,0,2,22,20,13,7,1,8,1,en_curso
466,155,9.0,mejorada,1,3,6200320476196052908,1,2,25,24,15,7,1,9,1,perdido
467,155,1.0,mejorada,1,4,6200320476196052908,0,0,0,10,0,0,4,1,1,en_curso
467,155,2.0,mejorada,1,4,6200320476196052908,0,0,2,9,2,0,1,2,1,en_curso
467,155,3.0,mejorada,1,4,6200320476196052908,0,0,2,7,2,4,4,3,1,en_curso
467,155,4.0,mejorada,1,4,6200320476196052908,0,1,7,9,4,6,3,4,1,en_curso
467,155,5.0,mejorada,1,4,6200320476196052908,0,1,7,9,4,6,2,5,1,en_curso
467,155,6.0,mejorada,1,4,6200320476196052908,0,1,7,9,4,7,3,6,1,en_curso
467,155,7.0,mejorada,1,4,6200320476196052908,1,2,7,7,4,7,3,7,1,en_curso
467,155,8.0,mejorada,1,4,6200320476196052908,1,2,11,9,8,7,1,8,1,en_curso
467,155,9.0,mejorada,1,4,6200320476196052908,1,3,13,10,9,7,2,9,1,en_curso
467,155,10.0,mejorada,1,4,6200320476196052908,2,3,25,13,17,7,1,10,1,perdido
468,156,1.0,mejorada,1,2,2593923817679570304,0,0,0,10,0,0,2,1,1,en_curso
468,156,2.0,mejorada,1,2,2593923817679570304,0,1,0,6,0,0,1,2,1,en_curso
468,156,3.0,mejorada,1,2,2593923817679570304,0,1,0,2,0,4,2,3,1,en_curso
468,156,4.0,mejorada,1,2,2593923817679570304,0,1,0,0,0,5,2,4,1,en_curso
468,156,5.0,mejorada,1,2,2593923817679570304,0,1,0,5,0,5,2,5,1,en_curso
468,156,6.0,mejorada,1,2,2593923817679570304,2,1,0,4,0,5,2,6,1,en_curso
468,156,7.0,mejorada,1,2,2593923817679570304,2,1,1,5,1,5,2,7,1,en_curso
468,156,8.0,mejorada,1,2,2593923817679570304,4,2,4,6,4,5,2,8,1,en_curso
468,156,9.0,mejorada,1,2,2593923817679570304,4,2,4,8,4,5,2,9,1,en_curso
468,156,10.0,mejorada,1,2,2593923817679570304,4,2,4,7,4,5,2,10,1,en_curso
468,156,11.0,mejorada,1,2,2593923817679570304,5,3,9,10,9,6,2,11,1,en_curso
468,156,12.0,mejorada,1,2,2593923817679570304,6,3,13,10,12,6,1,12,1,en_curso
468,156,13.0,mejorada,1,2,2593923817679570304,6,3,24,8,15,6,1,13,1,perdido
469,156,1.0,mejorada,1,3,2593923817679570304,0,0,0,10,0,0,3,1,1,en_curso
469,156,2.0,mejorada,1,3,2593923817679570304,0,1,0,9,0,0,2,2,1,en_curso
469,156,3.0,mejorada,1,3,2593923817679570304,0,1,2,7,2,3,2,3,1,en_curso
469,156,4.0,mejorada,1,3,2593923817679570304,0,3,5,8,5,4,3,4,1,en_curso
469,156,5.0,mejorada,1,3,2593923817679570304,1,3,8,7,5,6,3,5,1,en_curso
469,156,6.0,mejorada,1,3,2593923817679570304,3,4,8,6,5,6,2,6,1,perdido
470,156,1.0,mejorada,1,4,2593923817679570304,0,0,0,10,0,0,4,1,1,en_curso
470,156,2.0,mejorada,1,4,2593923817679570304,0,1,0,9,0,0,2,2,1,en_curso
470,156,3.0,mejorada,1,4,2593923817679570304,0,1,2,7,2,3,2,3,1,en_curso
470,156,4.0,mejorada,1,4,2593923817679570304,0,3,5,9,5,4,4,4,1,en_curso
470,156,5.0,mejorada,1,4,2593923817679570304,1,4,7,10,5,6,3,5,1,perdido
471,157,1.0,mejorada,1,2,6082100289286389018,0,0,0,10,0,0,2,1,1,en_curso
471,157,2.0,mejorada,1,2,6082100289286389018,0,0,5,7,5,1,0,2,1,en_curso
471,157,3.0,mejorada,1,2,6082100289286389018,0,0,5,4,5,1,2,3,1,en_curso
471,157,4.0,mejorada,1,2,6082100289286389018,0,0,5,3,5,4,2,4,1,en_curso
471,157,5.0,mejorada,1,2,6082100289286389018,1,1,5,4,5,6,2,5,1,en_curso
471,157,6.0,mejorada,1,2,6082100289286389018,2,2,5,2,5,7,2,6,1,en_curso
471,157,7.0,mejorada,1,2,6082100289286389018,2,2,5,0,5,7,2,7,1,en_curso
471,157,8.0,mejorada,1,2,6082100289286389018,2,2,5,0,5,7,2,8,1,en_curso
471,157,9.0,mejorada,1,2,6082100289286389018,3,2,5,5,5,7,2,9,1,en_curso
471,157,10.0,mejorada,1,2,6082100289286389018,3,2,8,6,8,7,2,10,1,en_curso
471,157,11.0,mejorada,1,2,6082100289286389018,3,4,10,8,10,7,2,11,1,perdido
472,157,1.0,mejorada,1,3,6082100289286389018,0,0,0,10,0,0,3,1,1,en_curso
472,157,2.0,mejorada,1,3,6082100289286389018,0,0,5,8,5,1,1,2,1,en_curso
472,157,3.0,mejorada,1,3,6082100289286389018,0,0,5,6,5,1,2,3,1,en_curso
472,157,4.0,mejorada,1,3,6082100289286389018,0,0,5,6,5,3,3,4,1,en_curso
472,157,5.0,mejorada,1,3,6082100289286389018,1,1,5,6,5,4,3,5,1,en_curso
472,157,6.0,mejorada,1,3,6082100289286389018,2,1,7,7,7,7,3,6,1,en_curso
472,157,7.0,mejorada,1,3,6082100289286389018,2,2,7,8,7,7,3,7,1,en_curso
472,157,8.0,mejorada,1,3,6082100289286389018,3,2,12,17,11,7,3,8,1,en_curso
472,157,9.0,mejorada,1,3,6082100289286389018,3,3,19,14,18,7,1,9,1,en_curso
472,157,10.0,mejorada,1,3,6082100289286389018,4,4,24,13,20,7,0,10,1,perdido
473,157,1.0,mejorada,1,4,6082100289286389018,0,0,0,10,0,0,4,1,1,en_curso
473,157,2.0,mejorada,1,4,6082100289286389018,0,0,5,8,5,1,1,2,1,en_curso
473,157,3.0,mejorada,1,4,6082100289286389018,0,0,5,8,5,1,3,3,1,en_curso
473,157,4.0,mejorada,1,4,6082100289286389018,0,0,7,8,7,3,3,4,1,en_curso
473,157,5.0,mejorada,1,4,6082100289286389018,1,0,7,8,7,5,4,5,1,en_curso
473,157,6.0,mejorada,1,4,6082100289286389018,1,1,9,12,9,5,3,6,1,en_curso
473,157,7.0,mejorada,1,4,6082100289286389018,1,1,11,12,11,6,2,7,1,en_curso
473,157,8.0,mejorada,1,4,6082100289286389018,2,1,18,9,16,6,2,8,1,en_curso
473,157,9.0,mejorada,1,4,6082100289286389018,3,1,25,14,19,7,1,9,1,perdido
474,158,1.0,mejorada,1,2,6705341796357657446,0,0,0,10,0,0,2,1,1,en_curso
474,158,2.0,mejorada,1,2,6705341796357657446,0,0,0,8,0,0,2,2,1,en_curso
474,158,3.0,mejorada,1,2,6705341796357657446,0,0,3,9,2,6,2,3,1,en_curso
474,158,4.0,mejorada,1,2,6705341796357657446,0,1,11,13,7,7,1,4,1,en_curso
474,158,5.0,mejorada,1,2,6705341796357657446,0,2,13,10,9,7,0,5,1,en_curso
474,158,6.0,mejorada,1,2,6705341796357657446,0,3,17,11,10,7,0,6,1,en_curso
474,158,7.0,mejorada,1,2,6705341796357657446,0,4,22,12,13,8,1,7,1,perdido
475,158,1.0,mejorada,1,3,6705341796357657446,0,0,0,10,0,0,3,1,1,en_curso
475,158,2.0,mejorada,1,3,6705341796357657446,0,0,0,9,0,0,3,2,1,en_curso
475,158,3.0,mejorada,1,3,6705341796357657446,0,0,0,9,0,3,1,3,1,en_curso
475,158,4.0,mejorada,1,3,6705341796357657446,0,1,2,8,2,5,3,4,1,en_curso
475,158,5.0,mejorada,1,3,6705341796357657446,2,2,6,7,4,5,3,5,1,en_curso
475,158,6.0,mejorada,1,3,6705341796357657446,3,3,6,8,4,5,3,6,1,en_curso
475,158,7.0,mejorada,1,3,6705341796357657446,3,4,12,15,10,6,2,7,1,perdido
476,158,1.0,mejorada,1,4,6705341796357657446,0,0,0,10,0,0,4,1,1,en_curso
476,158,2.0,mejorada,1,4,6705341796357657446,0,0,0,9,0,0,3,2,1,en_curso
476,158,3.0,mejorada,1,4,6705341796357657446,0,0,0,9,0,3,1,3,1,en_curso
476,158,4.0,mejorada,1,4,6705341796357657446,0,1,3,7,3,5,3,4,1,en_curso
476,158,5.0,mejorada,1,4,6705341796357657446,1,1,3,6,3,7,4,5,1,en_curso
476,158,6.0,mejorada,1,4,6705341796357657446,3,1,8,10,5,7,2,6,1,en_curso
476,158,7.0,mejorada,1,4,6705341796357657446,3,1,13,8,8,7,1,7,1,en_curso
476,158,8.0,mejorada,1,4,6705341796357657446,3,2,15,14,9,7,1,8,1,en_curso
476,158,9.0,mejorada,1,4,6705341796357657446,4,4,18,14,12,8,0,9,1,perdido
477,159,1.0,mejorada,1,2,7089521783151875089,0,0,0,10,0,0,2,1,1,en_curso
477,159,2.0,mejorada,1,2,7089521783151875089,0,0,0,5,0,0,2,2,1,en_curso
477,159,3.0,mejorada,1,2,7089521783151875089,0,0,0,1,0,6,2,3,1,en_curso
477,159,4.0,mejorada,1,2,7089521783151875089,0,0,0,0,0,6,2,4,1,en_curso
477,159,5.0,mejorada,1,2,7089521783151875089,0,0,5,6,4,6,2,5,1,en_curso
477,159,6.0,mejorada,1,2,7089521783151875089,0,0,8,4,5,6,2,6,1,en_curso
477,159,7.0,mejorada,1,2,7089521783151875089,1,0,8,1,5,6,2,7,1,en_curso
477,159,8.0,mejorada,1,2,7089521783151875089,3,0,8,0,5,6,2,8,1,en_curso
477,159,9.0,mejorada,1,2,7089521783151875089,3,0,8,6,5,7,2,9,1,en_curso
477,159,10.0,mejorada,1,2,7089521783151875089,3,0,11,7,8,7,2,10,1,en_curso
477,159,11.0,mejorada,1,2,7089521783151875089,3,0,14,7,11,8,2,11,1,en_curso
477,159,12.0,mejorada,1,2,7089521783151875089,3,0,14,9,11,8,1,12,1,en_curso
477,159,13.0,mejorada,1,2,7089521783151875089,3,1,21,12,16,8,0,13,1,en_curso
477,159,14.0,mejorada,1,2,7089521783151875089,3,1,22,11,16,8,0,14,1,en_curso
477,159,15.0,mejorada,1,2,7089521783151875089,3,1,24,8,17,8,2,15,1,perdido
478,159,1.0,mejorada,1,3,7089521783151875089,0,0,0,10,0,0,3,1,1,en_curso
478,159,2.0,mejorada,1,3,7089521783151875089,0,0,0,6,0,0,3,2,1,en_curso
478,159,3.0,mejorada,1,3,7089521783151875089,0,0,0,1,0,4,3,3,1,en_curso
478,159,4.0,mejorada,1,3,7089521783151875089,0,0,0,8,0,7,3,4,1,en_curso
478,159,5.0,mejorada,1,3,7089521783151875089,0,2,6,9,4,7,0,5,1,en_curso
478,159,6.0,mejorada,1,3,7089521783151875089,0,2,9,11,6,7,0,6,1,en_curso
478,159,7.0,mejorada,1,3,7089521783151875089,0,2,9,7,6,7,2,7,1,en_curso
478,159,8.0,mejorada,1,3,7089521783151875089,0,2,9,5,6,7,3,8,1,en_curso
478,159,9.0,mejorada,1,3,7089521783151875089,1,2,9,6,6,7,3,9,1,en_curso
478,159,10.0,mejorada,1,3,7089521783151875089,2,2,12,8,9,7,3,10,1,en_curso
478,159,11.0,mejorada,1,3,7089521783151875089,2,4,12,9,9,7,1,11,1,perdido
479,159,1.0,mejorada,1,4,7089521783151875089,0,0,0,10,0,0,4,1,1,en_curso
479,159,2.0,mejorada,1,4,7089521783151875089,0,0,0,6,0,0,3,2,1,en_curso
479,159,3.0,mejorada,1,4,7089521783151875089,0,1,2,8,2,4,4,3,1,en_curso
479,159,4.0,mejorada,1,4,7089521783151875089,0,1,7,15,6,4,1,4,1,en_curso
479,159,5.0,mejorada,1,4,7089521783151875089,0,4,7,7,6,6,0,5,1,perdido
480,160,1.0,mejorada,1,2,993734828153898530,0,0,0,10,0,0,2,1,1,en_curso
480,160,2.0,mejorada,1,2,993734828153898530,0,0,3,9,3,1,0,2,1,en_curso
480,160,3.0,mejorada,1,2,993734828153898530,0,0,3,6,3,2,1,3,1,en_curso
480,160,4.0,mejorada,1,2,993734828153898530,0,1,3,8,3,5,2,4,1,en_curso
480,160,5.0,mejorada,1,2,993734828153898530,0,1,3,4,3,5,2,5,1,en_curso
480,160,6.0,mejorada,1,2,993734828153898530,0,2,5,10,5,8,2,6,1,en_curso
480,160,7.0,mejorada,1,2,993734828153898530,0,2,7,9,7,8,2,7,1,en_curso
480,160,8.0,mejorada,1,2,993734828153898530,1,2,10,13,8,8,2,8,1,en_curso
480,160,9.0,mejorada,1,2,993734828153898530,1,2,10,14,8,8,1,9,1,en_curso
480,160,10.0,mejorada,1,2,993734828153898530,1,3,10,19,8,8,1,10,1,en_curso
480,160,11.0,mejorada,1,2,993734828153898530,1,4,16,24,13,8,1,11,1,perdido
481,160,1.0,mejorada,1,3,993734828153898530,0,0,0,10,0,0,3,1,1,en_curso
481,160,2.0,mejorada,1,3,993734828153898530,0,0,3,9,3,1,0,2,1,en_curso
481,160,3.0,mejorada,1,3,993734828153898530,0,0,3,8,3,2,2,3,1,en_curso
481,160,4.0,mejorada,1,3,993734828153898530,0,0,5,11,5,5,1,4,1,en_curso
481,160,5.0,mejorada,1,3,993734828153898530,0,1,10,9,8,5,0,5,1,en_curso
481,160,6.0,mejorada,1,3,993734828153898530,1,1,13,7,10,5,2,6,1,en_curso
481,160,7.0,mejorada,1,3,993734828153898530,2,1,16,8,13,6,3,7,1,en_curso
481,160,8.0,mejorada,1,3,993734828153898530,4,2,16,9,13,7,2,8,1,en_curso
481,160,9.0,mejorada,1,3,993734828153898530,4,2,18,8,13,8,3,9,1,en_curso
481,160,10.0,mejorada,1,3,993734828153898530,5,2,24,14,18,8,3,10,1,perdido
482,160,1.0,mejorada,1,4,993734828153898530,0,0,0,10,0,0,4,1,1,en_curso
482,160,2.0,mejorada,1,4,993734828153898530,0,0,3,9,3,1,0,2,1,en_curso
482,160,3.0,mejorada,1,4,993734828153898530,0,0,3,7,3,2,2,3,1,en_curso
482,160,4.0,mejorada,1,4,993734828153898530,0,1,3,9,3,4,3,4,1,en_curso
482,160,5.0,mejorada,1,4,993734828153898530,0,1,3,5,3,5,3,5,1,en_curso
482,160,6.0,mejorada,1,4,993734828153898530,1,2,5,7,5,8,4,6,1,en_curso
482,160,7.0,mejorada,1,4,993734828153898530,1,2,8,7,7,8,4,7,1,en_curso
482,160,8.0,mejorada,1,4,993734828153898530,1,2,12,10,11,8,3,8,1,en_curso
482,160,9.0,mejorada,1,4,993734828153898530,2,2,12,10,11,8,2,9,1,en_curso
482,160,10.0,mejorada,1,4,993734828153898530,2,2,15,7,13,8,1,10,1,en_curso
482,160,11.0,mejorada,1,4,993734828153898530,3,2,17,9,14,8,2,11,1,en_curso
482,160,12.0,mejorada,1,4,993734828153898530,3,2,17,8,14,8,2,12,1,en_curso
482,160,13.0,mejorada,1,4,993734828153898530,3,2,20,10,17,8,4,13,1,en_curso
482,160,14.0,mejorada,1,4,993734828153898530,4,2,20,7,17,8,2,14,1,en_curso
482,160,15.0,mejorada,1,4,993734828153898530,5,2,20,9,17,8,4,15,1,en_curso
482,160,16.0,mejorada,1,4,993734828153898530,7,2,20,12,17,8,1,16,1,ganado
483,161,1.0,mejorada,1,2,8448718037869960638,0,0,0,10,0,0,2,1,1,en_curso
483,161,2.0,mejorada,1,2,8448718037869960638,0,1,4,8,4,1,1,2,1,en_curso
483,161,3.0,mejorada,1,2,8448718037869960638,0,1,4,6,4,4,2,3,1,en_curso
483,161,4.0,mejorada,1,2,8448718037869960638,0,1,4,4,4,5,2,4,1,en_curso
483,161,5.0,mejorada,1,2,8448718037869960638,0,1,4,4,4,6,2,5,1,en_curso
483,161,6.0,mejorada,1,2,8448718037869960638,0,1,4,2,4,6,2,6,1,en_curso
483,161,7.0,mejorada,1,2,8448718037869960638,2,2,8,11,7,7,2,7,1,en_curso
483,161,8.0,mejorada,1,2,8448718037869960638,2,2,15,9,11,7,1,8,1,en_curso
483,161,9.0,mejorada,1,2,8448718037869960638,2,2,17,10,13,7,1,9,1,en_curso
483,161,10.0,mejorada,1,2,8448718037869960638,2,2,21,8,16,7,2,10,1,en_curso
483,161,11.0,mejorada,1,2,8448718037869960638,3,2,23,11,17,7,1,11,1,en_curso
483,161,12.0,mejorada,1,2,8448718037869960638,3,2,26,8,19,7,0,12,1,perdido
484,161,1.0,mejorada,1,3,8448718037869960638,0,0,0,10,0,0,3,1,1,en_curso
484,161,2.0,mejorada,1,3,8448718037869960638,0,1,4,8,4,1,1,2,1,en_curso
484,161,3.0,mejorada,1,3,8448718037869960638,0,1,4,6,4,4,3,3,1,en_curso
484,161,4.0,mejorada,1,3,8448718037869960638,0,1,6,6,6,6,3,4,1,en_curso
484,161,5.0,mejorada,1,3,8448718037869960638,0,1,6,5,6,7,3,5,1,en_curso
484,161,6.0,mejorada,1,3,8448718037869960638,1,1,6,7,6,7,3,6,1,en_curso
484,161,7.0,mejorada,1,3,8448718037869960638,2,2,7,11,7,7,3,7,1,en_curso
484,161,8.0,mejorada,1,3,8448718037869960638,2,3,11,15,11,7,1,8,1,en_curso
484,161,9.0,mejorada,1,3,8448718037869960638,2,4,15,7,15,7,1,9,1,perdido
485,161,1.0,mejorada,1,4,8448718037869960638,0,0,0,10,0,0,4,1,1,en_curso
485,161,2.0,mejorada,1,4,8448718037869960638,0,1,4,8,4,1,1,2,1,en_curso
485,161,3.0,mejorada,1,4,8448718037869960638,0,1,6,10,5,4,4,3,1,en_curso
485,161,4.0,mejorada,1,4,8448718037869960638,0,1,11,11,8,7,0,4,1,en_curso
485,161,5.0,mejorada,1,4,8448718037869960638,0,1,17,13,11,7,0,5,1,en_curso
485,161,6.0,mejorada,1,4,8448718037869960638,0,1,20,14,12,7,0,6,1,en_curso
485,161,7.0,mejorada,1,4,8448718037869960638,0,2,24,25,15,7,0,7,1,perdido
486,162,1.0,mejorada,1,2,2123349286112584630,0,0,0,10,0,0,2,1,1,en_curso
486,162,2.0,mejorada,1,2,2123349286112584630,0,0,2,8,2,0,1,2,1,en_curso
486,162,3.0,mejorada,1,2,2123349286112584630,0,0,2,4,2,3,2,3,1,en_curso
486,162,4.0,mejorada,1,2,2123349286112584630,0,0,2,3,2,4,2,4,1,en_curso
486,162,5.0,mejorada,1,2,2123349286112584630,0,0,7,7,7,6,2,5,1,en_curso
486,162,6.0,mejorada,1,2,2123349286112584630,0,0,7,4,7,7,2,6,1,en_curso
486,162,7.0,mejorada,1,2,2123349286112584630,0,1,7,3,7,7,2,7,1,en_curso
486,162,8.0,mejorada,1,2,2123349286112584630,1,2,7,3,7,7,2,8,1,en_curso
486,162,9.0,mejorada,1,2,2123349286112584630,2,2,7,1,7,7,2,9,1,en_curso
486,162,10.0,mejorada,1,2,2123349286112584630,2,2,7,0,7,7,2,10,1,en_curso
486,162,11.0,mejorada,1,2,2123349286112584630,2,2,7,5,7,7,2,11,1,en_curso
486,162,12.0,mejorada,1,2,2123349286112584630,2,2,7,4,7,7,2,12,1,en_curso
486,162,13.0,mejorada,1,2,2123349286112584630,3,2,7,4,7,7,2,13,1,en_curso
486,162,14.0,mejorada,1,2,2123349286112584630,3,2,7,3,7,7,2,14,1,en_curso
486,162,15.0,mejorada,1,2,2123349286112584630,4,2,7,0,7,7,2,15,1,en_curso
486,162,16.0,mejorada,1,2,2123349286112584630,5,3,7,3,7,7,2,16,1,en_curso
486,162,17.0,mejorada,1,2,2123349286112584630,7,3,7,0,7,7,2,17,1,ganado
487,162,1.0,mejorada,1,3,2123349286112584630,0,0,0,10,0,0,3,1,1,en_curso
487,162,2.0,mejorada,1,3,2123349286112584630,0,0,2,8,2,0,1,2,1,en_curso
487,162,3.0,mejorada,1,3,2123349286112584630,0,0,2,6,2,4,3,3,1,en_curso
487,162,4.0,mejorada,1,3,2123349286112584630,0,0,2,7,2,7,3,4,1,en_curso
487,162,5.0,mejorada,1,3,2123349286112584630,0,1,5,10,5,7,2,5,1,en_curso
487,162,6.0,mejorada,1,3,2123349286112584630,0,1,5,7,5,7,3,6,1,en_curso
487,162,7.0,mejorada,1,3,2123349286112584630,1,2,7,12,7,7,2,7,1,en_curso
487,162,8.0,mejorada,1,3,2123349286112584630,2,2,11,10,11,7,1,8,1,en_curso
487,162,9.0,mejorada,1,3,2123349286112584630,2,2,18,11,16,7,1,9,1,en_curso
487,162,10.0,mejorada,1,3,2123349286112584630,2,2,24,11,19,7,1,10,1,perdido
488,162,1.0,mejorada,1,4,2123349286112584630,0,0,0,10,0,0,4,1,1,en_curso
488,162,2.0,mejorada,1,4,2123349286112584630,0,0,2,8,2,0,1,2,1,en_curso
488,162,3.0,mejorada,1,4,2123349286112584630,0,0,2,5,2,3,4,3,1,en_curso
488,162,4.0,mejorada,1,4,2123349286112584630,1,0,2,8,2,3,4,4,1,en_curso
488,162,5.0,mejorada,1,4,2123349286112584630,2,0,7,9,7,3,2,5,1,en_curso
488,162,6.0,mejorada,1,4,2123349286112584630,3,0,7,8,7,4,3,6,1,en_curso
488,162,7.0,mejorada,1,4,2123349286112584630,4,1,10,10,8,6,3,7,1,en_curso
488,162,8.0,mejorada,1,4,2123349286112584630,4,1,13,8,10,7,0,8,1,en_curso
488,162,9.0,mejorada,1,4,2123349286112584630,4,3,18,10,13,7,3,9,1,en_curso
488,162,10.0,mejorada,1,4,2123349286112584630,4,4,22,15,15,7,0,10,1,perdido
489,163,1.0,mejorada,1,2,345069924462636029,0,0,0,10,0,0,2,1,1,en_curso
489,163,2.0,mejorada,1,2,345069924462636029,0,0,5,10,4,1,2,2,1,en_curso
489,163,3.0,mejorada,1,2,345069924462636029,0,0,5,9,4,4,2,3,1,en_curso
489,163,4.0,mejorada,1,2,345069924462636029,0,0,5,10,4,5,2,4,1,en_curso
489,163,5.0,mejorada,1,2,345069924462636029,0,1,9,12,6,5,1,5,1,en_curso
489,163,6.0,mejorada,1,2,345069924462636029,0,3,11,11,8,6,0,6,1,en_curso
489,163,7.0,mejorada,1,2,345069924462636029,0,3,15,13,12,6,0,7,1,en_curso
489,163,8.0,mejorada,1,2,345069924462636029,0,3,25,14,16,8,0,8,1,perdido
490,163,1.0,mejorada,1,3,345069924462636029,0,0,0,10,0,0,3,1,1,en_curso
490,163,2.0,mejorada,1,3,345069924462636029,0,0,5,10,4,1,2,2,1,en_curso
490,163,3.0,mejorada,1,3,345069924462636029,0,0,5,9,4,4,2,3,1,en_curso
490,163,4.0,mejorada,1,3,345069924462636029,0,0,5,4,4,5,3,4,1,en_curso
490,163,5.0,mejorada,1,3,345069924462636029,1,1,7,7,4,5,3,5,1,en_curso
490,163,6.0,mejorada,1,3,345069924462636029,2,1,10,8,7,8,3,6,1,en_curso
490,163,7.0,mejorada,1,3,345069924462636029,2,1,10,9,7,8,3,7,1,en_curso
490,163,8.0,mejorada,1,3,345069924462636029,2,2,18,10,15,8,2,8,1,en_curso
490,163,9.0,mejorada,1,3,345069924462636029,5,3,18,12,15,8,2,9,1,en_curso
490,163,10.0,mejorada,1,3,345069924462636029,5,3,24,14,19,8,0,10,1,perdido
491,163,1.0,mejorada,1,4,345069924462636029,0,0,0,10,0,0,4,1,1,en_curso
491,163,2.0,mejorada,1,4,345069924462636029,0,0,5,10,4,1,2,2,1,en_curso
491,163,3.0,mejorada,1,4,345069924462636029,0,0,5,9,4,4,2,3,1,en_curso
491,163,4.0,mejorada,1,4,345069924462636029,0,0,5,4,4,5,3,4,1,en_curso
491,163,5.0,mejorada,1,4,345069924462636029,1,1,7,8,4,5,2,5,1,en_curso
491,163,6.0,mejorada,1,4,345069924462636029,1,1,13,6,10,7,1,6,1,en_curso
491,163,7.0,mejorada,1,4,345069924462636029,1,1,13,6,10,8,4,7,1,en_curso
491,163,8.0,mejorada,1,4,345069924462636029,2,1,13,7,10,8,2,8,1,en_curso
491,163,9.0,mejorada,1,4,345069924462636029,2,1,13,7,10,8,3,9,1,en_curso
491,163,10.0,mejorada,1,4,345069924462636029,4,4,18,10,12,8,3,10,1,perdido
492,164,1.0,mejorada,1,2,5117610750765228231,0,0,0,10,0,0,2,1,1,en_curso
492,164,2.0,mejorada,1,2,5117610750765228231,0,0,0,3,0,1,1,2,1,en_curso
492,164,3.0,mejorada,1,2,5117610750765228231,0,0,2,2,2,5,2,3,1,en_curso
492,164,4.0,mejorada,1,2,5117610750765228231,0,0,2,0,2,6,2,4,1,en_curso
492,164,5.0,mejorada,1,2,5117610750765228231,0,1,2,3,2,6,2,5,1,en_curso
492,164,6.0,mejorada,1,2,5117610750765228231,0,1,2,3,2,7,2,6,1,en_curso
492,164,7.0,mejorada,1,2,5117610750765228231,0,1,2,0,2,7,2,7,1,en_curso
492,164,8.0,mejorada,1,2,5117610750765228231,1,2,2,3,2,7,2,8,1,en_curso
492,164,9.0,mejorada,1,2,5117610750765228231,1,2,2,2,2,7,2,9,1,en_curso
492,164,10.0,mejorada,1,2,5117610750765228231,2,2,2,7,2,7,2,10,1,en_curso
492,164,11.0,mejorada,1,2,5117610750765228231,2,2,5,10,5,7,1,11,1,en_curso
492,164,12.0,mejorada,1,2,5117610750765228231,2,2,6,9,6,7,0,12,1,en_curso
492,164,13.0,mejorada,1,2,5117610750765228231,2,2,8,11,7,7,2,13,1,en_curso
492,164,14.0,mejorada,1,2,5117610750765228231,2,2,8,9,7,7,1,14,1,en_curso
492,164,15.0,mejorada,1,2,5117610750765228231,2,2,10,8,9,7,2,15,1,en_curso
492,164,16.0,mejorada,1,2,5117610750765228231,2,4,17,9,14,7,0,16,1,perdido
493,164,1.0,mejorada,1,3,5117610750765228231,0,0,0,10,0,0,3,1,1,en_curso
493,164,2.0,mejorada,1,3,5117610750765228231,0,0,0,4,0,0,2,2,1,en_curso
493,164,3.0,mejorada,1,3,5117610750765228231,0,0,4,7,4,5,3,3,1,en_curso
493,164,4.0,mejorada,1,3,5117610750765228231,0,0,4,7,4,5,3,4,1,en_curso
493,164,5.0,mejorada,1,3,5117610750765228231,1,0,7,10,5,6,3,5,1,en_curso
493,164,6.0,mejorada,1,3,5117610750765228231,2,1,10,11,8,7,3,6,1,en_curso
493,164,7.0,mejorada,1,3,5117610750765228231,2,2,13,11,8,7,1,7,1,en_curso
493,164,8.0,mejorada,1,3,5117610750765228231,4,2,15,9,10,7,1,8,1,en_curso
493,164,9.0,mejorada,1,3,5117610750765228231,4,2,15,7,10,7,3,9,1,en_curso
493,164,10.0,mejorada,1,3,5117610750765228231,4,2,15,9,10,7,2,10,1,en_curso
493,164,11.0,mejorada,1,3,5117610750765228231,5,2,26,14,18,8,2,11,1,perdido
494,164,1.0,mejorada,1,4,5117610750765228231,0,0,0,10,0,0,4,1,1,en_curso
494,164,2.0,mejorada,1,4,5117610750765228231,0,0,0,6,0,1,3,2,1,en_curso
494,164,3.0,mejorada,1,4,5117610750765228231,0,0,5,9,5,4,1,3,1,en_curso
494,164,4.0,mejorada,1,4,5117610750765228231,0,0,5,8,5,7,1,4,1,en_curso
494,164,5.0,mejorada,1,4,5117610750765228231,0,0,7,8,6,7,2,5,1,en_curso
494,164,6.0,mejorada,1,4,5117610750765228231,0,0,7,8,6,7,3,6,1,en_curso
494,164,7.0,mejorada,1,4,5117610750765228231,0,0,7,11,6,7,4,7,1,en_curso
494,164,8.0,mejorada,1,4,5117610750765228231,0,0,10,13,9,7,2,8,1,en_curso
494,164,9.0,mejorada,1,4,5117610750765228231,2,0,11,15,10,7,2,9,1,en_curso
494,164,10.0,mejorada,1,4,5117610750765228231,2,0,11,13,10,7,0,10,1,en_curso
494,164,11.0,mejorada,1,4,5117610750765228231,2,0,17,15,13,7,0,11,1,en_curso
494,164,12.0,mejorada,1,4,5117610750765228231,2,0,24,11,14,7,0,12,1,perdido
495,165,1.0,mejorada,1,2,3421154220823127656,0,0,0,10,0,0,2,1,1,en_curso
495,165,2.0,mejorada,1,2,3421154220823127656,0,0,0,4,0,0,1,2,1,en_curso
495,165,3.0,mejorada,1,2,3421154220823127656,0,1,0,3,0,5,2,3,1,en_curso
495,165,4.0,mejorada,1,2,3421154220823127656,0,2,4,7,4,7,2,4,1,en_curso
495,165,5.0,mejorada,1,2,3421154220823127656,0,2,4,5,4,7,2,5,1,en_curso
495,165,6.0,mejorada,1,2,3421154220823127656,0,2,4,6,4,7,2,6,1,en_curso
495,165,7.0,mejorada,1,2,3421154220823127656,1,2,4,5,4,7,2,7,1,en_curso
495,165,8.0,mejorada,1,2,3421154220823127656,2,3,4,10,4,7,2,8,1,en_curso
495,165,9.0,mejorada,1,2,3421154220823127656,2,3,4,9,4,7,0,9,1,en_curso
495,165,10.0,mejorada,1,2,3421154220823127656,2,3,6,8,6,7,0,10,1,en_curso
495,165,11.0,mejorada,1,2,3421154220823127656,2,3,6,5,6,7,2,11,1,en_curso
495,165,12.0,mejorada,1,2,3421154220823127656,4,3,6,6,6,7,2,12,1,en_curso
495,165,13.0,mejorada,1,2,3421154220823127656,4,3,6,6,6,7,2,13,1,en_curso
495,165,14.0,mejorada,1,2,3421154220823127656,6,4,9,11,8,7,2,14,1,perdido
496,165,1.0,mejorada,1,3,3421154220823127656,0,0,0,10,0,0,3,1,1,en_curso
496,165,2.0,mejorada,1,3,3421154220823127656,0,0,0,5,0,1,2,2,1,en_curso
496,165,3.0,mejorada,1,3,3421154220823127656,0,1,0,4,0,5,3,3,1,en_curso
496,165,4.0,mejorada,1,3,3421154220823127656,0,1,2,8,2,6,3,4,1,en_curso
496,165,5.0,mejorada,1,3,3421154220823127656,2,2,5,7,4,6,3,5,1,en_curso
496,165,6.0,mejorada,1,3,3421154220823127656,2,2,9,5,7,7,3,6,1,en_curso
496,165,7.0,mejorada,1,3,3421154220823127656,3,2,9,3,7,7,3,7,1,en_curso
496,165,8.0,mejorada,1,3,3421154220823127656,5,2,9,2,7,7,3,8,1,en_curso
496,165,9.0,mejorada,1,3,3421154220823127656,5,2,9,2,7,7,3,9,1,en_curso
496,165,10.0,mejorada,1,3,3421154220823127656,7,2,12,1,8,7,3,10,1,ganado
497,165,1.0,mejorada,1,4,3421154220823127656,0,0,0,10,0,0,4,1,1,en_curso
497,165,2.0,mejorada,1,4,3421154220823127656,0,0,0,5,0,1,2,2,1,en_curso
497,165,3.0,mejorada,1,4,3421154220823127656,0,1,0,5,0,6,4,3,1,en_curso
497,165,4.0,mejorada,1,4,3421154220823127656,0,1,2,6,2,7,4,4,1,en_curso
497,165,5.0,mejorada,1,4,3421154220823127656,0,1,2,6,2,7,4,5,1,en_curso
497,165,6.0,mejorada,1,4,3421154220823127656,1,1,2,8,2,7,4,6,1,en_curso
497,165,7.0,mejorada,1,4,3421154220823127656,1,1,2,9,2,7,4,7,1,en_curso
497,165,8.0,mejorada,1,4,3421154220823127656,4,1,4,13,4,7,3,8,1,en_curso
497,165,9.0,mejorada,1,4,3421154220823127656,5,1,7,10,7,8,1,9,1,en_curso
497,165,10.0,mejorada,1,4,3421154220823127656,5,1,9,8,9,8,2,10,1,en_curso
497,165,11.0,mejorada,1,4,3421154220823127656,6,1,9,6,9,8,3,11,1,en_curso
497,165,12.0,mejorada,1,4,3421154220823127656,8,1,9,4,9,8,4,12,1,ganado
498,166,1.0,mejorada,1,2,7653459513276407468,0,0,0,10,0,0,2,1,1,en_curso
498,166,2.0,mejorada,1,2,7653459513276407468,0,0,2,6,2,0,0,2,1,en_curso
498,166,3.0,mejorada,1,2,7653459513276407468,0,0,2,2,2,3,2,3,1,en_curso
498,166,4.0,mejorada,1,2,7653459513276407468,0,0,2,0,2,6,2,4,1,en_curso
498,166,5.0,mejorada,1,2,7653459513276407468,0,0,2,1,2,6,2,5,1,en_curso
498,166,6.0,mejorada,1,2,7653459513276407468,0,1,2,4,2,6,2,6,1,en_curso
498,166,7.0,mejorada,1,2,7653459513276407468,0,1,2,4,2,7,2,7,1,en_curso
498,166,8.0,mejorada,1,2,7653459513276407468,1,1,5,2,5,7,2,8,1,en_curso
498,166,9.0,mejorada,1,2,7653459513276407468,1,1,5,4,5,7,2,9,1,en_curso
498,166,10.0,mejorada,1,2,7653459513276407468,2,1,8,7,8,8,2,10,1,en_curso
498,166,11.0,mejorada,1,2,7653459513276407468,3,2,8,9,8,8,2,11,1,en_curso
498,166,12.0,mejorada,1,2,7653459513276407468,4,3,11,8,11,8,1,12,1,en_curso
498,166,13.0,mejorada,1,2,7653459513276407468,4,4,12,16,12,8,0,13,1,perdido
499,166,1.0,mejorada,1,3,7653459513276407468,0,0,0,10,0,0,3,1,1,en_curso
499,166,2.0,mejorada,1,3,7653459513276407468,0,0,2,8,2,0,1,2,1,en_curso
499,166,3.0,mejorada,1,3,7653459513276407468,0,0,5,6,4,3,3,3,1,en_curso
499,166,4.0,mejorada,1,3,7653459513276407468,1,0,7,7,6,6,3,4,1,en_curso
499,166,5.0,mejorada,1,3,7653459513276407468,1,0,7,6,6,6,3,5,1,en_curso
499,166,6.0,mejorada,1,3,7653459513276407468,1,0,7,5,6,7,3,6,1,en_curso
499,166,7.0,mejorada,1,3,7653459513276407468,1,2,9,8,6,7,3,7,1,en_curso
499,166,8.0,mejorada,1,3,7653459513276407468,1,2,12,8,9,7,3,8,1,en_curso
499,166,9.0,mejorada,1,3,7653459513276407468,1,2,16,15,12,8,3,9,1,en_curso
499,166,10.0,mejorada,1,3,7653459513276407468,2,3,24,14,18,8,2,10,1,perdido
500,166,1.0,mejorada,1,4,7653459513276407468,0,0,0,10,0,0,4,1,1,en_curso
500,166,2.0,mejorada,1,4,7653459513276407468,0,0,2,10,2,1,2,2,1,en_curso
500,166,3.0,mejorada,1,4,7653459513276407468,0,0,6,9,4,3,0,3,1,en_curso
500,166,4.0,mejorada,1,4,7653459513276407468,0,0,12,10,8,4,0,4,1,en_curso
500,166,5.0,mejorada,1,4,7653459513276407468,0,0,17,11,11,4,0,5,1,en_curso
500,166,6.0,mejorada,1,4,7653459513276407468,0,1,18,13,12,4,0,6,1,en_curso
500,166,7.0,mejorada,1,4,7653459513276407468,0,2,20,11,12,4,0,7,1,en_curso
500,166,8.0,mejorada,1,4,7653459513276407468,0,2,23,11,15,5,0,8,1,en_curso
500,166,9.0,mejorada,1,4,7653459513276407468,0,3,25,10,17,6,2,9,1,perdido
501,167,1.0,mejorada,1,2,7454804026184590417,0,0,0,10,0,0,2,1,1,en_curso
501,167,2.0,mejorada,1,2,7454804026184590417,0,0,2,7,2,0,1,2,1,en_curso
501,167,3.0,mejorada,1,2,7454804026184590417,0,0,5,6,5,4,2,3,1,en_curso
501,167,4.0,mejorada,1,2,7454804026184590417,0,0,5,4,5,6,2,4,1,en_curso
501,167,5.0,mejorada,1,2,7454804026184590417,0,0,5,2,5,7,2,5,1,en_curso
501,167,6.0,mejorada,1,2,7454804026184590417,0,0,5,1,5,7,2,6,1,en_curso
501,167,7.0,mejorada,1,2,7454804026184590417,1,1,5,4,5,7,2,7,1,en_curso
501,167,8.0,mejorada,1,2,7454804026184590417,1,1,7,3,7,7,2,8,1,en_curso
501,167,9.0,mejorada,1,2,7454804026184590417,1,1,7,4,7,7,2,9,1,en_curso
501,167,10.0,mejorada,1,2,7454804026184590417,1,1,7,4,7,7,2,10,1,en_curso
501,167,11.0,mejorada,1,2,7454804026184590417,2,1,7,10,7,7,2,11,1,en_curso
501,167,12.0,mejorada,1,2,7454804026184590417,2,1,9,10,9,7,1,12,1,en_curso
501,167,13.0,mejorada,1,2,7454804026184590417,3,1,9,5,9,7,2,13,1,en_curso
501,167,14.0,mejorada,1,2,7454804026184590417,3,1,9,5,9,7,2,14,1,en_curso
501,167,15.0,mejorada,1,2,7454804026184590417,4,1,10,10,10,7,1,15,1,en_curso
501,167,16.0,mejorada,1,2,7454804026184590417,4,2,16,13,13,7,0,16,1,en_curso
501,167,17.0,mejorada,1,2,7454804026184590417,4,4,17,11,14,7,0,17,1,perdido
502,167,1.0,mejorada,1,3,7454804026184590417,0,0,0,10,0,0,3,1,1,en_curso
502,167,2.0,mejorada,1,3,7454804026184590417,0,0,2,7,2,0,1,2,1,en_curso
502,167,3.0,mejorada,1,3,7454804026184590417,1,0,5,6,5,4,3,3,1,en_curso
502,167,4.0,mejorada,1,3,7454804026184590417,1,0,5,4,5,6,3,4,1,en_curso
502,167,5.0,mejorada,1,3,7454804026184590417,1,1,7,7,6,6,3,5,1,en_curso
502,167,6.0,mejorada,1,3,7454804026184590417,1,2,8,9,7,6,3,6,1,en_curso
502,167,7.0,mejorada,1,3,7454804026184590417,1,2,9,8,8,6,1,7,1,en_curso
502,167,8.0,mejorada,1,3,7454804026184590417,2,2,9,7,8,7,3,8,1,en_curso
502,167,9.0,mejorada,1,3,7454804026184590417,2,2,14,12,12,8,2,9,1,en_curso
502,167,10.0,mejorada,1,3,7454804026184590417,2,2,19,14,16,8,1,10,1,en_curso
502,167,11.0,mejorada,1,3,7454804026184590417,2,4,19,17,16,8,1,11,1,perdido
503,167,1.0,mejorada,1,4,7454804026184590417,0,0,0,10,0,0,4,1,1,en_curso
503,167,2.0,mejorada,1,4,7454804026184590417,0,0,2,8,2,1,2,2,1,en_curso
503,167,3.0,mejorada,1,4,7454804026184590417,0,0,10,14,9,5,2,3,1,en_curso
503,167,4.0,mejorada,1,4,7454804026184590417,0,0,13,10,11,6,0,4,1,en_curso
503,167,5.0,mejorada,1,4,7454804026184590417,0,0,13,9,11,7,4,5,1,en_curso
503,167,6.0,mejorada,1,4,7454804026184590417,1,0,16,12,13,7,1,6,1,en_curso
503,167,7.0,mejorada,1,4,7454804026184590417,1,0,19,8,16,7,0,7,1,en_curso
503,167,8.0,mejorada,1,4,7454804026184590417,1,0,24,13,18,7,0,8,1,perdido
504,168,1.0,mejorada,1,2,2925089995860117194,0,0,0,10,0,0,2,1,1,en_curso
504,168,2.0,mejorada,1,2,2925089995860117194,0,0,2,5,2,0,0,2,1,en_curso
504,168,3.0,mejorada,1,2,2925089995860117194,0,0,3,5,3,3,1,3,1,en_curso
504,168,4.0,mejorada,1,2,2925089995860117194,0,1,6,7,6,4,2,4,1,en_curso
504,168,5.0,mejorada,1,2,2925089995860117194,1,1,6,4,6,6,2,5,1,en_curso
504,168,6.0,mejorada,1,2,2925089995860117194,3,1,6,5,6,6,2,6,1,en_curso
504,168,7.0,mejorada,1,2,2925089995860117194,3,4,10,12,10,6,1,7,1,perdido
505,168,1.0,mejorada,1,3,2925089995860117194,0,0,0,10,0,0,3,1,1,en_curso
505,168,2.0,mejorada,1,3,2925089995860117194,0,0,2,8,2,0,1,2,1,en_curso
505,168,3.0,mejorada,1,3,2925089995860117194,0,0,11,11,9,3,2,3,1,en_curso
505,168,4.0,mejorada,1,3,2925089995860117194,0,0,21,11,15,4,0,4,1,en_curso
505,168,5.0,mejorada,1,3,2925089995860117194,0,1,23,8,16,5,2,5,1,en_curso
505,168,6.0,mejorada,1,3,2925089995860117194,0,3,23,8,16,5,2,6,1,en_curso
505,168,7.0,mejorada,1,3,2925089995860117194,2,3,23,8,16,5,3,7,1,en_curso
505,168,8.0,mejorada,1,3,2925089995860117194,3,4,23,8,16,5,3,8,1,perdido
506,168,1.0,mejorada,1,4,2925089995860117194,0,0,0,10,0,0,4,1,1,en_curso
506,168,2.0,mejorada,1,4,2925089995860117194,0,0,2,8,2,0,1,2,1,en_curso
506,168,3.0,mejorada,1,4,2925089995860117194,0,0,11,11,9,3,2,3,1,en_curso
506,168,4.0,mejorada,1,4,2925089995860117194,0,0,21,11,15,4,0,4,1,en_curso
506,168,5.0,mejorada,1,4,2925089995860117194,0,1,23,8,16,5,2,5,1,en_curso
506,168,6.0,mejorada,1,4,2925089995860117194,1,4,23,10,16,5,3,6,1,perdido
507,169,1.0,mejorada,1,2,8788945634422117436,0,0,0,10,0,0,2,1,1,en_curso
507,169,2.0,mejorada,1,2,8788945634422117436,0,0,0,8,0,0,2,2,1,en_curso
507,169,3.0,mejorada,1,2,8788945634422117436,0,0,0,5,0,4,2,3,1,en_curso
507,169,4.0,mejorada,1,2,8788945634422117436,0,0,4,6,3,6,2,4,1,en_curso
507,169,5.0,mejorada,1,2,8788945634422117436,0,0,4,3,3,6,2,5,1,en_curso
507,169,6.0,mejorada,1,2,8788945634422117436,0,0,4,3,3,7,2,6,1,en_curso
507,169,7.0,mejorada,1,2,8788945634422117436,1,0,4,1,3,7,2,7,1,en_curso
507,169,8.0,mejorada,1,2,8788945634422117436,2,0,4,1,3,7,2,8,1,en_curso
507,169,9.0,mejorada,1,2,8788945634422117436,4,0,4,0,3,7,2,9,1,en_curso
507,169,10.0,mejorada,1,2,8788945634422117436,5,0,4,2,3,7,2,10,1,en_curso
507,169,11.0,mejorada,1,2,8788945634422117436,6,1,4,2,3,7,2,11,1,en_curso
507,169,12.0,mejorada,1,2,8788945634422117436,7,1,4,0,3,7,2,12,1,ganado
508,169,1.0,mejorada,1,3,8788945634422117436,0,0,0,10,0,0,3,1,1,en_curso
508,169,2.0,mejorada,1,3,8788945634422117436,0,0,0,8,0,0,2,2,1,en_curso
508,169,3.0,mejorada,1,3,8788945634422117436,0,0,0,7,0,6,3,3,1,en_curso
508,169,4.0,mejorada,1,3,8788945634422117436,0,0,0,6,0,6,3,4,1,en_curso
508,169,5.0,mejorada,1,3,8788945634422117436,0,0,0,5,0,6,3,5,1,en_curso
508,169,6.0,mejorada,1,3,8788945634422117436,1,0,2,7,2,7,3,6,1,en_curso
508,169,7.0,mejorada,1,3,8788945634422117436,4,0,2,8,2,7,3,7,1,en_curso
508,169,8.0,mejorada,1,3,8788945634422117436,5,0,7,9,7,7,3,8,1,en_curso
508,169,9.0,mejorada,1,3,8788945634422117436,6,0,7,6,7,7,2,9,1,en_curso
508,169,10.0,mejorada,1,3,8788945634422117436,6,0,9,10,9,7,2,10,1,en_curso
508,169,11.0,mejorada,1,3,8788945634422117436,6,0,9,8,9,7,0,11,1,en_curso
508,169,12.0,mejorada,1,3,8788945634422117436,6,1,11,12,11,7,2,12,1,en_curso
508,169,13.0,mejorada,1,3,8788945634422117436,7,2,17,8,15,7,2,13,1,ganado
509,169,1.0,mejorada,1,4,8788945634422117436,0,0,0,10,0,0,4,1,1,en_curso
509,169,2.0,mejorada,1,4,8788945634422117436,0,0,0,8,0,0,2,2,1,en_curso
509,169,3.0,mejorada,1,4,8788945634422117436,0,0,0,7,0,4,4,3,1,en_curso
509,169,4.0,mejorada,1,4,8788945634422117436,0,0,3,6,3,5,4,4,1,en_curso
509,169,5.0,mejorada,1,4,8788945634422117436,0,0,3,6,3,5,4,5,1,en_curso
509,169,6.0,mejorada,1,4,8788945634422117436,1,0,7,10,6,6,3,6,1,en_curso
509,169,7.0,mejorada,1,4,8788945634422117436,3,0,9,17,8,7,2,7,1,en_curso
509,169,8.0,mejorada,1,4,8788945634422117436,3,0,9,13,8,7,1,8,1,en_curso
509,169,9.0,mejorada,1,4,8788945634422117436,3,1,11,14,10,7,1,9,1,en_curso
509,169,10.0,mejorada,1,4,8788945634422117436,3,3,21,10,17,7,0,10,1,en_curso
509,169,11.0,mejorada,1,4,8788945634422117436,3,4,22,10,18,7,0,11,1,perdido
510,170,1.0,mejorada,1,2,2683243453323814181,0,0,0,10,0,0,2,1,1,en_curso
510,170,2.0,mejorada,1,2,2683243453323814181,0,0,0,5,0,0,1,2,1,en_curso
510,170,3.0,mejorada,1,2,2683243453323814181,0,0,2,4,2,3,2,3,1,en_curso
510,170,4.0,mejorada,1,2,2683243453323814181,0,0,2,2,2,4,2,4,1,en_curso
510,170,5.0,mejorada,1,2,2683243453323814181,1,0,2,2,2,4,2,5,1,en_curso
510,170,6.0,mejorada,1,2,2683243453323814181,2,0,2,1,2,5,2,6,1,en_curso
510,170,7.0,mejorada,1,2,2683243453323814181,3,1,2,5,2,6,2,7,1,en_curso
510,170,8.0,mejorada,1,2,2683243453323814181,3,1,5,6,5,8,2,8,1,en_curso
510,170,9.0,mejorada,1,2,2683243453323814181,4,1,5,5,5,8,2,9,1,en_curso
510,170,10.0,mejorada,1,2,2683243453323814181,4,1,5,8,5,8,2,10,1,en_curso
510,170,11.0,mejorada,1,2,2683243453323814181,4,2,5,10,5,8,2,11,1,en_curso
510,170,12.0,mejorada,1,2,2683243453323814181,6,3,8,12,8,8,2,12,1,en_curso
510,170,13.0,mejorada,1,2,2683243453323814181,6,3,11,11,10,8,0,13,1,en_curso
510,170,14.0,mejorada,1,2,2683243453323814181,6,3,15,9,11,8,0,14,1,en_curso
510,170,15.0,mejorada,1,2,2683243453323814181,6,4,21,13,14,8,1,15,1,perdido
511,170,1.0,mejorada,1,3,2683243453323814181,0,0,0,10,0,0,3,1,1,en_curso
511,170,2.0,mejorada,1,3,2683243453323814181,0,0,0,6,0,0,2,2,1,en_curso
511,170,3.0,mejorada,1,3,2683243453323814181,0,0,2,6,2,4,3,3,1,en_curso
511,170,4.0,mejorada,1,3,2683243453323814181,0,0,4,6,4,6,3,4,1,en_curso
511,170,5.0,mejorada,1,3,2683243453323814181,0,0,10,7,8,7,3,5,1,en_curso
511,170,6.0,mejorada,1,3,2683243453323814181,0,0,10,6,8,7,3,6,1,en_curso
511,170,7.0,mejorada,1,3,2683243453323814181,2,0,14,10,10,7,3,7,1,en_curso
511,170,8.0,mejorada,1,3,2683243453323814181,2,0,22,11,14,7,1,8,1,en_curso
511,170,9.0,mejorada,1,3,2683243453323814181,3,0,22,15,14,7,2,9,1,en_curso
511,170,10.0,mejorada,1,3,2683243453323814181,3,0,23,12,15,7,1,10,1,en_curso
511,170,11.0,mejorada,1,3,2683243453323814181,3,1,24,15,16,7,2,11,1,perdido
512,170,1.0,mejorada,1,4,2683243453323814181,0,0,0,10,0,0,4,1,1,en_curso
512,170,2.0,mejorada,1,4,2683243453323814181,0,0,0,6,0,0,2,2,1,en_curso
512,170,3.0,mejorada,1,4,2683243453323814181,0,0,4,8,3,2,4,3,1,en_curso
512,170,4.0,mejorada,1,4,2683243453323814181,1,1,9,11,8,4,2,4,1,en_curso
512,170,5.0,mejorada,1,4,2683243453323814181,2,1,12,14,9,5,1,5,1,en_curso
512,170,6.0,mejorada,1,4,2683243453323814181,2,1,12,8,9,5,0,6,1,en_curso
512,170,7.0,mejorada,1,4,2683243453323814181,2,2,15,8,12,6,2,7,1,en_curso
512,170,8.0,mejorada,1,4,2683243453323814181,3,2,15,12,12,6,2,8,1,en_curso
512,170,9.0,mejorada,1,4,2683243453323814181,4,2,15,9,12,6,1,9,1,en_curso
512,170,10.0,mejorada,1,4,2683243453323814181,4,2,15,7,12,6,3,10,1,en_curso
512,170,11.0,mejorada,1,4,2683243453323814181,4,2,16,10,12,6,3,11,1,en_curso
512,170,12.0,mejorada,1,4,2683243453323814181,4,3,17,12,13,6,2,12,1,en_curso
512,170,13.0,mejorada,1,4,2683243453323814181,6,3,22,12,18,6,1,13,1,en_curso
512,170,14.0,mejorada,1,4,2683243453323814181,6,4,24,14,20,7,1,14,1,perdido
513,171,1.0,mejorada,1,2,4750563523138493357,0,0,0,10,0,0,2,1,1,en_curso
513,171,2.0,mejorada,1,2,4750563523138493357,0,0,2,6,2,0,1,2,1,en_curso
513,171,3.0,mejorada,1,2,4750563523138493357,0,0,2,2,2,3,2,3,1,en_curso
513,171,4.0,mejorada,1,2,4750563523138493357,0,0,2,4,2,4,2,4,1,en_curso
513,171,5.0,mejorada,1,2,4750563523138493357,1,0,5,5,4,6,2,5,1,en_curso
513,171,6.0,mejorada,1,2,4750563523138493357,1,0,9,12,6,7,2,6,1,en_curso
513,171,7.0,mejorada,1,2,4750563523138493357,2,0,9,12,6,7,1,7,1,en_curso
513,171,8.0,mejorada,1,2,4750563523138493357,2,1,12,12,9,7,0,8,1,en_curso
513,171,9.0,mejorada,1,2,4750563523138493357,2,1,12,9,9,7,0,9,1,en_curso
513,171,10.0,mejorada,1,2,4750563523138493357,2,1,14,12,11,8,1,10,1,en_curso
513,171,11.0,mejorada,1,2,4750563523138493357,2,1,14,11,11,8,1,11,1,en_curso
513,171,12.0,mejorada,1,2,4750563523138493357,2,1,16,12,13,8,1,12,1,en_curso
513,171,13.0,mejorada,1,2,4750563523138493357,2,2,18,12,14,8,1,13,1,en_curso
513,171,14.0,mejorada,1,2,4750563523138493357,2,3,20,14,15,8,1,14,1,en_curso
513,171,15.0,mejorada,1,2,4750563523138493357,2,3,20,11,15,8,1,15,1,en_curso
513,171,16.0,mejorada,1,2,4750563523138493357,3,3,25,8,20,8,2,16,1,perdido
514,171,1.0,mejorada,1,3,4750563523138493357,0,0,0,10,0,0,3,1,1,en_curso
514,171,2.0,mejorada,1,3,4750563523138493357,0,0,2,6,2,0,1,2,1,en_curso
514,171,3.0,mejorada,1,3,4750563523138493357,0,0,3,5,3,4,3,3,1,en_curso
514,171,4.0,mejorada,1,3,4750563523138493357,0,0,3,6,3,6,3,4,1,en_curso
514,171,5.0,mejorada,1,3,4750563523138493357,1,0,3,7,3,7,3,5,1,en_curso
514,171,6.0,mejorada,1,3,4750563523138493357,1,0,7,9,6,7,3,6,1,en_curso
514,171,7.0,mejorada,1,3,4750563523138493357,1,1,8,13,7,7,2,7,1,en_curso
514,171,8.0,mejorada,1,3,4750563523138493357,1,1,15,14,10,8,0,8,1,en_curso
514,171,9.0,mejorada,1,3,4750563523138493357,1,1,17,14,11,8,0,9,1,en_curso
514,171,10.0,mejorada,1,3,4750563523138493357,1,2,19,14,13,8,0,10,1,en_curso
514,171,11.0,mejorada,1,3,4750563523138493357,1,3,26,13,16,8,0,11,1,perdido
515,171,1.0,mejorada,1,4,4750563523138493357,0,0,0,10,0,0,4,1,1,en_curso
515,171,2.0,mejorada,1,4,4750563523138493357,0,0,2,12,2,1,1,2,1,en_curso
515,171,3.0,mejorada,1,4,4750563523138493357,0,0,6,14,4,3,0,3,1,en_curso
515,171,4.0,mejorada,1,4,4750563523138493357,0,0,7,15,5,3,0,4,1,en_curso
515,171,5.0,mejorada,1,4,4750563523138493357,0,0,7,11,5,4,0,5,1,en_curso
515,171,6.0,mejorada,1,4,4750563523138493357,0,0,7,8,5,4,0,6,1,en_curso
515,171,7.0,mejorada,1,4,4750563523138493357,0,1,12,11,9,5,3,7,1,en_curso
515,171,8.0,mejorada,1,4,4750563523138493357,2,2,17,12,11,5,2,8,1,en_curso
515,171,9.0,mejorada,1,4,4750563523138493357,3,2,18,12,12,5,1,9,1,en_curso
515,171,10.0,mejorada,1,4,4750563523138493357,3,2,21,8,14,5,0,10,1,en_curso
515,171,11.0,mejorada,1,4,4750563523138493357,3,2,21,5,14,6,4,11,1,en_curso
515,171,12.0,mejorada,1,4,4750563523138493357,3,2,21,8,14,7,3,12,1,en_curso
515,171,13.0,mejorada,1,4,4750563523138493357,4,2,23,9,16,7,3,13,1,en_curso
515,171,14.0,mejorada,1,4,4750563523138493357,4,2,25,15,17,7,0,14,1,perdido
516,172,1.0,mejorada,1,2,2360861258752227985,0,0,0,10,0,0,2,1,1,en_curso
516,172,2.0,mejorada,1,2,2360861258752227985,0,0,0,4,0,1,0,2,1,en_curso
516,172,3.0,mejorada,1,2,2360861258752227985,0,0,0,2,0,2,2,3,1,en_curso
516,172,4.0,mejorada,1,2,2360861258752227985,0,0,0,1,0,7,2,4,1,en_curso
516,172,5.0,mejorada,1,2,2360861258752227985,1,0,0,0,0,7,2,5,1,en_curso
516,172,6.0,mejorada,1,2,2360861258752227985,1,0,0,2,0,7,2,6,1,en_curso
516,172,7.0,mejorada,1,2,2360861258752227985,2,0,0,0,0,7,2,7,1,en_curso
516,172,8.0,mejorada,1,2,2360861258752227985,2,0,0,2,0,7,2,8,1,en_curso
516,172,9.0,mejorada,1,2,2360861258752227985,3,0,0,0,0,7,2,9,1,en_curso
516,172,10.0,mejorada,1,2,2360861258752227985,4,0,0,1,0,8,2,10,1,en_curso
516,172,11.0,mejorada,1,2,2360861258752227985,4,0,0,0,0,8,2,11,1,en_curso
516,172,12.0,mejorada,1,2,2360861258752227985,5,0,0,1,0,8,2,12,1,en_curso
516,172,13.0,mejorada,1,2,2360861258752227985,5,0,0,15,0,8,1,13,1,en_curso
516,172,14.0,mejorada,1,2,2360861258752227985,5,0,0,10,0,8,1,14,1,en_curso
516,172,15.0,mejorada,1,2,2360861258752227985,6,0,2,12,2,8,1,15,1,en_curso
516,172,16.0,mejorada,1,2,2360861258752227985,6,2,5,12,4,8,0,16,1,en_curso
516,172,17.0,mejorada,1,2,2360861258752227985,6,2,8,9,7,8,0,17,1,en_curso
516,172,18.0,mejorada,1,2,2360861258752227985,7,2,14,6,9,8,1,18,1,ganado
517,172,1.0,mejorada,1,3,2360861258752227985,0,0,0,10,0,0,3,1,1,en_curso
517,172,2.0,mejorada,1,3,2360861258752227985,0,0,0,5,0,0,1,2,1,en_curso
517,172,3.0,mejorada,1,3,2360861258752227985,0,0,3,7,3,2,3,3,1,en_curso
517,172,4.0,mejorada,1,3,2360861258752227985,0,0,6,6,6,5,3,4,1,en_curso
517,172,5.0,mejorada,1,3,2360861258752227985,0,0,6,7,6,6,3,5,1,en_curso
517,172,6.0,mejorada,1,3,2360861258752227985,1,0,6,6,6,6,3,6,1,en_curso
517,172,7.0,mejorada,1,3,2360861258752227985,2,0,6,6,6,7,3,7,1,en_curso
517,172,8.0,mejorada,1,3,2360861258752227985,3,0,9,7,9,7,3,8,1,en_curso
517,172,9.0,mejorada,1,3,2360861258752227985,3,1,13,11,10,7,3,9,1,en_curso
517,172,10.0,mejorada,1,3,2360861258752227985,3,1,18,12,13,8,1,10,1,en_curso
517,172,11.0,mejorada,1,3,2360861258752227985,3,1,18,12,13,8,1,11,1,en_curso
517,172,12.0,mejorada,1,3,2360861258752227985,4,2,20,13,15,8,1,12,1,en_curso
517,172,13.0,mejorada,1,3,2360861258752227985,4,3,24,17,17,8,0,13,1,perdido
518,172,1.0,mejorada,1,4,2360861258752227985,0,0,0,10,0,0,4,1,1,en_curso
518,172,2.0,mejorada,1,4,2360861258752227985,0,0,0,7,0,1,2,2,1,en_curso
518,172,3.0,mejorada,1,4,2360861258752227985,0,0,3,9,3,2,4,3,1,en_curso
518,172,4.0,mejorada,1,4,2360861258752227985,0,0,3,8,3,5,3,4,1,en_curso
518,172,5.0,mejorada,1,4,2360861258752227985,0,1,6,9,6,7,3,5,1,en_curso
518,172,6.0,mejorada,1,4,2360861258752227985,0,1,6,10,6,8,4,6,1,en_curso
518,172,7.0,mejorada,1,4,2360861258752227985,0,1,11,14,8,8,2,7,1,en_curso
518,172,8.0,mejorada,1,4,2360861258752227985,1,1,17,15,14,8,2,8,1,en_curso
518,172,9.0,mejorada,1,4,2360861258752227985,1,1,23,14,14,8,1,9,1,en_curso
518,172,10.0,mejorada,1,4,2360861258752227985,2,1,23,14,14,8,1,10,1,en_curso
518,172,11.0,mejorada,1,4,2360861258752227985,2,1,23,13,14,8,0,11,1,en_curso
518,172,12.0,mejorada,1,4,2360861258752227985,2,2,25,13,16,8,0,12,1,perdido
519,173,1.0,mejorada,1,2,8633478089267323312,0,0,0,10,0,0,2,1,1,en_curso
519,173,2.0,mejorada,1,2,8633478089267323312,0,0,0,6,0,0,2,2,1,en_curso
519,173,3.0,mejorada,1,2,8633478089267323312,0,1,0,4,0,4,2,3,1,en_curso
519,173,4.0,mejorada,1,2,8633478089267323312,0,2,2,7,2,5,2,4,1,en_curso
519,173,5.0,mejorada,1,2,8633478089267323312,0,2,2,5,2,6,2,5,1,en_curso
519,173,6.0,mejorada,1,2,8633478089267323312,1,2,2,3,2,6,2,6,1,en_curso
519,173,7.0,mejorada,1,2,8633478089267323312,1,3,6,8,6,6,2,7,1,en_curso
519,173,8.0,mejorada,1,2,8633478089267323312,2,3,6,6,6,6,2,8,1,en_curso
519,173,9.0,mejorada,1,2,8633478089267323312,3,3,9,9,6,6,2,9,1,en_curso
519,173,10.0,mejorada,1,2,8633478089267323312,4,3,11,6,8,6,2,10,1,en_curso
519,173,11.0,mejorada,1,2,8633478089267323312,5,4,11,13,8,6,2,11,1,perdido
520,173,1.0,mejorada,1,3,8633478089267323312,0,0,0,10,0,0,3,1,1,en_curso
520,173,2.0,mejorada,1,3,8633478089267323312,0,0,0,6,0,0,2,2,1,en_curso
520,173,3.0,mejorada,1,3,8633478089267323312,0,1,0,4,0,4,3,3,1,en_curso
520,173,4.0,mejorada,1,3,8633478089267323312,0,2,2,7,2,5,2,4,1,en_curso
520,173,5.0,mejorada,1,3,8633478089267323312,0,2,2,5,2,6,3,5,1,en_curso
520,173,6.0,mejorada,1,3,8633478089267323312,2,2,8,9,7,6,2,6,1,en_curso
520,173,7.0,mejorada,1,3,8633478089267323312,3,4,12,12,11,6,1,7,1,perdido
521,173,1.0,mejorada,1,4,8633478089267323312,0,0,0,10,0,0,4,1,1,en_curso
521,173,2.0,mejorada,1,4,8633478089267323312,0,0,0,7,0,1,3,2,1,en_curso
521,173,3.0,mejorada,1,4,8633478089267323312,0,1,0,10,0,6,2,3,1,en_curso
521,173,4.0,mejorada,1,4,8633478089267323312,0,2,5,15,5,6,1,4,1,en_curso
521,173,5.0,mejorada,1,4,8633478089267323312,0,4,11,20,7,6,0,5,1,perdido
522,174,1.0,mejorada,1,2,1518239141733678646,0,0,0,10,0,0,2,1,1,en_curso
522,174,2.0,mejorada,1,2,1518239141733678646,0,0,0,5,0,0,2,2,1,en_curso
522,174,3.0,mejorada,1,2,1518239141733678646,0,1,0,3,0,6,2,3,1,en_curso
522,174,4.0,mejorada,1,2,1518239141733678646,0,1,0,1,0,6,2,4,1,en_curso
522,174,5.0,mejorada,1,2,1518239141733678646,0,1,0,0,0,6,2,5,1,en_curso
522,174,6.0,mejorada,1,2,1518239141733678646,0,1,0,0,0,6,2,6,1,en_curso
522,174,7.0,mejorada,1,2,1518239141733678646,0,1,0,0,0,6,2,7,1,en_curso
522,174,8.0,mejorada,1,2,1518239141733678646,1,3,0,9,0,6,2,8,1,en_curso
522,174,9.0,mejorada,1,2,1518239141733678646,2,3,3,4,3,7,1,9,1,en_curso
522,174,10.0,mejorada,1,2,1518239141733678646,2,3,3,4,3,7,2,10,1,en_curso
522,174,11.0,mejorada,1,2,1518239141733678646,3,3,5,4,5,8,2,11,1,en_curso
522,174,12.0,mejorada,1,2,1518239141733678646,3,4,5,4,5,8,2,12,1,perdido
523,174,1.0,mejorada,1,3,1518239141733678646,0,0,0,10,0,0,3,1,1,en_curso
523,174,2.0,mejorada,1,3,1518239141733678646,0,0,0,6,0,0,3,2,1,en_curso
523,174,3.0,mejorada,1,3,1518239141733678646,0,1,2,6,2,5,3,3,1,en_curso
523,174,4.0,mejorada,1,3,1518239141733678646,0,1,4,8,4,6,3,4,1,en_curso
523,174,5.0,mejorada,1,3,1518239141733678646,1,1,6,7,5,6,3,5,1,en_curso
523,174,6.0,mejorada,1,3,1518239141733678646,2,2,6,10,5,6,2,6,1,en_curso
523,174,7.0,mejorada,1,3,1518239141733678646,2,2,10,11,8,7,1,7,1,en_curso
523,174,8.0,mejorada,1,3,1518239141733678646,2,2,10,8,8,7,2,8,1,en_curso
523,174,9.0,mejorada,1,3,1518239141733678646,3,2,11,9,8,7,3,9,1,en_curso
523,174,10.0,mejorada,1,3,1518239141733678646,5,2,24,12,17,7,2,10,1,perdido
524,174,1.0,mejorada,1,4,1518239141733678646,0,0,0,10,0,0,4,1,1,en_curso
524,174,2.0,mejorada,1,4,1518239141733678646,0,0,0,6,0,0,3,2,1,en_curso
524,174,3.0,mejorada,1,4,1518239141733678646,0,1,2,6,2,4,4,3,1,en_curso
524,174,4.0,mejorada,1,4,1518239141733678646,0,1,3,12,3,5,2,4,1,en_curso
524,174,5.0,mejorada,1,4,1518239141733678646,0,1,4,12,4,6,0,5,1,en_curso
524,174,6.0,mejorada,1,4,1518239141733678646,0,1,8,13,7,6,0,6,1,en_curso
524,174,7.0,mejorada,1,4,1518239141733678646,0,1,13,9,9,7,0,7,1,en_curso
524,174,8.0,mejorada,1,4,1518239141733678646,0,1,16,9,10,7,2,8,1,en_curso
524,174,9.0,mejorada,1,4,1518239141733678646,0,1,16,10,10,7,1,9,1,en_curso
524,174,10.0,mejorada,1,4,1518239141733678646,1,4,20,16,13,7,1,10,1,perdido
525,175,1.0,mejorada,1,2,414227351061035947,0,0,0,10,0,0,2,1,1,en_curso
525,175,2.0,mejorada,1,2,414227351061035947,0,0,10,10,8,3,1,2,1,en_curso
525,175,3.0,mejorada,1,2,414227351061035947,0,0,10,7,8,5,2,3,1,en_curso
525,175,4.0,mejorada,1,2,414227351061035947,0,1,14,10,11,7,2,4,1,en_curso
525,175,5.0,mejorada,1,2,414227351061035947,0,1,14,9,11,7,0,5,1,en_curso
525,175,6.0,mejorada,1,2,414227351061035947,0,1,16,6,11,7,2,6,1,en_curso
525,175,7.0,mejorada,1,2,414227351061035947,0,2,18,6,13,7,2,7,1,en_curso
525,175,8.0,mejorada,1,2,414227351061035947,0,2,27,6,17,8,2,8,1,perdido
526,175,1.0,mejorada,1,3,414227351061035947,0,0,0,10,0,0,3,1,1,en_curso
526,175,2.0,mejorada,1,3,414227351061035947,0,0,10,10,8,3,1,2,1,en_curso
526,175,3.0,mejorada,1,3,414227351061035947,0,0,10,7,8,5,2,3,1,en_curso
526,175,4.0,mejorada,1,3,414227351061035947,0,2,10,7,8,7,2,4,1,en_curso
526,175,5.0,mejorada,1,3,414227351061035947,0,2,10,9,8,7,2,5,1,en_curso
526,175,6.0,mejorada,1,3,414227351061035947,1,2,10,7,8,7,2,6,1,en_curso
526,175,7.0,mejorada,1,3,414227351061035947,2,2,11,5,8,7,3,7,1,en_curso
526,175,8.0,mejorada,1,3,414227351061035947,3,3,12,9,8,7,1,8,1,en_curso
526,175,9.0,mejorada,1,3,414227351061035947,5,3,12,6,8,7,3,9,1,en_curso
526,175,10.0,mejorada,1,3,414227351061035947,5,4,12,7,8,7,2,10,1,perdido
527,175,1.0,mejorada,1,4,414227351061035947,0,0,0,10,0,0,4,1,1,en_curso
527,175,2.0,mejorada,1,4,414227351061035947,0,0,10,10,8,3,1,2,1,en_curso
527,175,3.0,mejorada,1,4,414227351061035947,0,0,10,7,8,5,2,3,1,en_curso
527,175,4.0,mejorada,1,4,414227351061035947,0,1,11,9,8,6,2,4,1,en_curso
527,175,5.0,mejorada,1,4,414227351061035947,0,1,11,6,8,6,1,5,1,en_curso
527,175,6.0,mejorada,1,4,414227351061035947,1,1,11,4,8,7,4,6,1,en_curso
527,175,7.0,mejorada,1,4,414227351061035947,3,2,11,9,8,7,4,7,1,en_curso
527,175,8.0,mejorada,1,4,414227351061035947,3,4,11,9,8,8,1,8,1,perdido
528,176,1.0,mejorada,1,2,4013062056549745396,0,0,0,10,0,0,2,1,1,en_curso
528,176,2.0,mejorada,1,2,4013062056549745396,0,0,3,10,3,0,1,2,1,en_curso
528,176,3.0,mejorada,1,2,4013062056549745396,0,0,3,5,3,3,1,3,1,en_curso
528,176,4.0,mejorada,1,2,4013062056549745396,0,1,3,5,3,3,2,4,1,en_curso
528,176,5.0,mejorada,1,2,4013062056549745396,0,1,3,3,3,4,2,5,1,en_curso
528,176,6.0,mejorada,1,2,4013062056549745396,0,1,5,1,5,4,2,6,1,en_curso
528,176,7.0,mejorada,1,2,4013062056549745396,1,1,5,0,5,4,2,7,1,en_curso
528,176,8.0,mejorada,1,2,4013062056549745396,2,1,5,5,5,6,2,8,1,en_curso
528,176,9.0,mejorada,1,2,4013062056549745396,2,1,5,2,5,7,2,9,1,en_curso
528,176,10.0,mejorada,1,2,4013062056549745396,4,1,5,1,5,7,2,10,1,en_curso
528,176,11.0,mejorada,1,2,4013062056549745396,5,1,5,1,5,8,2,11,1,en_curso
528,176,12.0,mejorada,1,2,4013062056549745396,6,1,5,8,5,8,2,12,1,en_curso
528,176,13.0,mejorada,1,2,4013062056549745396,6,1,8,13,6,8,0,13,1,en_curso
528,176,14.0,mejorada,1,2,4013062056549745396,6,1,8,8,6,8,0,14,1,en_curso
528,176,15.0,mejorada,1,2,4013062056549745396,6,1,9,12,6,8,1,15,1,en_curso
528,176,16.0,mejorada,1,2,4013062056549745396,6,3,13,17,10,8,0,16,1,en_curso
528,176,17.0,mejorada,1,2,4013062056549745396,6,3,13,12,10,8,0,17,1,en_curso
528,176,18.0,mejorada,1,2,4013062056549745396,6,3,13,9,10,8,2,18,1,en_curso
528,176,19.0,mejorada,1,2,4013062056549745396,7,3,19,10,14,8,1,19,1,ganado
529,176,1.0,mejorada,1,3,4013062056549745396,0,0,0,10,0,0,3,1,1,en_curso
529,176,2.0,mejorada,1,3,4013062056549745396,0,0,3,10,3,0,1,2,1,en_curso
529,176,3.0,mejorada,1,3,4013062056549745396,0,0,3,7,3,1,1,3,1,en_curso
529,176,4.0,mejorada,1,3,4013062056549745396,0,0,3,6,3,2,3,4,1,en_curso
529,176,5.0,mejorada,1,3,4013062056549745396,0,0,3,4,3,5,3,5,1,en_curso
529,176,6.0,mejorada,1,3,4013062056549745396,0,0,3,2,3,7,3,6,1,en_curso
529,176,7.0,mejorada,1,3,4013062056549745396,0,0,3,3,3,7,3,7,1,en_curso
529,176,8.0,mejorada,1,3,4013062056549745396,0,0,5,4,5,7,3,8,1,en_curso
529,176,9.0,mejorada,1,3,4013062056549745396,0,0,5,2,5,7,3,9,1,en_curso
529,176,10.0,mejorada,1,3,4013062056549745396,3,1,11,16,9,8,3,10,1,en_curso
529,176,11.0,mejorada,1,3,4013062056549745396,5,2,20,16,16,8,1,11,1,en_curso
529,176,12.0,mejorada,1,3,4013062056549745396,5,2,23,14,19,8,0,12,1,en_curso
529,176,13.0,mejorada,1,3,4013062056549745396,5,2,26,9,19,8,0,13,1,perdido
530,176,1.0,mejorada,1,4,4013062056549745396,0,0,0,10,0,0,4,1,1,en_curso
530,176,2.0,mejorada,1,4,4013062056549745396,0,0,3,10,3,0,1,2,1,en_curso
530,176,3.0,mejorada,1,4,4013062056549745396,0,0,3,7,3,1,1,3,1,en_curso
530,176,4.0,mejorada,1,4,4013062056549745396,0,0,3,8,3,2,4,4,1,en_curso
530,176,5.0,mejorada,1,4,4013062056549745396,0,0,3,8,3,5,4,5,1,en_curso
530,176,6.0,mejorada,1,4,4013062056549745396,0,1,6,14,6,6,4,6,1,en_curso
530,176,7.0,mejorada,1,4,4013062056549745396,0,1,6,10,6,7,0,7,1,en_curso
530,176,8.0,mejorada,1,4,4013062056549745396,0,1,8,10,8,7,0,8,1,en_curso
530,176,9.0,mejorada,1,4,4013062056549745396,0,1,8,8,8,7,3,9,1,en_curso
530,176,10.0,mejorada,1,4,4013062056549745396,0,1,8,12,8,7,4,10,1,en_curso
530,176,11.0,mejorada,1,4,4013062056549745396,0,1,10,13,8,7,1,11,1,en_curso
530,176,12.0,mejorada,1,4,4013062056549745396,0,1,13,10,11,7,1,12,1,en_curso
530,176,13.0,mejorada,1,4,4013062056549745396,1,1,13,7,11,7,2,13,1,en_curso
530,176,14.0,mejorada,1,4,4013062056549745396,1,1,13,10,11,7,4,14,1,en_curso
530,176,15.0,mejorada,1,4,4013062056549745396,2,1,15,14,12,7,2,15,1,en_curso
530,176,16.0,mejorada,1,4,4013062056549745396,2,2,24,15,17,7,1,16,1,perdido
531,177,1.0,mejorada,1,2,9153049027570592946,0,0,0,10,0,0,2,1,1,en_curso
531,177,2.0,mejorada,1,2,9153049027570592946,0,0,4,9,4,1,1,2,1,en_curso
531,177,3.0,mejorada,1,2,9153049027570592946,0,0,8,10,6,3,0,3,1,en_curso
531,177,4.0,mejorada,1,2,9153049027570592946,0,0,8,7,6,3,1,4,1,en_curso
531,177,5.0,mejorada,1,2,9153049027570592946,1,0,10,10,7,4,1,5,1,en_curso
531,177,6.0,mejorada,1,2,9153049027570592946,1,0,13,8,8,5,2,6,1,en_curso
531,177,7.0,mejorada,1,2,9153049027570592946,1,0,13,3,8,5,2,7,1,en_curso
531,177,8.0,mejorada,1,2,9153049027570592946,1,1,13,7,8,6,2,8,1,en_curso
531,177,9.0,mejorada,1,2,9153049027570592946,1,1,16,7,11,6,2,9,1,en_curso
531,177,10.0,mejorada,1,2,9153049027570592946,1,3,25,17,17,7,2,10,1,perdido
532,177,1.0,mejorada,1,3,9153049027570592946,0,0,0,10,0,0,3,1,1,en_curso
532,177,2.0,mejorada,1,3,9153049027570592946,0,0,4,10,4,1,2,2,1,en_curso
532,177,3.0,mejorada,1,3,9153049027570592946,0,0,9,11,7,3,0,3,1,en_curso
532,177,4.0,mejorada,1,3,9153049027570592946,0,0,9,7,7,4,0,4,1,en_curso
532,177,5.0,mejorada,1,3,9153049027570592946,0,0,11,6,8,4,3,5,1,en_curso
532,177,6.0,mejorada,1,3,9153049027570592946,1,0,11,4,8,5,3,6,1,en_curso
532,177,7.0,mejorada,1,3,9153049027570592946,1,0,13,6,9,5,3,7,1,en_curso
532,177,8.0,mejorada,1,3,9153049027570592946,2,0,13,4,9,5,3,8,1,en_curso
532,177,9.0,mejorada,1,3,9153049027570592946,3,1,13,8,9,6,2,9,1,en_curso
532,177,10.0,mejorada,1,3,9153049027570592946,4,4,17,15,13,6,2,10,1,perdido
533,177,1.0,mejorada,1,4,9153049027570592946,0,0,0,10,0,0,4,1,1,en_curso
533,177,2.0,mejorada,1,4,9153049027570592946,0,0,4,10,4,1,2,2,1,en_curso
533,177,3.0,mejorada,1,4,9153049027570592946,0,0,9,11,7,3,0,3,1,en_curso
533,177,4.0,mejorada,1,4,9153049027570592946,0,0,9,7,7,4,0,4,1,en_curso
533,177,5.0,mejorada,1,4,9153049027570592946,0,0,11,7,8,4,3,5,1,en_curso
533,177,6.0,mejorada,1,4,9153049027570592946,1,0,11,5,8,5,4,6,1,en_curso
533,177,7.0,mejorada,1,4,9153049027570592946,1,1,13,8,9,5,4,7,1,en_curso
533,177,8.0,mejorada,1,4,9153049027570592946,1,2,13,7,9,5,2,8,1,en_curso
533,177,9.0,mejorada,1,4,9153049027570592946,2,2,13,8,9,5,4,9,1,en_curso
533,177,10.0,mejorada,1,4,9153049027570592946,2,2,13,10,9,7,2,10,1,en_curso
533,177,11.0,mejorada,1,4,9153049027570592946,2,2,15,8,11,7,0,11,1,en_curso
533,177,12.0,mejorada,1,4,9153049027570592946,2,2,15,6,11,7,3,12,1,en_curso
533,177,13.0,mejorada,1,4,9153049027570592946,2,4,21,14,16,7,2,13,1,perdido
534,178,1.0,mejorada,1,2,8224271163474684205,0,0,0,10,0,0,2,1,1,en_curso
534,178,2.0,mejorada,1,2,8224271163474684205,0,0,0,4,0,1,1,2,1,en_curso
534,178,3.0,mejorada,1,2,8224271163474684205,0,0,0,2,0,5,2,3,1,en_curso
534,178,4.0,mejorada,1,2,8224271163474684205,0,0,0,2,0,6,2,4,1,en_curso
534,178,5.0,mejorada,1,2,8224271163474684205,0,0,0,1,0,6,2,5,1,en_curso
534,178,6.0,mejorada,1,2,8224271163474684205,0,0,0,1,0,7,2,6,1,en_curso
534,178,7.0,mejorada,1,2,8224271163474684205,0,0,4,7,3,7,2,7,1,en_curso
534,178,8.0,mejorada,1,2,8224271163474684205,1,0,7,9,5,7,2,8,1,en_curso
534,178,9.0,mejorada,1,2,8224271163474684205,2,1,11,13,7,7,1,9,1,en_curso
534,178,10.0,mejorada,1,2,8224271163474684205,2,1,15,12,9,7,0,10,1,en_curso
534,178,11.0,mejorada,1,2,8224271163474684205,2,1,19,11,13,7,0,11,1,en_curso
534,178,12.0,mejorada,1,2,8224271163474684205,2,2,22,11,13,7,0,12,1,en_curso
534,178,13.0,mejorada,1,2,8224271163474684205,2,2,22,9,13,7,0,13,1,en_curso
534,178,14.0,mejorada,1,2,8224271163474684205,2,2,22,7,13,7,0,14,1,en_curso
534,178,15.0,mejorada,1,2,8224271163474684205,2,2,22,10,13,7,1,15,1,en_curso
534,178,16.0,mejorada,1,2,8224271163474684205,2,3,26,13,17,8,0,16,1,perdido
535,178,1.0,mejorada,1,3,8224271163474684205,0,0,0,10,0,0,3,1,1,en_curso
535,178,2.0,mejorada,1,3,8224271163474684205,0,0,0,4,0,1,1,2,1,en_curso
535,178,3.0,mejorada,1,3,8224271163474684205,0,0,0,2,0,5,3,3,1,en_curso
535,178,4.0,mejorada,1,3,8224271163474684205,0,0,0,2,0,6,3,4,1,en_curso
535,178,5.0,mejorada,1,3,8224271163474684205,0,0,0,1,0,7,3,5,1,en_curso
535,178,6.0,mejorada,1,3,8224271163474684205,0,0,0,1,0,7,3,6,1,en_curso
535,178,7.0,mejorada,1,3,8224271163474684205,0,0,0,0,0,7,3,7,1,en_curso
535,178,8.0,mejorada,1,3,8224271163474684205,3,0,0,2,0,7,3,8,1,en_curso
535,178,9.0,mejorada,1,3,8224271163474684205,4,1,3,10,3,7,3,9,1,en_curso
535,178,10.0,mejorada,1,3,8224271163474684205,6,1,9,11,7,7,1,10,1,en_curso
535,178,11.0,mejorada,1,3,8224271163474684205,6,1,13,10,9,7,1,11,1,en_curso
535,178,12.0,mejorada,1,3,8224271163474684205,7,1,13,12,9,7,3,12,1,ganado
536,178,1.0,mejorada,1,4,8224271163474684205,0,0,0,10,0,0,4,1,1,en_curso
536,178,2.0,mejorada,1,4,8224271163474684205,0,0,0,5,0,1,2,2,1,en_curso
536,178,3.0,mejorada,1,4,8224271163474684205,0,0,0,4,0,7,4,3,1,en_curso
536,178,4.0,mejorada,1,4,8224271163474684205,0,1,2,9,2,7,4,4,1,en_curso
536,178,5.0,mejorada,1,4,8224271163474684205,0,1,5,7,3,7,2,5,1,en_curso
536,178,6.0,mejorada,1,4,8224271163474684205,1,1,9,8,5,7,4,6,1,en_curso
536,178,7.0,mejorada,1,4,8224271163474684205,1,1,9,8,5,7,4,7,1,en_curso
536,178,8.0,mejorada,1,4,8224271163474684205,2,4,12,13,7,7,3,8,1,perdido
537,179,1.0,mejorada,1,2,6904690273224461891,0,0,0,10,0,0,2,1,1,en_curso
537,179,2.0,mejorada,1,2,6904690273224461891,1,0,0,5,0,0,2,2,1,en_curso
537,179,3.0,mejorada,1,2,6904690273224461891,1,1,8,5,5,6,2,3,1,en_curso
537,179,4.0,mejorada,1,2,6904690273224461891,1,1,10,9,6,7,2,4,1,en_curso
537,179,5.0,mejorada,1,2,6904690273224461891,1,1,12,9,8,7,2,5,1,en_curso
537,179,6.0,mejorada,1,2,6904690273224461891,1,1,12,6,8,7,2,6,1,en_curso
537,179,7.0,mejorada,1,2,6904690273224461891,1,1,12,7,8,7,2,7,1,en_curso
537,179,8.0,mejorada,1,2,6904690273224461891,2,1,12,4,8,7,2,8,1,en_curso
537,179,9.0,mejorada,1,2,6904690273224461891,3,2,18,8,12,7,1,9,1,en_curso
537,179,10.0,mejorada,1,2,6904690273224461891,4,2,18,8,12,7,2,10,1,en_curso
537,179,11.0,mejorada,1,2,6904690273224461891,4,2,20,5,12,7,2,11,1,en_curso
537,179,12.0,mejorada,1,2,6904690273224461891,7,2,20,8,12,7,2,12,1,ganado
538,179,1.0,mejorada,1,3,6904690273224461891,0,0,0,10,0,0,3,1,1,en_curso
538,179,2.0,mejorada,1,3,6904690273224461891,1,0,0,6,0,0,3,2,1,en_curso
538,179,3.0,mejorada,1,3,6904690273224461891,1,1,8,5,5,5,3,3,1,en_curso
538,179,4.0,mejorada,1,3,6904690273224461891,2,4,9,11,6,5,3,4,1,perdido
539,179,1.0,mejorada,1,4,6904690273224461891,0,0,0,10,0,0,4,1,1,en_curso
539,179,2.0,mejorada,1,4,6904690273224461891,1,0,0,6,0,0,3,2,1,en_curso
539,179,3.0,mejorada,1,4,6904690273224461891,1,2,9,10,5,6,4,3,1,en_curso
539,179,4.0,mejorada,1,4,6904690273224461891,2,2,11,16,7,6,1,4,1,en_curso
539,179,5.0,mejorada,1,4,6904690273224461891,2,2,14,11,9,6,0,5,1,en_curso
539,179,6.0,mejorada,1,4,6904690273224461891,2,2,14,7,9,7,1,6,1,en_curso
539,179,7.0,mejorada,1,4,6904690273224461891,2,2,14,10,9,7,4,7,1,en_curso
539,179,8.0,mejorada,1,4,6904690273224461891,2,6,16,12,11,7,4,8,1,perdido
540,180,1.0,mejorada,1,2,8216110551009199403,0,0,0,10,0,0,2,1,1,en_curso
540,180,2.0,mejorada,1,2,8216110551009199403,0,0,3,4,3,1,1,2,1,en_curso
540,180,3.0,mejorada,1,2,8216110551009199403,0,0,3,2,3,4,2,3,1,en_curso
540,180,4.0,mejorada,1,2,8216110551009199403,0,1,3,2,3,5,2,4,1,en_curso
540,180,5.0,mejorada,1,2,8216110551009199403,1,2,5,1,5,6,2,5,1,en_curso
540,180,6.0,mejorada,1,2,8216110551009199403,2,2,5,0,5,6,2,6,1,en_curso
540,180,7.0,mejorada,1,2,8216110551009199403,2,2,5,0,5,7,2,7,1,en_curso
540,180,8.0,mejorada,1,2,8216110551009199403,2,2,5,6,5,7,2,8,1,en_curso
540,180,9.0,mejorada,1,2,8216110551009199403,2,2,5,7,5,7,2,9,1,en_curso
540,180,10.0,mejorada,1,2,8216110551009199403,2,3,7,5,7,7,2,10,1,en_curso
540,180,11.0,mejorada,1,2,8216110551009199403,2,3,10,3,10,7,2,11,1,en_curso
540,180,12.0,mejorada,1,2,8216110551009199403,3,3,10,3,10,7,2,12,1,en_curso
540,180,13.0,mejorada,1,2,8216110551009199403,4,3,14,12,11,7,1,13,1,en_curso
540,180,14.0,mejorada,1,2,8216110551009199403,4,4,16,9,13,7,0,14,1,perdido
541,180,1.0,mejorada,1,3,8216110551009199403,0,0,0,10,0,0,3,1,1,en_curso
541,180,2.0,mejorada,1,3,8216110551009199403,0,0,3,7,3,1,2,2,1,en_curso
541,180,3.0,mejorada,1,3,8216110551009199403,0,0,3,5,3,2,3,3,1,en_curso
541,180,4.0,mejorada,1,3,8216110551009199403,0,0,3,6,3,5,3,4,1,en_curso
541,180,5.0,mejorada,1,3,8216110551009199403,0,0,9,7,7,5,2,5,1,en_curso
541,180,6.0,mejorada,1,3,8216110551009199403,0,0,9,5,7,6,3,6,1,en_curso
541,180,7.0,mejorada,1,3,8216110551009199403,0,0,9,7,7,7,3,7,1,en_curso
541,180,8.0,mejorada,1,3,8216110551009199403,0,1,9,8,7,7,3,8,1,en_curso
541,180,9.0,mejorada,1,3,8216110551009199403,0,3,9,8,7,7,2,9,1,en_curso
541,180,10.0,mejorada,1,3,8216110551009199403,1,4,9,10,7,7,3,10,1,perdido
542,180,1.0,mejorada,1,4,8216110551009199403,0,0,0,10,0,0,4,1,1,en_curso
542,180,2.0,mejorada,1,4,8216110551009199403,0,0,3,8,3,2,3,2,1,en_curso
542,180,3.0,mejorada,1,4,8216110551009199403,0,0,3,7,3,4,4,3,1,en_curso
542,180,4.0,mejorada,1,4,8216110551009199403,1,2,11,14,10,6,2,4,1,en_curso
542,180,5.0,mejorada,1,4,8216110551009199403,1,2,11,10,10,7,0,5,1,en_curso
542,180,6.0,mejorada,1,4,8216110551009199403,1,3,18,9,14,7,0,6,1,en_curso
542,180,7.0,mejorada,1,4,8216110551009199403,1,3,20,10,14,7,0,7,1,en_curso
542,180,8.0,mejorada,1,4,8216110551009199403,1,3,23,7,16,7,2,8,1,en_curso
542,180,9.0,mejorada,1,4,8216110551009199403,5,4,23,11,16,7,4,9,1,perdido
543,181,1.0,mejorada,1,2,8240590753011135886,0,0,0,10,0,0,2,1,1,en_curso
543,181,2.0,mejorada,1,2,8240590753011135886,0,0,0,6,0,0,2,2,1,en_curso
543,181,3.0,mejorada,1,2,8240590753011135886,0,0,0,5,0,6,2,3,1,en_curso
543,181,4.0,mejorada,1,2,8240590753011135886,0,0,0,2,0,8,2,4,1,en_curso
543,181,5.0,mejorada,1,2,8240590753011135886,0,0,0,2,0,8,2,5,1,en_curso
543,181,6.0,mejorada,1,2,8240590753011135886,0,0,0,0,0,8,2,6,1,en_curso
543,181,7.0,mejorada,1,2,8240590753011135886,0,0,0,2,0,8,2,7,1,en_curso
543,181,8.0,mejorada,1,2,8240590753011135886,1,1,0,4,0,8,2,8,1,en_curso
543,181,9.0,mejorada,1,2,8240590753011135886,2,1,0,5,0,8,2,9,1,en_curso
543,181,10.0,mejorada,1,2,8240590753011135886,4,1,0,3,0,8,2,10,1,en_curso
543,181,11.0,mejorada,1,2,8240590753011135886,4,1,0,5,0,8,2,11,1,en_curso
543,181,12.0,mejorada,1,2,8240590753011135886,4,1,2,6,2,8,2,12,1,en_curso
543,181,13.0,mejorada,1,2,8240590753011135886,5,2,2,6,2,8,2,13,1,en_curso
543,181,14.0,mejorada,1,2,8240590753011135886,7,2,2,2,2,8,2,14,1,ganado
544,181,1.0,mejorada,1,3,8240590753011135886,0,0,0,10,0,0,3,1,1,en_curso
544,181,2.0,mejorada,1,3,8240590753011135886,0,0,0,7,0,0,3,2,1,en_curso
544,181,3.0,mejorada,1,3,8240590753011135886,0,0,0,7,0,6,3,3,1,en_curso
544,181,4.0,mejorada,1,3,8240590753011135886,0,0,0,5,0,7,3,4,1,en_curso
544,181,5.0,mejorada,1,3,8240590753011135886,0,1,2,7,2,7,3,5,1,en_curso
544,181,6.0,mejorada,1,3,8240590753011135886,0,2,4,7,3,7,3,6,1,en_curso
544,181,7.0,mejorada,1,3,8240590753011135886,0,3,7,10,6,7,3,7,1,en_curso
544,181,8.0,mejorada,1,3,8240590753011135886,1,4,10,18,9,8,2,8,1,perdido
545,181,1.0,mejorada,1,4,8240590753011135886,0,0,0,10,0,0,4,1,1,en_curso
545,181,2.0,mejorada,1,4,8240590753011135886,0,0,0,7,0,0,3,2,1,en_curso
545,181,3.0,mejorada,1,4,8240590753011135886,0,0,0,7,0,5,4,3,1,en_curso
545,181,4.0,mejorada,1,4,8240590753011135886,0,0,1,12,1,6,4,4,1,en_curso
545,181,5.0,mejorada,1,4,8240590753011135886,2,0,4,14,3,7,3,5,1,en_curso
545,181,6.0,mejorada,1,4,8240590753011135886,3,1,4,16,3,7,2,6,1,en_curso
545,181,7.0,mejorada,1,4,8240590753011135886,3,4,9,15,5,8,0,7,1,perdido
546,182,1.0,mejorada,1,2,4785623692276692567,0,0,0,10,0,0,2,1,1,en_curso
546,182,2.0,mejorada,1,2,4785623692276692567,0,0,0,5,0,0,1,2,1,en_curso
546,182,3.0,mejorada,1,2,4785623692276692567,0,0,3,4,3,4,2,3,1,en_curso
546,182,4.0,mejorada,1,2,4785623692276692567,0,0,3,0,3,5,2,4,1,en_curso
546,182,5.0,mejorada,1,2,4785623692276692567,0,0,3,1,3,5,2,5,1,en_curso
546,182,6.0,mejorada,1,2,4785623692276692567,1,0,3,0,3,5,2,6,1,en_curso
546,182,7.0,mejorada,1,2,4785623692276692567,1,0,3,1,3,7,2,7,1,en_curso
546,182,8.0,mejorada,1,2,4785623692276692567,1,0,3,0,3,8,2,8,1,en_curso
546,182,9.0,mejorada,1,2,4785623692276692567,1,0,3,3,3,8,2,9,1,en_curso
546,182,10.0,mejorada,1,2,4785623692276692567,1,0,3,3,3,8,2,10,1,en_curso
546,182,11.0,mejorada,1,2,4785623692276692567,1,0,3,1,3,8,2,11,1,en_curso
546,182,12.0,mejorada,1,2,4785623692276692567,3,0,3,2,3,8,2,12,1,en_curso
546,182,13.0,mejorada,1,2,4785623692276692567,3,0,3,3,3,8,2,13,1,en_curso
546,182,14.0,mejorada,1,2,4785623692276692567,4,0,3,5,3,8,2,14,1,en_curso
546,182,15.0,mejorada,1,2,4785623692276692567,4,0,3,4,3,8,2,15,1,en_curso
546,182,16.0,mejorada,1,2,4785623692276692567,4,1,3,4,3,8,2,16,1,en_curso
546,182,17.0,mejorada,1,2,4785623692276692567,5,1,3,6,3,8,2,17,1,en_curso
546,182,18.0,mejorada,1,2,4785623692276692567,5,2,9,4,9,8,2,18,1,en_curso
546,182,19.0,mejorada,1,2,4785623692276692567,7,2,16,9,13,8,2,19,1,ganado
547,182,1.0,mejorada,1,3,4785623692276692567,0,0,0,10,0,0,3,1,1,en_curso
547,182,2.0,mejorada,1,3,4785623692276692567,0,0,0,7,0,0,2,2,1,en_curso
547,182,3.0,mejorada,1,3,4785623692276692567,0,0,3,6,3,4,3,3,1,en_curso
547,182,4.0,mejorada,1,3,4785623692276692567,1,0,3,5,3,5,3,4,1,en_curso
547,182,5.0,mejorada,1,3,4785623692276692567,2,0,3,4,3,7,3,5,1,en_curso
547,182,6.0,mejorada,1,3,4785623692276692567,2,0,7,8,7,8,2,6,1,en_curso
547,182,7.0,mejorada,1,3,4785623692276692567,2,0,11,13,9,8,2,7,1,en_curso
547,182,8.0,mejorada,1,3,4785623692276692567,2,0,11,14,9,8,1,8,1,en_curso
547,182,9.0,mejorada,1,3,4785623692276692567,3,1,14,15,12,8,1,9,1,en_curso
547,182,10.0,mejorada,1,3,4785623692276692567,3,2,25,15,21,8,0,10,1,perdido
548,182,1.0,mejorada,1,4,4785623692276692567,0,0,0,10,0,0,4,1,1,en_curso
548,182,2.0,mejorada,1,4,4785623692276692567,0,0,0,8,0,1,2,2,1,en_curso
548,182,3.0,mejorada,1,4,4785623692276692567,0,0,2,7,2,2,2,3,1,en_curso
548,182,4.0,mejorada,1,4,4785623692276692567,0,0,2,7,2,5,4,4,1,en_curso
548,182,5.0,mejorada,1,4,4785623692276692567,1,2,4,14,4,8,3,5,1,en_curso
548,182,6.0,mejorada,1,4,4785623692276692567,1,4,8,15,6,8,0,6,1,perdido
549,183,1.0,mejorada,1,2,2913931182286180210,0,0,0,10,0,0,2,1,1,en_curso
549,183,2.0,mejorada,1,2,2913931182286180210,0,0,3,5,3,0,1,2,1,en_curso
549,183,3.0,mejorada,1,2,2913931182286180210,0,0,3,5,3,3,2,3,1,en_curso
549,183,4.0,mejorada,1,2,2913931182286180210,0,0,3,3,3,6,2,4,1,en_curso
549,183,5.0,mejorada,1,2,2913931182286180210,0,0,3,4,3,7,2,5,1,en_curso
549,183,6.0,mejorada,1,2,2913931182286180210,0,0,3,2,3,7,2,6,1,en_curso
549,183,7.0,mejorada,1,2,2913931182286180210,0,0,3,0,3,7,2,7,1,en_curso
549,183,8.0,mejorada,1,2,2913931182286180210,1,0,3,1,3,7,2,8,1,en_curso
549,183,9.0,mejorada,1,2,2913931182286180210,2,0,3,1,3,7,2,9,1,en_curso
549,183,10.0,mejorada,1,2,2913931182286180210,2,0,3,1,3,7,2,10,1,en_curso
549,183,11.0,mejorada,1,2,2913931182286180210,3,0,3,0,3,7,2,11,1,en_curso
549,183,12.0,mejorada,1,2,2913931182286180210,4,1,3,3,3,7,2,12,1,en_curso
549,183,13.0,mejorada,1,2,2913931182286180210,4,1,3,1,3,7,2,13,1,en_curso
549,183,14.0,mejorada,1,2,2913931182286180210,6,1,3,0,3,8,2,14,1,en_curso
549,183,15.0,mejorada,1,2,2913931182286180210,7,1,3,4,3,8,2,15,1,ganado
550,183,1.0,mejorada,1,3,2913931182286180210,0,0,0,10,0,0,3,1,1,en_curso
550,183,2.0,mejorada,1,3,2913931182286180210,0,0,3,5,3,0,1,2,1,en_curso
550,183,3.0,mejorada,1,3,2913931182286180210,0,0,3,7,3,3,3,3,1,en_curso
550,183,4.0,mejorada,1,3,2913931182286180210,0,0,5,6,5,7,3,4,1,en_curso
550,183,5.0,mejorada,1,3,2913931182286180210,0,0,5,6,5,7,3,5,1,en_curso
550,183,6.0,mejorada,1,3,2913931182286180210,0,0,5,7,5,7,3,6,1,en_curso
550,183,7.0,mejorada,1,3,2913931182286180210,1,0,7,6,7,7,3,7,1,en_curso
550,183,8.0,mejorada,1,3,2913931182286180210,1,0,12,10,12,7,3,8,1,en_curso
550,183,9.0,mejorada,1,3,2913931182286180210,2,0,12,9,12,7,3,9,1,en_curso
550,183,10.0,mejorada,1,3,2913931182286180210,5,0,12,8,12,7,3,10,1,en_curso
550,183,11.0,mejorada,1,3,2913931182286180210,6,1,26,15,18,7,0,11,1,perdido
551,183,1.0,mejorada,1,4,2913931182286180210,0,0,0,10,0,0,4,1,1,en_curso
551,183,2.0,mejorada,1,4,2913931182286180210,0,0,3,5,3,0,1,2,1,en_curso
551,183,3.0,mejorada,1,4,2913931182286180210,0,0,3,8,3,3,4,3,1,en_curso
551,183,4.0,mejorada,1,4,2913931182286180210,0,0,5,11,5,7,3,4,1,en_curso
551,183,5.0,mejorada,1,4,2913931182286180210,0,0,5,8,5,7,0,5,1,en_curso
551,183,6.0,mejorada,1,4,2913931182286180210,0,0,7,9,7,7,1,6,1,en_curso
551,183,7.0,mejorada,1,4,2913931182286180210,0,0,7,8,7,7,2,7,1,en_curso
551,183,8.0,mejorada,1,4,2913931182286180210,1,0,13,8,11,7,3,8,1,en_curso
551,183,9.0,mejorada,1,4,2913931182286180210,1,0,13,8,11,7,4,9,1,en_curso
551,183,10.0,mejorada,1,4,2913931182286180210,2,0,13,8,11,7,1,10,1,en_curso
551,183,11.0,mejorada,1,4,2913931182286180210,2,1,14,10,11,7,3,11,1,en_curso
551,183,12.0,mejorada,1,4,2913931182286180210,2,1,24,11,20,7,2,12,1,perdido
552,184,1.0,mejorada,1,2,7120557878436733737,0,0,0,10,0,0,2,1,1,en_curso
552,184,2.0,mejorada,1,2,7120557878436733737,0,0,0,6,0,0,2,2,1,en_curso
552,184,3.0,mejorada,1,2,7120557878436733737,0,0,0,4,0,4,2,3,1,en_curso
552,184,4.0,mejorada,1,2,7120557878436733737,0,0,0,4,0,6,2,4,1,en_curso
552,184,5.0,mejorada,1,2,7120557878436733737,1,1,2,9,2,6,2,5,1,en_curso
552,184,6.0,mejorada,1,2,7120557878436733737,1,2,2,5,2,7,0,6,1,en_curso
552,184,7.0,mejorada,1,2,7120557878436733737,1,2,4,4,4,7,2,7,1,en_curso
552,184,8.0,mejorada,1,2,7120557878436733737,1,3,6,5,4,7,2,8,1,en_curso
552,184,9.0,mejorada,1,2,7120557878436733737,2,3,6,5,4,7,2,9,1,en_curso
552,184,10.0,mejorada,1,2,7120557878436733737,3,3,6,2,4,7,2,10,1,en_curso
552,184,11.0,mejorada,1,2,7120557878436733737,4,3,9,5,7,7,2,11,1,en_curso
552,184,12.0,mejorada,1,2,7120557878436733737,4,3,17,8,14,7,2,12,1,en_curso
552,184,13.0,mejorada,1,2,7120557878436733737,5,4,20,3,14,7,2,13,1,perdido
553,184,1.0,mejorada,1,3,7120557878436733737,0,0,0,10,0,0,3,1,1,en_curso
553,184,2.0,mejorada,1,3,7120557878436733737,1,0,0,6,0,0,3,2,1,en_curso
553,184,3.0,mejorada,1,3,7120557878436733737,1,1,0,6,0,6,3,3,1,en_curso
553,184,4.0,mejorada,1,3,7120557878436733737,1,1,7,8,5,7,3,4,1,en_curso
553,184,5.0,mejorada,1,3,7120557878436733737,1,1,12,11,8,7,1,5,1,en_curso
553,184,6.0,mejorada,1,3,7120557878436733737,1,2,17,12,11,7,1,6,1,en_curso
553,184,7.0,mejorada,1,3,7120557878436733737,3,2,25,11,14,7,1,7,1,perdido
554,184,1.0,mejorada,1,4,7120557878436733737,0,0,0,10,0,0,4,1,1,en_curso
554,184,2.0,mejorada,1,4,7120557878436733737,1,0,0,6,0,0,3,2,1,en_curso
554,184,3.0,mejorada,1,4,7120557878436733737,1,1,0,7,0,6,4,3,1,en_curso
554,184,4.0,mejorada,1,4,7120557878436733737,1,1,4,7,4,6,4,4,1,en_curso
554,184,5.0,mejorada,1,4,7120557878436733737,2,1,4,7,4,6,3,5,1,en_curso
554,184,6.0,mejorada,1,4,7120557878436733737,3,2,6,9,6,7,4,6,1,en_curso
554,184,7.0,mejorada,1,4,7120557878436733737,3,3,14,10,11,7,2,7,1,en_curso
554,184,8.0,mejorada,1,4,7120557878436733737,3,4,17,10,11,7,2,8,1,perdido
555,185,1.0,mejorada,1,2,6102747992571537333,0,0,0,10,0,0,2,1,1,en_curso
555,185,2.0,mejorada,1,2,6102747992571537333,0,0,2,8,2,0,2,2,1,en_curso
555,185,3.0,mejorada,1,2,6102747992571537333,0,1,4,5,2,3,2,3,1,en_curso
555,185,4.0,mejorada,1,2,6102747992571537333,0,1,4,7,2,7,2,4,1,en_curso
555,185,5.0,mejorada,1,2,6102747992571537333,0,1,6,5,4,7,2,5,1,en_curso
555,185,6.0,mejorada,1,2,6102747992571537333,0,1,9,2,7,8,2,6,1,en_curso
555,185,7.0,mejorada,1,2,6102747992571537333,2,1,9,1,7,8,2,7,1,en_curso
555,185,8.0,mejorada,1,2,6102747992571537333,2,1,9,5,7,8,2,8,1,en_curso
555,185,9.0,mejorada,1,2,6102747992571537333,2,1,9,1,7,8,2,9,1,en_curso
555,185,10.0,mejorada,1,2,6102747992571537333,2,1,9,1,7,8,2,10,1,en_curso
555,185,11.0,mejorada,1,2,6102747992571537333,3,4,9,11,7,8,2,11,1,perdido
556,185,1.0,mejorada,1,3,6102747992571537333,0,0,0,10,0,0,3,1,1,en_curso
556,185,2.0,mejorada,1,3,6102747992571537333,0,0,2,9,2,0,3,2,1,en_curso
556,185,3.0,mejorada,1,3,6102747992571537333,0,1,4,6,2,1,0,3,1,en_curso
556,185,4.0,mejorada,1,3,6102747992571537333,0,2,6,7,4,4,3,4,1,en_curso
556,185,5.0,mejorada,1,3,6102747992571537333,0,2,6,10,4,7,3,5,1,en_curso
556,185,6.0,mejorada,1,3,6102747992571537333,0,2,9,7,7,8,2,6,1,en_curso
556,185,7.0,mejorada,1,3,6102747992571537333,1,2,9,7,7,8,3,7,1,en_curso
556,185,8.0,mejorada,1,3,6102747992571537333,3,2,9,7,7,8,3,8,1,en_curso
556,185,9.0,mejorada,1,3,6102747992571537333,5,3,9,9,7,8,2,9,1,en_curso
556,185,10.0,mejorada,1,3,6102747992571537333,5,3,11,17,9,8,1,10,1,en_curso
556,185,11.0,mejorada,1,3,6102747992571537333,7,3,12,18,9,8,1,11,1,ganado
557,185,1.0,mejorada,1,4,6102747992571537333,0,0,0,10,0,0,4,1,1,en_curso
557,185,2.0,mejorada,1,4,6102747992571537333,0,0,2,9,2,0,3,2,1,en_curso
557,185,3.0,mejorada,1,4,6102747992571537333,0,1,4,8,2,1,1,3,1,en_curso
557,185,4.0,mejorada,1,4,6102747992571537333,0,2,6,9,4,4,3,4,1,en_curso
557,185,5.0,mejorada,1,4,6102747992571537333,0,2,8,10,6,4,0,5,1,en_curso
557,185,6.0,mejorada,1,4,6102747992571537333,0,2,11,9,9,5,0,6,1,en_curso
557,185,7.0,mejorada,1,4,6102747992571537333,0,3,19,8,14,6,1,7,1,en_curso
557,185,8.0,mejorada,1,4,6102747992571537333,0,3,22,9,15,6,3,8,1,en_curso
557,185,9.0,mejorada,1,4,6102747992571537333,0,3,25,11,15,7,1,9,1,perdido
558,186,1.0,mejorada,1,2,3446384247848441377,0,0,0,10,0,0,2,1,1,en_curso
558,186,2.0,mejorada,1,2,3446384247848441377,0,0,2,6,2,1,2,2,1,en_curso
558,186,3.0,mejorada,1,2,3446384247848441377,0,1,6,11,6,4,1,3,1,en_curso
558,186,4.0,mejorada,1,2,3446384247848441377,0,1,6,8,6,4,2,4,1,en_curso
558,186,5.0,mejorada,1,2,3446384247848441377,0,1,11,9,9,4,0,5,1,en_curso
558,186,6.0,mejorada,1,2,3446384247848441377,0,1,13,7,10,5,1,6,1,en_curso
558,186,7.0,mejorada,1,2,3446384247848441377,0,1,13,6,10,5,2,7,1,en_curso
558,186,8.0,mejorada,1,2,3446384247848441377,1,1,16,15,12,5,2,8,1,en_curso
558,186,9.0,mejorada,1,2,3446384247848441377,2,2,16,12,12,5,1,9,1,en_curso
558,186,10.0,mejorada,1,2,3446384247848441377,2,2,20,10,15,6,0,10,1,en_curso
558,186,11.0,mejorada,1,2,3446384247848441377,2,2,23,8,15,6,2,11,1,en_curso
558,186,12.0,mejorada,1,2,3446384247848441377,2,3,23,4,15,6,2,12,1,en_curso
558,186,13.0,mejorada,1,2,3446384247848441377,3,3,23,3,15,7,2,13,1,en_curso
558,186,14.0,mejorada,1,2,3446384247848441377,4,3,23,4,15,7,2,14,1,en_curso
558,186,15.0,mejorada,1,2,3446384247848441377,4,3,23,7,15,7,2,15,1,en_curso
558,186,16.0,mejorada,1,2,3446384247848441377,4,4,25,7,17,8,2,16,1,perdido
559,186,1.0,mejorada,1,3,3446384247848441377,0,0,0,10,0,0,3,1,1,en_curso
559,186,2.0,mejorada,1,3,3446384247848441377,0,0,2,7,2,1,3,2,1,en_curso
559,186,3.0,mejorada,1,3,3446384247848441377,0,0,2,8,2,5,3,3,1,en_curso
559,186,4.0,mejorada,1,3,3446384247848441377,0,0,2,7,2,6,3,4,1,en_curso
559,186,5.0,mejorada,1,3,3446384247848441377,0,0,7,11,7,6,3,5,1,en_curso
559,186,6.0,mejorada,1,3,3446384247848441377,0,0,7,10,7,6,2,6,1,en_curso
559,186,7.0,mejorada,1,3,3446384247848441377,0,0,7,8,7,6,2,7,1,en_curso
559,186,8.0,mejorada,1,3,3446384247848441377,0,1,16,10,10,8,2,8,1,en_curso
559,186,9.0,mejorada,1,3,3446384247848441377,0,2,16,6,10,8,1,9,1,en_curso
559,186,10.0,mejorada,1,3,3446384247848441377,0,2,16,8,10,8,3,10,1,en_curso
559,186,11.0,mejorada,1,3,3446384247848441377,1,3,16,10,10,8,2,11,1,en_curso
559,186,12.0,mejorada,1,3,3446384247848441377,3,3,16,12,10,8,3,12,1,en_curso
559,186,13.0,mejorada,1,3,3446384247848441377,3,3,19,9,12,8,0,13,1,en_curso
559,186,14.0,mejorada,1,3,3446384247848441377,3,3,21,7,13,8,2,14,1,en_curso
559,186,15.0,mejorada,1,3,3446384247848441377,3,3,24,14,15,8,2,15,1,perdido
560,186,1.0,mejorada,1,4,3446384247848441377,0,0,0,10,0,0,4,1,1,en_curso
560,186,2.0,mejorada,1,4,3446384247848441377,0,0,2,7,2,1,3,2,1,en_curso
560,186,3.0,mejorada,1,4,3446384247848441377,0,0,2,8,2,5,3,3,1,en_curso
560,186,4.0,mejorada,1,4,3446384247848441377,0,0,2,7,2,6,3,4,1,en_curso
560,186,5.0,mejorada,1,4,3446384247848441377,0,0,7,12,7,6,4,5,1,en_curso
560,186,6.0,mejorada,1,4,3446384247848441377,0,0,7,11,7,6,2,6,1,en_curso
560,186,7.0,mejorada,1,4,3446384247848441377,0,0,7,9,7,6,2,7,1,en_curso
560,186,8.0,mejorada,1,4,3446384247848441377,0,1,16,8,10,8,2,8,1,en_curso
560,186,9.0,mejorada,1,4,3446384247848441377,1,1,16,11,10,8,4,9,1,en_curso
560,186,10.0,mejorada,1,4,3446384247848441377,2,2,16,14,10,8,2,10,1,en_curso
560,186,11.0,mejorada,1,4,3446384247848441377,3,2,17,14,11,8,1,11,1,en_curso
560,186,12.0,mejorada,1,4,3446384247848441377,4,2,18,14,11,8,1,12,1,en_curso
560,186,13.0,mejorada,1,4,3446384247848441377,4,2,19,14,12,8,0,13,1,en_curso
560,186,14.0,mejorada,1,4,3446384247848441377,4,4,23,14,15,8,0,14,1,perdido
561,187,1.0,mejorada,1,2,871301224613422341,0,0,0,10,0,0,2,1,1,en_curso
561,187,2.0,mejorada,1,2,871301224613422341,0,0,3,10,3,2,0,2,1,en_curso
561,187,3.0,mejorada,1,2,871301224613422341,0,0,6,8,6,3,0,3,1,en_curso
561,187,4.0,mejorada,1,2,871301224613422341,0,0,6,6,6,3,2,4,1,en_curso
561,187,5.0,mejorada,1,2,871301224613422341,1,0,6,4,6,5,2,5,1,en_curso
561,187,6.0,mejorada,1,2,871301224613422341,1,0,6,1,6,6,2,6,1,en_curso
561,187,7.0,mejorada,1,2,871301224613422341,2,0,6,1,6,7,2,7,1,en_curso
561,187,8.0,mejorada,1,2,871301224613422341,2,1,8,3,8,8,2,8,1,en_curso
561,187,9.0,mejorada,1,2,871301224613422341,3,1,8,1,8,8,2,9,1,en_curso
561,187,10.0,mejorada,1,2,871301224613422341,3,1,13,8,12,8,2,10,1,en_curso
561,187,11.0,mejorada,1,2,871301224613422341,3,1,15,6,12,8,1,11,1,en_curso
561,187,12.0,mejorada,1,2,871301224613422341,3,2,15,5,12,8,1,12,1,en_curso
561,187,13.0,mejorada,1,2,871301224613422341,4,2,15,7,12,8,2,13,1,en_curso
561,187,14.0,mejorada,1,2,871301224613422341,4,2,18,7,15,8,2,14,1,en_curso
561,187,15.0,mejorada,1,2,871301224613422341,6,3,21,5,17,8,2,15,1,en_curso
561,187,16.0,mejorada,1,2,871301224613422341,6,4,21,10,17,8,2,16,1,perdido
562,187,1.0,mejorada,1,3,871301224613422341,0,0,0,10,0,0,3,1,1,en_curso
562,187,2.0,mejorada,1,3,871301224613422341,0,0,3,10,3,2,0,2,1,en_curso
562,187,3.0,mejorada,1,3,871301224613422341,0,0,6,8,6,3,0,3,1,en_curso
562,187,4.0,mejorada,1,3,871301224613422341,0,0,6,7,6,3,3,4,1,en_curso
562,187,5.0,mejorada,1,3,871301224613422341,1,0,6,5,6,6,3,5,1,en_curso
562,187,6.0,mejorada,1,3,871301224613422341,1,0,6,3,6,7,3,6,1,en_curso
562,187,7.0,mejorada,1,3,871301224613422341,2,2,8,4,7,8,3,7,1,en_curso
562,187,8.0,mejorada,1,3,871301224613422341,2,2,8,2,7,8,3,8,1,en_curso
562,187,9.0,mejorada,1,3,871301224613422341,4,2,8,2,7,8,3,9,1,en_curso
562,187,10.0,mejorada,1,3,871301224613422341,4,2,8,6,7,8,3,10,1,en_curso
562,187,11.0,mejorada,1,3,871301224613422341,5,2,11,9,10,8,3,11,1,en_curso
562,187,12.0,mejorada,1,3,871301224613422341,6,2,13,6,12,8,2,12,1,en_curso
562,187,13.0,mejorada,1,3,871301224613422341,6,3,16,11,15,8,2,13,1,en_curso
562,187,14.0,mejorada,1,3,871301224613422341,7,3,16,9,15,8,1,14,1,ganado
563,187,1.0,mejorada,1,4,871301224613422341,0,0,0,10,0,0,4,1,1,en_curso
563,187,2.0,mejorada,1,4,871301224613422341,0,0,3,10,3,2,0,2,1,en_curso
563,187,3.0,mejorada,1,4,871301224613422341,0,0,6,8,6,3,0,3,1,en_curso
563,187,4.0,mejorada,1,4,871301224613422341,0,0,8,8,8,4,2,4,1,en_curso
563,187,5.0,mejorada,1,4,871301224613422341,0,0,8,8,8,6,3,5,1,en_curso
563,187,6.0,mejorada,1,4,871301224613422341,0,0,11,8,11,7,4,6,1,en_curso
563,187,7.0,mejorada,1,4,871301224613422341,1,0,11,7,11,7,2,7,1,en_curso
563,187,8.0,mejorada,1,4,871301224613422341,4,1,13,11,13,7,3,8,1,en_curso
563,187,9.0,mejorada,1,4,871301224613422341,4,1,13,7,13,8,2,9,1,en_curso
563,187,10.0,mejorada,1,4,871301224613422341,4,1,13,4,13,8,4,10,1,en_curso
563,187,11.0,mejorada,1,4,871301224613422341,5,1,13,4,13,8,4,11,1,en_curso
563,187,12.0,mejorada,1,4,871301224613422341,6,1,16,6,16,8,4,12,1,en_curso
563,187,13.0,mejorada,1,4,871301224613422341,8,1,21,14,18,8,3,13,1,ganado
564,188,1.0,mejorada,1,2,6887918418730252866,0,0,0,10,0,0,2,1,1,en_curso
564,188,2.0,mejorada,1,2,6887918418730252866,0,0,4,8,4,1,1,2,1,en_curso
564,188,3.0,mejorada,1,2,6887918418730252866,0,0,4,5,4,4,2,3,1,en_curso
564,188,4.0,mejorada,1,2,6887918418730252866,0,0,4,6,4,6,2,4,1,en_curso
564,188,5.0,mejorada,1,2,6887918418730252866,0,0,8,5,7,6,2,5,1,en_curso
564,188,6.0,mejorada,1,2,6887918418730252866,0,1,10,10,9,6,2,6,1,en_curso
564,188,7.0,mejorada,1,2,6887918418730252866,1,1,17,14,14,7,2,7,1,en_curso
564,188,8.0,mejorada,1,2,6887918418730252866,2,1,25,12,17,8,0,8,1,perdido
565,188,1.0,mejorada,1,3,6887918418730252866,0,0,0,10,0,0,3,1,1,en_curso
565,188,2.0,mejorada,1,3,6887918418730252866,0,0,4,8,4,1,1,2,1,en_curso
565,188,3.0,mejorada,1,3,6887918418730252866,1,0,4,6,4,4,3,3,1,en_curso
565,188,4.0,mejorada,1,3,6887918418730252866,1,0,4,6,4,6,3,4,1,en_curso
565,188,5.0,mejorada,1,3,6887918418730252866,1,0,4,3,4,6,3,5,1,en_curso
565,188,6.0,mejorada,1,3,6887918418730252866,3,1,4,4,4,6,3,6,1,en_curso
565,188,7.0,mejorada,1,3,6887918418730252866,4,1,4,4,4,6,3,7,1,en_curso
565,188,8.0,mejorada,1,3,6887918418730252866,5,1,4,7,4,7,3,8,1,en_curso
565,188,9.0,mejorada,1,3,6887918418730252866,5,2,4,6,4,7,3,9,1,en_curso
565,188,10.0,mejorada,1,3,6887918418730252866,6,2,6,7,6,7,2,10,1,en_curso
565,188,11.0,mejorada,1,3,6887918418730252866,7,2,11,14,10,7,3,11,1,ganado
566,188,1.0,mejorada,1,4,6887918418730252866,0,0,0,10,0,0,4,1,1,en_curso
566,188,2.0,mejorada,1,4,6887918418730252866,0,0,5,12,5,0,2,2,1,en_curso
566,188,3.0,mejorada,1,4,6887918418730252866,0,0,5,9,5,3,2,3,1,en_curso
566,188,4.0,mejorada,1,4,6887918418730252866,0,0,5,8,5,4,2,4,1,en_curso
566,188,5.0,mejorada,1,4,6887918418730252866,0,2,7,9,7,5,3,5,1,en_curso
566,188,6.0,mejorada,1,4,6887918418730252866,1,3,13,10,9,5,2,6,1,en_curso
566,188,7.0,mejorada,1,4,6887918418730252866,1,3,13,8,9,6,2,7,1,en_curso
566,188,8.0,mejorada,1,4,6887918418730252866,1,4,13,10,9,7,2,8,1,perdido
567,189,1.0,mejorada,1,2,2420770983341428564,0,0,0,10,0,0,2,1,1,en_curso
567,189,2.0,mejorada,1,2,2420770983341428564,0,0,0,6,0,1,1,2,1,en_curso
567,189,3.0,mejorada,1,2,2420770983341428564,0,0,0,4,0,4,2,3,1,en_curso
567,189,4.0,mejorada,1,2,2420770983341428564,0,0,2,3,2,4,2,4,1,en_curso
567,189,5.0,mejorada,1,2,2420770983341428564,1,1,2,2,2,4,2,5,1,en_curso
567,189,6.0,mejorada,1,2,2420770983341428564,2,1,2,4,2,4,2,6,1,en_curso
567,189,7.0,mejorada,1,2,2420770983341428564,3,1,2,6,2,5,2,7,1,en_curso
567,189,8.0,mejorada,1,2,2420770983341428564,3,1,2,4,2,5,2,8,1,en_curso
567,189,9.0,mejorada,1,2,2420770983341428564,5,2,2,3,2,5,2,9,1,en_curso
567,189,10.0,mejorada,1,2,2420770983341428564,5,2,4,14,4,7,0,10,1,en_curso
567,189,11.0,mejorada,1,2,2420770983341428564,5,2,7,10,4,7,0,11,1,en_curso
567,189,12.0,mejorada,1,2,2420770983341428564,5,2,9,10,6,7,0,12,1,en_curso
567,189,13.0,mejorada,1,2,2420770983341428564,5,2,9,8,6,8,0,13,1,en_curso
567,189,14.0,mejorada,1,2,2420770983341428564,5,2,9,6,6,8,2,14,1,en_curso
567,189,15.0,mejorada,1,2,2420770983341428564,5,2,10,4,6,8,2,15,1,en_curso
567,189,16.0,mejorada,1,2,2420770983341428564,5,2,12,3,8,8,2,16,1,en_curso
567,189,17.0,mejorada,1,2,2420770983341428564,5,3,15,13,10,8,2,17,1,en_curso
567,189,18.0,mejorada,1,2,2420770983341428564,5,4,21,11,16,8,0,18,1,perdido
568,189,1.0,mejorada,1,3,2420770983341428564,0,0,0,10,0,0,3,1,1,en_curso
568,189,2.0,mejorada,1,3,2420770983341428564,0,0,0,6,0,0,1,2,1,en_curso
568,189,3.0,mejorada,1,3,2420770983341428564,0,0,0,5,0,3,3,3,1,en_curso
568,189,4.0,mejorada,1,3,2420770983341428564,0,0,2,8,2,6,3,4,1,en_curso
568,189,5.0,mejorada,1,3,2420770983341428564,0,2,4,11,4,7,1,5,1,en_curso
568,189,6.0,mejorada,1,3,2420770983341428564,0,2,6,8,5,7,1,6,1,en_curso
568,189,7.0,mejorada,1,3,2420770983341428564,0,2,6,5,5,7,3,7,1,en_curso
568,189,8.0,mejorada,1,3,2420770983341428564,0,3,6,5,5,7,3,8,1,en_curso
568,189,9.0,mejorada,1,3,2420770983341428564,0,4,8,12,6,7,3,9,1,perdido
569,189,1.0,mejorada,1,4,2420770983341428564,0,0,0,10,0,0,4,1,1,en_curso
569,189,2.0,mejorada,1,4,2420770983341428564,0,0,0,8,0,0,2,2,1,en_curso
569,189,3.0,mejorada,1,4,2420770983341428564,0,0,1,9,1,3,2,3,1,en_curso
569,189,4.0,mejorada,1,4,2420770983341428564,0,0,3,8,3,3,1,4,1,en_curso
569,189,5.0,mejorada,1,4,2420770983341428564,0,0,5,10,4,5,3,5,1,en_curso
569,189,6.0,mejorada,1,4,2420770983341428564,0,0,7,7,6,5,1,6,1,en_curso
569,189,7.0,mejorada,1,4,2420770983341428564,1,0,9,13,8,6,3,7,1,en_curso
569,189,8.0,mejorada,1,4,2420770983341428564,1,4,14,14,12,6,0,8,1,perdido
570,190,1.0,mejorada,1,2,8640576216391083761,0,0,0,10,0,0,2,1,1,en_curso
570,190,2.0,mejorada,1,2,8640576216391083761,0,0,0,6,0,0,2,2,1,en_curso
570,190,3.0,mejorada,1,2,8640576216391083761,0,0,2,5,2,4,2,3,1,en_curso
570,190,4.0,mejorada,1,2,8640576216391083761,0,0,5,5,5,6,2,4,1,en_curso
570,190,5.0,mejorada,1,2,8640576216391083761,0,0,5,6,5,6,2,5,1,en_curso
570,190,6.0,mejorada,1,2,8640576216391083761,0,0,5,6,5,7,2,6,1,en_curso
570,190,7.0,mejorada,1,2,8640576216391083761,1,1,5,6,5,7,1,7,1,en_curso
570,190,8.0,mejorada,1,2,8640576216391083761,2,1,6,8,6,7,1,8,1,en_curso
570,190,9.0,mejorada,1,2,8640576216391083761,2,1,6,8,6,7,2,9,1,en_curso
570,190,10.0,mejorada,1,2,8640576216391083761,3,1,8,7,7,7,2,10,1,en_curso
570,190,11.0,mejorada,1,2,8640576216391083761,3,1,12,4,10,7,2,11,1,en_curso
570,190,12.0,mejorada,1,2,8640576216391083761,3,1,13,6,11,7,2,12,1,en_curso
570,190,13.0,mejorada,1,2,8640576216391083761,4,1,15,5,13,7,2,13,1,en_curso
570,190,14.0,mejorada,1,2,8640576216391083761,5,1,15,7,13,7,2,14,1,en_curso
570,190,15.0,mejorada,1,2,8640576216391083761,6,1,18,3,16,8,2,15,1,en_curso
570,190,16.0,mejorada,1,2,8640576216391083761,6,1,18,2,16,8,2,16,1,en_curso
570,190,17.0,mejorada,1,2,8640576216391083761,6,3,20,6,18,8,2,17,1,en_curso
570,190,18.0,mejorada,1,2,8640576216391083761,7,3,20,11,18,8,1,18,1,ganado
571,190,1.0,mejorada,1,3,8640576216391083761,0,0,0,10,0,0,3,1,1,en_curso
571,190,2.0,mejorada,1,3,8640576216391083761,0,0,0,7,0,0,3,2,1,en_curso
571,190,3.0,mejorada,1,3,8640576216391083761,0,0,4,11,4,6,3,3,1,en_curso
571,190,4.0,mejorada,1,3,8640576216391083761,0,0,4,5,4,7,1,4,1,en_curso
571,190,5.0,mejorada,1,3,8640576216391083761,0,0,7,3,7,8,3,5,1,en_curso
571,190,6.0,mejorada,1,3,8640576216391083761,0,1,7,8,7,8,3,6,1,en_curso
571,190,7.0,mejorada,1,3,8640576216391083761,1,1,13,15,12,8,2,7,1,en_curso
571,190,8.0,mejorada,1,3,8640576216391083761,2,1,24,13,18,8,1,8,1,perdido
572,190,1.0,mejorada,1,4,8640576216391083761,0,0,0,10,0,0,4,1,1,en_curso
572,190,2.0,mejorada,1,4,8640576216391083761,0,0,0,7,0,0,3,2,1,en_curso
572,190,3.0,mejorada,1,4,8640576216391083761,0,0,2,7,2,4,3,3,1,en_curso
572,190,4.0,mejorada,1,4,8640576216391083761,0,1,2,7,2,5,2,4,1,en_curso
572,190,5.0,mejorada,1,4,8640576216391083761,0,1,7,10,7,6,3,5,1,en_curso
572,190,6.0,mejorada,1,4,8640576216391083761,0,1,13,10,11,6,3,6,1,en_curso
572,190,7.0,mejorada,1,4,8640576216391083761,2,3,26,23,19,7,2,7,1,perdido
573,191,1.0,mejorada,1,2,2222561263212250043,0,0,0,10,0,0,2,1,1,en_curso
573,191,2.0,mejorada,1,2,2222561263212250043,0,0,0,6,0,0,2,2,1,en_curso
573,191,3.0,mejorada,1,2,2222561263212250043,0,0,0,5,0,6,2,3,1,en_curso
573,191,4.0,mejorada,1,2,2222561263212250043,0,0,0,7,0,7,2,4,1,en_curso
573,191,5.0,mejorada,1,2,2222561263212250043,0,4,6,13,4,7,1,5,1,perdido
574,191,1.0,mejorada,1,3,2222561263212250043,0,0,0,10,0,0,3,1,1,en_curso
574,191,2.0,mejorada,1,3,2222561263212250043,0,0,0,6,0,0,2,2,1,en_curso
574,191,3.0,mejorada,1,3,2222561263212250043,0,0,0,5,0,5,3,3,1,en_curso
574,191,4.0,mejorada,1,3,2222561263212250043,0,1,0,8,0,5,3,4,1,en_curso
574,191,5.0,mejorada,1,3,2222561263212250043,0,2,6,11,5,6,1,5,1,en_curso
574,191,6.0,mejorada,1,3,2222561263212250043,0,3,13,14,10,7,1,6,1,en_curso
574,191,7.0,mejorada,1,3,2222561263212250043,0,3,13,10,10,7,0,7,1,en_curso
574,191,8.0,mejorada,1,3,2222561263212250043,0,3,16,11,11,7,1,8,1,en_curso
574,191,9.0,mejorada,1,3,2222561263212250043,1,4,18,14,13,7,1,9,1,perdido
575,191,1.0,mejorada,1,4,2222561263212250043,0,0,0,10,0,0,4,1,1,en_curso
575,191,2.0,mejorada,1,4,2222561263212250043,0,0,0,7,0,0,3,2,1,en_curso
575,191,3.0,mejorada,1,4,2222561263212250043,0,0,1,11,1,3,2,3,1,en_curso
575,191,4.0,mejorada,1,4,2222561263212250043,0,0,1,8,1,4,2,4,1,en_curso
575,191,5.0,mejorada,1,4,2222561263212250043,0,2,5,12,4,4,1,5,1,en_curso
575,191,6.0,mejorada,1,4,2222561263212250043,0,2,7,12,6,5,0,6,1,en_curso
575,191,7.0,mejorada,1,4,2222561263212250043,0,2,13,17,9,5,0,7,1,en_curso
575,191,8.0,mejorada,1,4,2222561263212250043,0,2,13,15,9,5,0,8,1,en_curso
575,191,9.0,mejorada,1,4,2222561263212250043,0,2,18,17,11,6,0,9,1,en_curso
575,191,10.0,mejorada,1,4,2222561263212250043,0,2,25,16,15,7,0,10,1,perdido
576,192,1.0,mejorada,1,2,1132242081106209098,0,0,0,10,0,0,2,1,1,en_curso
576,192,2.0,mejorada,1,2,1132242081106209098,0,0,2,8,2,0,1,2,1,en_curso
576,192,3.0,mejorada,1,2,1132242081106209098,0,0,7,6,5,4,2,3,1,en_curso
576,192,4.0,mejorada,1,2,1132242081106209098,0,0,8,6,6,6,2,4,1,en_curso
576,192,5.0,mejorada,1,2,1132242081106209098,0,0,8,5,6,6,2,5,1,en_curso
576,192,6.0,mejorada,1,2,1132242081106209098,0,0,8,0,6,6,2,6,1,en_curso
576,192,7.0,mejorada,1,2,1132242081106209098,0,1,9,4,7,7,2,7,1,en_curso
576,192,8.0,mejorada,1,2,1132242081106209098,1,1,12,6,10,7,2,8,1,en_curso
576,192,9.0,mejorada,1,2,1132242081106209098,2,1,12,5,10,7,2,9,1,en_curso
576,192,10.0,mejorada,1,2,1132242081106209098,2,1,12,2,10,7,2,10,1,en_curso
576,192,11.0,mejorada,1,2,1132242081106209098,3,1,12,2,10,7,2,11,1,en_curso
576,192,12.0,mejorada,1,2,1132242081106209098,4,2,12,3,10,7,2,12,1,en_curso
576,192,13.0,mejorada,1,2,1132242081106209098,5,2,12,2,10,8,2,13,1,en_curso
576,192,14.0,mejorada,1,2,1132242081106209098,5,2,12,2,10,8,2,14,1,en_curso
576,192,15.0,mejorada,1,2,1132242081106209098,6,2,12,3,10,8,2,15,1,en_curso
576,192,16.0,mejorada,1,2,1132242081106209098,6,3,14,9,11,8,2,16,1,en_curso
576,192,17.0,mejorada,1,2,1132242081106209098,6,3,16,7,13,8,2,17,1,en_curso
576,192,18.0,mejorada,1,2,1132242081106209098,6,3,16,5,13,8,2,18,1,en_curso
576,192,19.0,mejorada,1,2,1132242081106209098,7,3,16,5,13,8,2,19,1,ganado
577,192,1.0,mejorada,1,3,1132242081106209098,0,0,0,10,0,0,3,1,1,en_curso
577,192,2.0,mejorada,1,3,1132242081106209098,0,0,2,8,2,0,2,2,1,en_curso
577,192,3.0,mejorada,1,3,1132242081106209098,0,0,7,7,5,4,3,3,1,en_curso
577,192,4.0,mejorada,1,3,1132242081106209098,0,0,8,11,6,6,2,4,1,en_curso
577,192,5.0,mejorada,1,3,1132242081106209098,0,0,8,8,6,6,2,5,1,en_curso
577,192,6.0,mejorada,1,3,1132242081106209098,0,0,8,9,6,6,2,6,1,en_curso
577,192,7.0,mejorada,1,3,1132242081106209098,0,1,10,8,8,6,2,7,1,en_curso
577,192,8.0,mejorada,1,3,1132242081106209098,1,1,16,10,14,6,2,8,1,en_curso
577,192,9.0,mejorada,1,3,1132242081106209098,3,3,16,12,14,6,2,9,1,en_curso
577,192,10.0,mejorada,1,3,1132242081106209098,4,3,16,13,14,6,1,10,1,en_curso
577,192,11.0,mejorada,1,3,1132242081106209098,4,3,19,11,16,7,0,11,1,en_curso
577,192,12.0,mejorada,1,3,1132242081106209098,4,3,24,12,20,7,0,12,1,perdido
578,192,1.0,mejorada,1,4,1132242081106209098,0,0,0,10,0,0,4,1,1,en_curso
578,192,2.0,mejorada,1,4,1132242081106209098,0,0,2,8,2,0,2,2,1,en_curso
578,192,3.0,mejorada,1,4,1132242081106209098,0,0,7,7,5,4,3,3,1,en_curso
578,192,4.0,mejorada,1,4,1132242081106209098,0,0,8,11,6,6,2,4,1,en_curso
578,192,5.0,mejorada,1,4,1132242081106209098,0,0,8,8,6,6,2,5,1,en_curso
578,192,6.0,mejorada,1,4,1132242081106209098,0,0,8,9,6,6,2,6,1,en_curso
578,192,7.0,mejorada,1,4,1132242081106209098,0,0,8,7,6,6,3,7,1,en_curso
578,192,8.0,mejorada,1,4,1132242081106209098,1,2,12,6,10,6,4,8,1,en_curso
578,192,9.0,mejorada,1,4,1132242081106209098,1,2,19,8,13,6,3,9,1,en_curso
578,192,10.0,mejorada,1,4,1132242081106209098,3,2,25,17,16,7,2,10,1,perdido
579,193,1.0,mejorada,1,2,7665661379552511350,0,0,0,10,0,0,2,1,1,en_curso
579,193,2.0,mejorada,1,2,7665661379552511350,0,0,2,6,2,0,1,2,1,en_curso
579,193,3.0,mejorada,1,2,7665661379552511350,0,0,2,3,2,4,2,3,1,en_curso
579,193,4.0,mejorada,1,2,7665661379552511350,0,2,5,4,5,5,2,4,1,en_curso
579,193,5.0,mejorada,1,2,7665661379552511350,0,2,7,4,6,6,2,5,1,en_curso
579,193,6.0,mejorada,1,2,7665661379552511350,1,2,7,5,6,6,2,6,1,en_curso
579,193,7.0,mejorada,1,2,7665661379552511350,2,4,7,7,6,6,2,7,1,perdido
580,193,1.0,mejorada,1,3,7665661379552511350,0,0,0,10,0,0,3,1,1,en_curso
580,193,2.0,mejorada,1,3,7665661379552511350,0,0,2,7,2,0,2,2,1,en_curso
580,193,3.0,mejorada,1,3,7665661379552511350,0,0,2,4,2,4,3,3,1,en_curso
580,193,4.0,mejorada,1,3,7665661379552511350,0,0,2,2,2,6,3,4,1,en_curso
580,193,5.0,mejorada,1,3,7665661379552511350,0,0,2,2,2,6,3,5,1,en_curso
580,193,6.0,mejorada,1,3,7665661379552511350,0,1,2,7,2,6,3,6,1,en_curso
580,193,7.0,mejorada,1,3,7665661379552511350,0,1,7,8,5,7,1,7,1,en_curso
580,193,8.0,mejorada,1,3,7665661379552511350,1,1,12,9,8,7,1,8,1,en_curso
580,193,9.0,mejorada,1,3,7665661379552511350,1,1,15,12,11,7,0,9,1,en_curso
580,193,10.0,mejorada,1,3,7665661379552511350,1,1,15,7,11,7,1,10,1,en_curso
580,193,11.0,mejorada,1,3,7665661379552511350,1,2,15,6,11,7,3,11,1,en_curso
580,193,12.0,mejorada,1,3,7665661379552511350,3,2,15,15,11,7,1,12,1,en_curso
580,193,13.0,mejorada,1,3,7665661379552511350,3,2,17,14,13,7,0,13,1,en_curso
580,193,14.0,mejorada,1,3,7665661379552511350,3,2,24,14,18,7,0,14,1,perdido
581,193,1.0,mejorada,1,4,7665661379552511350,0,0,0,10,0,0,4,1,1,en_curso
581,193,2.0,mejorada,1,4,7665661379552511350,0,0,2,7,2,0,2,2,1,en_curso
581,193,3.0,mejorada,1,4,7665661379552511350,0,0,2,6,2,3,4,3,1,en_curso
581,193,4.0,mejorada,1,4,7665661379552511350,0,1,2,8,2,5,4,4,1,en_curso
581,193,5.0,mejorada,1,4,7665661379552511350,1,2,10,10,8,5,3,5,1,en_curso
581,193,6.0,mejorada,1,4,7665661379552511350,1,2,10,12,8,6,1,6,1,en_curso
581,193,7.0,mejorada,1,4,7665661379552511350,1,2,10,9,8,6,1,7,1,en_curso
581,193,8.0,mejorada,1,4,7665661379552511350,2,3,10,7,8,6,3,8,1,en_curso
581,193,9.0,mejorada,1,4,7665661379552511350,2,3,10,8,8,7,2,9,1,en_curso
581,193,10.0,mejorada,1,4,7665661379552511350,2,4,16,6,14,8,3,10,1,perdido
582,194,1.0,mejorada,1,2,1413798279642752910,0,0,0,10,0,0,2,1,1,en_curso
582,194,2.0,mejorada,1,2,1413798279642752910,0,0,3,5,3,0,0,2,1,en_curso
582,194,3.0,mejorada,1,2,1413798279642752910,0,0,3,3,3,3,2,3,1,en_curso
582,194,4.0,mejorada,1,2,1413798279642752910,0,0,3,3,3,4,2,4,1,en_curso
582,194,5.0,mejorada,1,2,1413798279642752910,0,0,3,2,3,4,2,5,1,en_curso
582,194,6.0,mejorada,1,2,1413798279642752910,1,0,3,2,3,4,2,6,1,en_curso
582,194,7.0,mejorada,1,2,1413798279642752910,1,0,3,6,3,5,2,7,1,en_curso
582,194,8.0,mejorada,1,2,1413798279642752910,2,0,5,7,5,5,1,8,1,en_curso
582,194,9.0,mejorada,1,2,1413798279642752910,2,0,5,4,5,6,2,9,1,en_curso
582,194,10.0,mejorada,1,2,1413798279642752910,4,1,10,5,9,7,2,10,1,en_curso
582,194,11.0,mejorada,1,2,1413798279642752910,4,1,10,4,9,7,2,11,1,en_curso
582,194,12.0,mejorada,1,2,1413798279642752910,7,1,12,9,10,7,2,12,1,ganado
583,194,1.0,mejorada,1,3,1413798279642752910,0,0,0,10,0,0,3,1,1,en_curso
583,194,2.0,mejorada,1,3,1413798279642752910,0,0,3,6,3,0,1,2,1,en_curso
583,194,3.0,mejorada,1,3,1413798279642752910,0,0,3,4,3,3,3,3,1,en_curso
583,194,4.0,mejorada,1,3,1413798279642752910,0,0,5,7,5,4,3,4,1,en_curso
583,194,5.0,mejorada,1,3,1413798279642752910,0,0,7,8,7,5,3,5,1,en_curso
583,194,6.0,mejorada,1,3,1413798279642752910,1,0,7,5,7,5,3,6,1,en_curso
583,194,7.0,mejorada,1,3,1413798279642752910,1,0,7,7,7,6,3,7,1,en_curso
583,194,8.0,mejorada,1,3,1413798279642752910,2,0,9,13,9,6,1,8,1,en_curso
583,194,9.0,mejorada,1,3,1413798279642752910,2,0,9,10,9,6,0,9,1,en_curso
583,194,10.0,mejorada,1,3,1413798279642752910,2,2,15,13,13,6,0,10,1,en_curso
583,194,11.0,mejorada,1,3,1413798279642752910,2,2,15,13,13,7,0,11,1,en_curso
583,194,12.0,mejorada,1,3,1413798279642752910,2,2,24,10,19,8,1,12,1,perdido
584,194,1.0,mejorada,1,4,1413798279642752910,0,0,0,10,0,0,4,1,1,en_curso
584,194,2.0,mejorada,1,4,1413798279642752910,0,0,3,6,3,0,1,2,1,en_curso
584,194,3.0,mejorada,1,4,1413798279642752910,0,0,3,4,3,2,4,3,1,en_curso
584,194,4.0,mejorada,1,4,1413798279642752910,0,0,3,8,3,4,4,4,1,en_curso
584,194,5.0,mejorada,1,4,1413798279642752910,0,1,5,9,5,6,2,5,1,en_curso
584,194,6.0,mejorada,1,4,1413798279642752910,0,2,7,13,6,7,2,6,1,en_curso
584,194,7.0,mejorada,1,4,1413798279642752910,0,2,10,9,9,7,1,7,1,en_curso
584,194,8.0,mejorada,1,4,1413798279642752910,0,2,13,10,10,7,1,8,1,en_curso
584,194,9.0,mejorada,1,4,1413798279642752910,1,2,15,10,10,7,1,9,1,en_curso
584,194,10.0,mejorada,1,4,1413798279642752910,1,2,17,11,11,8,3,10,1,en_curso
584,194,11.0,mejorada,1,4,1413798279642752910,1,2,21,13,12,8,0,11,1,en_curso
584,194,12.0,mejorada,1,4,1413798279642752910,1,2,25,10,16,8,3,12,1,perdido
585,195,1.0,mejorada,1,2,1653458300556355730,0,0,0,10,0,0,2,1,1,en_curso
585,195,2.0,mejorada,1,2,1653458300556355730,0,0,5,7,5,1,1,2,1,en_curso
585,195,3.0,mejorada,1,2,1653458300556355730,1,0,5,5,5,2,2,3,1,en_curso
585,195,4.0,mejorada,1,2,1653458300556355730,1,1,5,4,5,6,2,4,1,en_curso
585,195,5.0,mejorada,1,2,1653458300556355730,1,1,7,6,7,6,2,5,1,en_curso
585,195,6.0,mejorada,1,2,1653458300556355730,1,1,7,4,7,7,2,6,1,en_curso
585,195,7.0,mejorada,1,2,1653458300556355730,2,1,7,1,7,7,2,7,1,en_curso
585,195,8.0,mejorada,1,2,1653458300556355730,2,2,8,8,8,7,2,8,1,en_curso
585,195,9.0,mejorada,1,2,1653458300556355730,3,2,8,8,8,7,2,9,1,en_curso
585,195,10.0,mejorada,1,2,1653458300556355730,3,2,11,8,11,7,2,10,1,en_curso
585,195,11.0,mejorada,1,2,1653458300556355730,3,2,11,4,11,7,2,11,1,en_curso
585,195,12.0,mejorada,1,2,1653458300556355730,5,2,14,7,12,8,2,12,1,en_curso
585,195,13.0,mejorada,1,2,1653458300556355730,5,2,14,5,12,8,2,13,1,en_curso
585,195,14.0,mejorada,1,2,1653458300556355730,5,2,14,5,12,8,2,14,1,en_curso
585,195,15.0,mejorada,1,2,1653458300556355730,7,2,14,1,12,8,2,15,1,ganado
586,195,1.0,mejorada,1,3,1653458300556355730,0,0,0,10,0,0,3,1,1,en_curso
586,195,2.0,mejorada,1,3,1653458300556355730,0,0,5,7,5,1,1,2,1,en_curso
586,195,3.0,mejorada,1,3,1653458300556355730,0,0,5,5,5,3,3,3,1,en_curso
586,195,4.0,mejorada,1,3,1653458300556355730,0,1,5,7,5,5,3,4,1,en_curso
586,195,5.0,mejorada,1,3,1653458300556355730,0,1,5,8,5,6,3,5,1,en_curso
586,195,6.0,mejorada,1,3,1653458300556355730,0,2,7,7,7,6,2,6,1,en_curso
586,195,7.0,mejorada,1,3,1653458300556355730,1,2,7,3,7,6,3,7,1,en_curso
586,195,8.0,mejorada,1,3,1653458300556355730,1,2,7,3,7,7,3,8,1,en_curso
586,195,9.0,mejorada,1,3,1653458300556355730,2,3,10,7,10,7,3,9,1,en_curso
586,195,10.0,mejorada,1,3,1653458300556355730,3,3,10,6,10,7,3,10,1,en_curso
586,195,11.0,mejorada,1,3,1653458300556355730,4,3,13,3,11,7,3,11,1,en_curso
586,195,12.0,mejorada,1,3,1653458300556355730,4,3,13,4,11,7,3,12,1,en_curso
586,195,13.0,mejorada,1,3,1653458300556355730,5,4,16,9,14,8,3,13,1,perdido
587,195,1.0,mejorada,1,4,1653458300556355730,0,0,0,10,0,0,4,1,1,en_curso
587,195,2.0,mejorada,1,4,1653458300556355730,0,0,5,8,5,2,2,2,1,en_curso
587,195,3.0,mejorada,1,4,1653458300556355730,0,0,9,11,8,4,1,3,1,en_curso
587,195,4.0,mejorada,1,4,1653458300556355730,0,1,14,10,10,5,1,4,1,en_curso
587,195,5.0,mejorada,1,4,1653458300556355730,0,1,15,10,10,5,0,5,1,en_curso
587,195,6.0,mejorada,1,4,1653458300556355730,1,1,15,8,10,5,3,6,1,en_curso
587,195,7.0,mejorada,1,4,1653458300556355730,1,1,17,11,12,5,1,7,1,en_curso
587,195,8.0,mejorada,1,4,1653458300556355730,1,1,20,9,13,7,0,8,1,en_curso
587,195,9.0,mejorada,1,4,1653458300556355730,1,2,20,9,13,7,2,9,1,en_curso
587,195,10.0,mejorada,1,4,1653458300556355730,2,2,26,8,15,8,3,10,1,perdido
588,196,1.0,mejorada,1,2,5528330478685303892,0,0,0,10,0,0,2,1,1,en_curso
588,196,2.0,mejorada,1,2,5528330478685303892,0,0,5,5,5,1,0,2,1,en_curso
588,196,3.0,mejorada,1,2,5528330478685303892,0,0,5,7,5,3,2,3,1,en_curso
588,196,4.0,mejorada,1,2,5528330478685303892,0,0,5,6,5,4,2,4,1,en_curso
588,196,5.0,mejorada,1,2,5528330478685303892,1,1,7,5,7,5,2,5,1,en_curso
588,196,6.0,mejorada,1,2,5528330478685303892,2,1,7,4,7,6,2,6,1,en_curso
588,196,7.0,mejorada,1,2,5528330478685303892,2,2,7,4,7,6,2,7,1,en_curso
588,196,8.0,mejorada,1,2,5528330478685303892,2,2,7,5,7,6,2,8,1,en_curso
588,196,9.0,mejorada,1,2,5528330478685303892,2,2,7,4,7,7,2,9,1,en_curso
588,196,10.0,mejorada,1,2,5528330478685303892,2,2,7,5,7,7,2,10,1,en_curso
588,196,11.0,mejorada,1,2,5528330478685303892,3,2,7,8,7,7,2,11,1,en_curso
588,196,12.0,mejorada,1,2,5528330478685303892,3,2,11,10,9,8,2,12,1,en_curso
588,196,13.0,mejorada,1,2,5528330478685303892,3,2,16,11,11,8,1,13,1,en_curso
588,196,14.0,mejorada,1,2,5528330478685303892,3,4,20,13,13,8,2,14,1,perdido
589,196,1.0,mejorada,1,3,5528330478685303892,0,0,0,10,0,0,3,1,1,en_curso
589,196,2.0,mejorada,1,3,5528330478685303892,0,0,5,6,5,1,1,2,1,en_curso
589,196,3.0,mejorada,1,3,5528330478685303892,0,0,5,9,5,3,2,3,1,en_curso
589,196,4.0,mejorada,1,3,5528330478685303892,0,0,6,7,6,5,1,4,1,en_curso
589,196,5.0,mejorada,1,3,5528330478685303892,0,1,6,8,6,6,3,5,1,en_curso
589,196,6.0,mejorada,1,3,5528330478685303892,0,1,6,6,6,6,3,6,1,en_curso
589,196,7.0,mejorada,1,3,5528330478685303892,0,2,6,7,6,6,3,7,1,en_curso
589,196,8.0,mejorada,1,3,5528330478685303892,1,2,7,11,7,6,2,8,1,en_curso
589,196,9.0,mejorada,1,3,5528330478685303892,1,5,17,14,15,6,1,9,1,perdido
590,196,1.0,mejorada,1,4,5528330478685303892,0,0,0,10,0,0,4,1,1,en_curso
590,196,2.0,mejorada,1,4,5528330478685303892,0,0,5,6,5,1,1,2,1,en_curso
590,196,3.0,mejorada,1,4,5528330478685303892,0,0,5,6,5,2,2,3,1,en_curso
590,196,4.0,mejorada,1,4,5528330478685303892,0,0,5,9,5,3,4,4,1,en_curso
590,196,5.0,mejorada,1,4,5528330478685303892,0,1,5,10,5,5,1,5,1,en_curso
590,196,6.0,mejorada,1,4,5528330478685303892,1,1,9,9,9,6,1,6,1,en_curso
590,196,7.0,mejorada,1,4,5528330478685303892,1,1,13,15,11,6,0,7,1,en_curso
590,196,8.0,mejorada,1,4,5528330478685303892,1,2,13,9,11,7,0,8,1,en_curso
590,196,9.0,mejorada,1,4,5528330478685303892,2,2,13,7,11,7,3,9,1,en_curso
590,196,10.0,mejorada,1,4,5528330478685303892,3,2,13,6,11,7,4,10,1,en_curso
590,196,11.0,mejorada,1,4,5528330478685303892,4,2,13,11,11,7,3,11,1,en_curso
590,196,12.0,mejorada,1,4,5528330478685303892,4,2,13,10,11,7,2,12,1,en_curso
590,196,13.0,mejorada,1,4,5528330478685303892,4,3,20,15,15,8,2,13,1,en_curso
590,196,14.0,mejorada,1,4,5528330478685303892,6,3,26,16,19,8,2,14,1,perdido
591,197,1.0,mejorada,1,2,8066411071954915232,0,0,0,10,0,0,2,1,1,en_curso
591,197,2.0,mejorada,1,2,8066411071954915232,0,0,2,8,2,0,1,2,1,en_curso
591,197,3.0,mejorada,1,2,8066411071954915232,0,0,11,5,9,4,2,3,1,en_curso
591,197,4.0,mejorada,1,2,8066411071954915232,0,0,12,4,10,6,2,4,1,en_curso
591,197,5.0,mejorada,1,2,8066411071954915232,0,0,12,0,10,6,2,5,1,en_curso
591,197,6.0,mejorada,1,2,8066411071954915232,1,0,12,1,10,6,2,6,1,en_curso
591,197,7.0,mejorada,1,2,8066411071954915232,1,0,12,0,10,6,2,7,1,en_curso
591,197,8.0,mejorada,1,2,8066411071954915232,1,1,12,5,10,6,2,8,1,en_curso
591,197,9.0,mejorada,1,2,8066411071954915232,2,1,12,5,10,6,2,9,1,en_curso
591,197,10.0,mejorada,1,2,8066411071954915232,3,1,12,6,10,7,2,10,1,en_curso
591,197,11.0,mejorada,1,2,8066411071954915232,3,1,13,8,11,7,2,11,1,en_curso
591,197,12.0,mejorada,1,2,8066411071954915232,3,1,15,12,13,7,2,12,1,en_curso
591,197,13.0,mejorada,1,2,8066411071954915232,3,2,18,14,14,7,1,13,1,en_curso
591,197,14.0,mejorada,1,2,8066411071954915232,5,2,25,19,20,7,1,14,1,perdido
592,197,1.0,mejorada,1,3,8066411071954915232,0,0,0,10,0,0,3,1,1,en_curso
592,197,2.0,mejorada,1,3,8066411071954915232,0,0,2,10,2,0,2,2,1,en_curso
592,197,3.0,mejorada,1,3,8066411071954915232,0,0,6,5,4,4,2,3,1,en_curso
592,197,4.0,mejorada,1,3,8066411071954915232,0,0,6,5,4,5,3,4,1,en_curso
592,197,5.0,mejorada,1,3,8066411071954915232,0,0,6,7,4,5,3,5,1,en_curso
592,197,6.0,mejorada,1,3,8066411071954915232,0,0,6,6,4,7,3,6,1,en_curso
592,197,7.0,mejorada,1,3,8066411071954915232,1,0,8,10,5,7,3,7,1,en_curso
592,197,8.0,mejorada,1,3,8066411071954915232,2,0,13,18,9,7,2,8,1,en_curso
592,197,9.0,mejorada,1,3,8066411071954915232,2,1,18,22,13,7,1,9,1,en_curso
592,197,10.0,mejorada,1,3,8066411071954915232,2,3,25,25,18,7,0,10,1,perdido
593,197,1.0,mejorada,1,4,8066411071954915232,0,0,0,10,0,0,4,1,1,en_curso
593,197,2.0,mejorada,1,4,8066411071954915232,0,0,2,10,2,0,2,2,1,en_curso
593,197,3.0,mejorada,1,4,8066411071954915232,0,0,6,6,4,3,3,3,1,en_curso
593,197,4.0,mejorada,1,4,8066411071954915232,0,0,7,8,4,5,4,4,1,en_curso
593,197,5.0,mejorada,1,4,8066411071954915232,0,1,11,16,7,7,0,5,1,en_curso
593,197,6.0,mejorada,1,4,8066411071954915232,0,2,13,16,9,7,0,6,1,en_curso
593,197,7.0,mejorada,1,4,8066411071954915232,0,2,17,14,11,7,0,7,1,en_curso
593,197,8.0,mejorada,1,4,8066411071954915232,0,2,25,19,17,7,0,8,1,perdido
594,198,1.0,mejorada,1,2,1811790002820711025,0,0,0,10,0,0,2,1,1,en_curso
594,198,2.0,mejorada,1,2,1811790002820711025,0,0,2,7,2,1,2,2,1,en_curso
594,198,3.0,mejorada,1,2,1811790002820711025,0,0,2,7,2,6,2,3,1,en_curso
594,198,4.0,mejorada,1,2,1811790002820711025,0,0,2,3,2,8,2,4,1,en_curso
594,198,5.0,mejorada,1,2,1811790002820711025,1,0,2,4,2,8,2,5,1,en_curso
594,198,6.0,mejorada,1,2,1811790002820711025,1,0,2,1,2,8,2,6,1,en_curso
594,198,7.0,mejorada,1,2,1811790002820711025,2,1,3,7,3,8,2,7,1,en_curso
594,198,8.0,mejorada,1,2,1811790002820711025,3,1,9,11,7,8,2,8,1,en_curso
594,198,9.0,mejorada,1,2,1811790002820711025,3,1,13,10,8,8,0,9,1,en_curso
594,198,10.0,mejorada,1,2,1811790002820711025,3,1,16,5,11,8,2,10,1,en_curso
594,198,11.0,mejorada,1,2,1811790002820711025,3,1,16,2,11,8,2,11,1,en_curso
594,198,12.0,mejorada,1,2,1811790002820711025,3,1,16,0,11,8,2,12,1,en_curso
594,198,13.0,mejorada,1,2,1811790002820711025,4,1,16,0,11,8,2,13,1,en_curso
594,198,14.0,mejorada,1,2,1811790002820711025,4,1,16,6,11,8,2,14,1,en_curso
594,198,15.0,mejorada,1,2,1811790002820711025,4,3,18,6,13,8,2,15,1,en_curso
594,198,16.0,mejorada,1,2,1811790002820711025,4,3,25,13,18,8,2,16,1,perdido
595,198,1.0,mejorada,1,3,1811790002820711025,0,0,0,10,0,0,3,1,1,en_curso
595,198,2.0,mejorada,1,3,1811790002820711025,0,0,2,8,2,1,3,2,1,en_curso
595,198,3.0,mejorada,1,3,1811790002820711025,0,0,3,9,3,3,1,3,1,en_curso
595,198,4.0,mejorada,1,3,1811790002820711025,1,0,3,5,3,5,3,4,1,en_curso
595,198,5.0,mejorada,1,3,1811790002820711025,2,0,3,6,3,5,3,5,1,en_curso
595,198,6.0,mejorada,1,3,1811790002820711025,3,1,3,8,3,6,3,6,1,en_curso
595,198,7.0,mejorada,1,3,1811790002820711025,4,1,3,7,3,7,3,7,1,en_curso
595,198,8.0,mejorada,1,3,1811790002820711025,4,2,9,18,9,7,1,8,1,en_curso
595,198,9.0,mejorada,1,3,1811790002820711025,4,4,16,13,15,7,0,9,1,perdido
596,198,1.0,mejorada,1,4,1811790002820711025,0,0,0,10,0,0,4,1,1,en_curso
596,198,2.0,mejorada,1,4,1811790002820711025,0,0,2,8,2,1,3,2,1,en_curso
596,198,3.0,mejorada,1,4,1811790002820711025,0,0,3,9,3,3,1,3,1,en_curso
596,198,4.0,mejorada,1,4,1811790002820711025,1,0,3,5,3,5,3,4,1,en_curso
596,198,5.0,mejorada,1,4,1811790002820711025,2,0,3,8,3,5,4,5,1,en_curso
596,198,6.0,mejorada,1,4,1811790002820711025,3,1,3,12,3,5,4,6,1,en_curso
596,198,7.0,mejorada,1,4,1811790002820711025,4,1,3,10,3,5,1,7,1,en_curso
596,198,8.0,mejorada,1,4,1811790002820711025,4,1,6,9,6,6,1,8,1,en_curso
596,198,9.0,mejorada,1,4,1811790002820711025,4,1,12,11,9,7,2,9,1,en_curso
596,198,10.0,mejorada,1,4,1811790002820711025,4,2,13,9,10,7,2,10,1,en_curso
596,198,11.0,mejorada,1,4,1811790002820711025,4,2,13,8,10,7,3,11,1,en_curso
596,198,12.0,mejorada,1,4,1811790002820711025,4,2,16,8,12,8,4,12,1,en_curso
596,198,13.0,mejorada,1,4,1811790002820711025,4,2,16,9,12,8,3,13,1,en_curso
596,198,14.0,mejorada,1,4,1811790002820711025,6,2,17,11,13,8,3,14,1,en_curso
596,198,15.0,mejorada,1,4,1811790002820711025,6,3,20,21,15,8,0,15,1,en_curso
596,198,16.0,mejorada,1,4,1811790002820711025,6,3,25,19,20,8,0,16,1,perdido
597,199,1.0,mejorada,1,2,2862230687000802517,0,0,0,10,0,0,2,1,1,en_curso
597,199,2.0,mejorada,1,2,2862230687000802517,0,0,0,6,0,1,2,2,1,en_curso
597,199,3.0,mejorada,1,2,2862230687000802517,0,0,0,3,0,6,2,3,1,en_curso
597,199,4.0,mejorada,1,2,2862230687000802517,0,0,2,5,2,6,2,4,1,en_curso
597,199,5.0,mejorada,1,2,2862230687000802517,0,0,4,5,3,6,2,5,1,en_curso
597,199,6.0,mejorada,1,2,2862230687000802517,0,0,6,5,4,6,2,6,1,en_curso
597,199,7.0,mejorada,1,2,2862230687000802517,1,0,8,6,6,6,2,7,1,en_curso
597,199,8.0,mejorada,1,2,2862230687000802517,2,0,8,9,6,7,2,8,1,en_curso
597,199,9.0,mejorada,1,2,2862230687000802517,2,0,8,8,6,7,2,9,1,en_curso
597,199,10.0,mejorada,1,2,2862230687000802517,2,1,13,10,11,7,1,10,1,en_curso
597,199,11.0,mejorada,1,2,2862230687000802517,2,1,13,8,11,7,2,11,1,en_curso
597,199,12.0,mejorada,1,2,2862230687000802517,2,2,13,10,11,7,2,12,1,en_curso
597,199,13.0,mejorada,1,2,2862230687000802517,2,3,13,13,11,7,1,13,1,en_curso
597,199,14.0,mejorada,1,2,2862230687000802517,2,3,13,7,11,7,0,14,1,en_curso
597,199,15.0,mejorada,1,2,2862230687000802517,3,3,13,6,11,7,2,15,1,en_curso
597,199,16.0,mejorada,1,2,2862230687000802517,5,3,13,9,11,7,2,16,1,en_curso
597,199,17.0,mejorada,1,2,2862230687000802517,6,3,13,6,11,8,2,17,1,en_curso
597,199,18.0,mejorada,1,2,2862230687000802517,6,3,19,13,16,8,0,18,1,en_curso
597,199,19.0,mejorada,1,2,2862230687000802517,6,3,24,12,17,8,0,19,1,perdido
598,199,1.0,mejorada,1,3,2862230687000802517,0,0,0,10,0,0,3,1,1,en_curso
598,199,2.0,mejorada,1,3,2862230687000802517,0,0,0,6,0,1,2,2,1,en_curso
598,199,3.0,mejorada,1,3,2862230687000802517,0,0,0,3,0,6,3,3,1,en_curso
598,199,4.0,mejorada,1,3,2862230687000802517,0,0,4,9,3,6,3,4,1,en_curso
598,199,5.0,mejorada,1,3,2862230687000802517,0,0,6,9,4,6,2,5,1,en_curso
598,199,6.0,mejorada,1,3,2862230687000802517,0,0,8,11,5,6,2,6,1,en_curso
598,199,7.0,mejorada,1,3,2862230687000802517,1,0,11,9,6,6,3,7,1,en_curso
598,199,8.0,mejorada,1,3,2862230687000802517,2,1,11,15,6,7,2,8,1,en_curso
598,199,9.0,mejorada,1,3,2862230687000802517,3,2,11,14,6,7,1,9,1,en_curso
598,199,10.0,mejorada,1,3,2862230687000802517,3,2,14,20,9,8,0,10,1,en_curso
598,199,11.0,mejorada,1,3,2862230687000802517,3,3,26,17,15,8,0,11,1,perdido
599,199,1.0,mejorada,1,4,2862230687000802517,0,0,0,10,0,0,4,1,1,en_curso
599,199,2.0,mejorada,1,4,2862230687000802517,0,0,0,7,0,1,3,2,1,en_curso
599,199,3.0,mejorada,1,4,2862230687000802517,0,0,0,4,0,7,3,3,1,en_curso
599,199,4.0,mejorada,1,4,2862230687000802517,0,0,7,10,6,7,1,4,1,en_curso
599,199,5.0,mejorada,1,4,2862230687000802517,0,0,8,11,6,7,0,5,1,en_curso
599,199,6.0,mejorada,1,4,2862230687000802517,0,0,11,12,8,7,0,6,1,en_curso
599,199,7.0,mejorada,1,4,2862230687000802517,0,0,11,9,8,7,1,7,1,en_curso
599,199,8.0,mejorada,1,4,2862230687000802517,0,0,12,7,9,7,1,8,1,en_curso
599,199,9.0,mejorada,1,4,2862230687000802517,0,0,14,9,11,7,4,9,1,en_curso
599,199,10.0,mejorada,1,4,2862230687000802517,0,0,14,10,11,7,2,10,1,en_curso
599,199,11.0,mejorada,1,4,2862230687000802517,1,0,16,10,11,7,2,11,1,en_curso
599,199,12.0,mejorada,1,4,2862230687000802517,2,0,16,10,11,7,3,12,1,en_curso
599,199,13.0,mejorada,1,4,2862230687000802517,2,0,24,16,14,7,0,13,1,perdido
600,200,1.0,mejorada,1,2,7170294046349287546,0,0,0,10,0,0,2,1,1,en_curso
600,200,2.0,mejorada,1,2,7170294046349287546,0,0,0,4,0,0,0,2,1,en_curso
600,200,3.0,mejorada,1,2,7170294046349287546,0,0,0,3,0,4,2,3,1,en_curso
600,200,4.0,mejorada,1,2,7170294046349287546,0,0,0,0,0,6,2,4,1,en_curso
600,200,5.0,mejorada,1,2,7170294046349287546,0,0,0,0,0,7,2,5,1,en_curso
600,200,6.0,mejorada,1,2,7170294046349287546,0,0,0,0,0,7,2,6,1,en_curso
600,200,7.0,mejorada,1,2,7170294046349287546,1,0,0,0,0,7,2,7,1,en_curso
600,200,8.0,mejorada,1,2,7170294046349287546,2,0,0,0,0,7,2,8,1,en_curso
600,200,9.0,mejorada,1,2,7170294046349287546,3,0,0,0,0,7,2,9,1,en_curso
600,200,10.0,mejorada,1,2,7170294046349287546,3,0,0,3,0,7,2,10,1,en_curso
600,200,11.0,mejorada,1,2,7170294046349287546,3,0,0,4,0,7,2,11,1,en_curso
600,200,12.0,mejorada,1,2,7170294046349287546,3,0,0,3,0,7,2,12,1,en_curso
600,200,13.0,mejorada,1,2,7170294046349287546,4,0,2,6,2,7,2,13,1,en_curso
600,200,14.0,mejorada,1,2,7170294046349287546,4,1,8,10,7,7,1,14,1,en_curso
600,200,15.0,mejorada,1,2,7170294046349287546,4,1,12,11,9,7,2,15,1,en_curso
600,200,16.0,mejorada,1,2,7170294046349287546,4,1,14,8,10,7,0,16,1,en_curso
600,200,17.0,mejorada,1,2,7170294046349287546,4,2,14,10,10,7,1,17,1,en_curso
600,200,18.0,mejorada,1,2,7170294046349287546,4,2,14,8,10,7,1,18,1,en_curso
600,200,19.0,mejorada,1,2,7170294046349287546,4,4,18,10,14,7,2,19,1,perdido
601,200,1.0,mejorada,1,3,7170294046349287546,0,0,0,10,0,0,3,1,1,en_curso
601,200,2.0,mejorada,1,3,7170294046349287546,0,0,0,6,0,0,1,2,1,en_curso
601,200,3.0,mejorada,1,3,7170294046349287546,0,0,0,5,0,4,3,3,1,en_curso
601,200,4.0,mejorada,1,3,7170294046349287546,0,1,0,6,0,6,3,4,1,en_curso
601,200,5.0,mejorada,1,3,7170294046349287546,0,1,2,6,2,7,3,5,1,en_curso
601,200,6.0,mejorada,1,3,7170294046349287546,2,1,5,6,4,7,3,6,1,en_curso
601,200,7.0,mejorada,1,3,7170294046349287546,2,1,5,4,4,7,3,7,1,en_curso
601,200,8.0,mejorada,1,3,7170294046349287546,3,1,5,3,4,7,3,8,1,en_curso
601,200,9.0,mejorada,1,3,7170294046349287546,4,1,5,1,4,7,3,9,1,en_curso
601,200,10.0,mejorada,1,3,7170294046349287546,5,1,5,0,4,7,3,10,1,en_curso
601,200,11.0,mejorada,1,3,7170294046349287546,5,1,5,1,4,7,3,11,1,en_curso
601,200,12.0,mejorada,1,3,7170294046349287546,6,1,5,2,4,7,3,12,1,en_curso
601,200,13.0,mejorada,1,3,7170294046349287546,8,2,8,10,7,7,2,13,1,ganado
602,200,1.0,mejorada,1,4,7170294046349287546,0,0,0,10,0,0,4,1,1,en_curso
602,200,2.0,mejorada,1,4,7170294046349287546,0,0,0,12,0,0,2,2,1,en_curso
602,200,3.0,mejorada,1,4,7170294046349287546,0,0,2,11,2,2,0,3,1,en_curso
602,200,4.0,mejorada,1,4,7170294046349287546,0,1,4,14,4,4,0,4,1,en_curso
602,200,5.0,mejorada,1,4,7170294046349287546,0,2,6,9,4,5,0,5,1,en_curso
602,200,6.0,mejorada,1,4,7170294046349287546,0,2,6,8,4,5,0,6,1,en_curso
602,200,7.0,mejorada,1,4,7170294046349287546,0,2,9,6,7,5,4,7,1,en_curso
602,200,8.0,mejorada,1,4,7170294046349287546,0,2,9,3,7,6,4,8,1,en_curso
602,200,9.0,mejorada,1,4,7170294046349287546,0,3,15,7,10,6,4,9,1,en_curso
602,200,10.0,mejorada,1,4,7170294046349287546,0,3,18,5,13,7,4,10,1,en_curso
602,200,11.0,mejorada,1,4,7170294046349287546,4,4,21,9,15,7,4,11,1,perdido
603,201,1.0,mejorada,1,2,8963516682807242371,0,0,0,10,0,0,2,1,1,en_curso
603,201,2.0,mejorada,1,2,8963516682807242371,0,0,5,7,5,0,1,2,1,en_curso
603,201,3.0,mejorada,1,2,8963516682807242371,0,0,5,4,5,3,2,3,1,en_curso
603,201,4.0,mejorada,1,2,8963516682807242371,0,0,5,0,5,5,2,4,1,en_curso
603,201,5.0,mejorada,1,2,8963516682807242371,0,0,5,1,5,5,2,5,1,en_curso
603,201,6.0,mejorada,1,2,8963516682807242371,0,0,5,0,5,6,2,6,1,en_curso
603,201,7.0,mejorada,1,2,8963516682807242371,1,0,5,1,5,6,2,7,1,en_curso
603,201,8.0,mejorada,1,2,8963516682807242371,2,0,5,2,5,7,2,8,1,en_curso
603,201,9.0,mejorada,1,2,8963516682807242371,2,0,5,1,5,7,2,9,1,en_curso
603,201,10.0,mejorada,1,2,8963516682807242371,2,0,5,0,5,7,2,10,1,en_curso
603,201,11.0,mejorada,1,2,8963516682807242371,2,0,5,1,5,7,2,11,1,en_curso
603,201,12.0,mejorada,1,2,8963516682807242371,2,0,5,0,5,7,2,12,1,en_curso
603,201,13.0,mejorada,1,2,8963516682807242371,3,0,5,0,5,7,2,13,1,en_curso
603,201,14.0,mejorada,1,2,8963516682807242371,4,0,5,2,5,7,2,14,1,en_curso
603,201,15.0,mejorada,1,2,8963516682807242371,4,0,5,1,5,7,2,15,1,en_curso
603,201,16.0,mejorada,1,2,8963516682807242371,4,0,5,2,5,8,2,16,1,en_curso
603,201,17.0,mejorada,1,2,8963516682807242371,4,0,5,1,5,8,2,17,1,en_curso
603,201,18.0,mejorada,1,2,8963516682807242371,4,0,5,1,5,8,2,18,1,en_curso
603,201,19.0,mejorada,1,2,8963516682807242371,5,0,5,0,5,8,2,19,1,en_curso
603,201,20.0,mejorada,1,2,8963516682807242371,5,0,5,0,5,8,2,20,1,en_curso
603,201,21.0,mejorada,1,2,8963516682807242371,6,1,5,5,5,8,2,21,1,en_curso
603,201,22.0,mejorada,1,2,8963516682807242371,7,2,5,5,5,8,2,22,1,ganado
604,201,1.0,mejorada,1,3,8963516682807242371,0,0,0,10,0,0,3,1,1,en_curso
604,201,2.0,mejorada,1,3,8963516682807242371,0,0,5,8,5,0,2,2,1,en_curso
604,201,3.0,mejorada,1,3,8963516682807242371,0,0,5,7,5,3,3,3,1,en_curso
604,201,4.0,mejorada,1,3,8963516682807242371,0,0,5,5,5,6,3,4,1,en_curso
604,201,5.0,mejorada,1,3,8963516682807242371,0,0,5,4,5,7,3,5,1,en_curso
604,201,6.0,mejorada,1,3,8963516682807242371,0,0,5,3,5,7,3,6,1,en_curso
604,201,7.0,mejorada,1,3,8963516682807242371,1,0,5,1,5,7,3,7,1,en_curso
604,201,8.0,mejorada,1,3,8963516682807242371,3,0,5,0,5,7,3,8,1,en_curso
604,201,9.0,mejorada,1,3,8963516682807242371,4,0,5,0,5,7,3,9,1,en_curso
604,201,10.0,mejorada,1,3,8963516682807242371,4,0,5,0,5,7,3,10,1,en_curso
604,201,11.0,mejorada,1,3,8963516682807242371,4,0,5,2,5,7,3,11,1,en_curso
604,201,12.0,mejorada,1,3,8963516682807242371,4,0,5,9,5,7,3,12,1,en_curso
604,201,13.0,mejorada,1,3,8963516682807242371,5,0,9,14,9,7,3,13,1,en_curso
604,201,14.0,mejorada,1,3,8963516682807242371,5,0,14,12,12,7,2,14,1,en_curso
604,201,15.0,mejorada,1,3,8963516682807242371,7,0,21,16,16,8,2,15,1,ganado
605,201,1.0,mejorada,1,4,8963516682807242371,0,0,0,10,0,0,4,1,1,en_curso
605,201,2.0,mejorada,1,4,8963516682807242371,0,0,5,8,5,0,2,2,1,en_curso
605,201,3.0,mejorada,1,4,8963516682807242371,0,0,7,8,6,3,3,3,1,en_curso
605,201,4.0,mejorada,1,4,8963516682807242371,0,0,7,7,6,6,3,4,1,en_curso
605,201,5.0,mejorada,1,4,8963516682807242371,0,0,7,8,6,7,4,5,1,en_curso
605,201,6.0,mejorada,1,4,8963516682807242371,0,0,10,7,8,7,3,6,1,en_curso
605,201,7.0,mejorada,1,4,8963516682807242371,1,1,10,11,8,7,4,7,1,en_curso
605,201,8.0,mejorada,1,4,8963516682807242371,1,1,10,10,8,7,1,8,1,en_curso
605,201,9.0,mejorada,1,4,8963516682807242371,1,2,16,15,12,7,1,9,1,en_curso
605,201,10.0,mejorada,1,4,8963516682807242371,1,3,18,18,14,7,0,10,1,en_curso
605,201,11.0,mejorada,1,4,8963516682807242371,1,3,26,23,20,7,0,11,1,perdido
606,202,1.0,mejorada,1,2,4618522254520175249,0,0,0,10,0,0,2,1,1,en_curso
606,202,2.0,mejorada,1,2,4618522254520175249,0,0,0,3,0,1,1,2,1,en_curso
606,202,3.0,mejorada,1,2,4618522254520175249,0,0,0,0,0,5,2,3,1,en_curso
606,202,4.0,mejorada,1,2,4618522254520175249,0,0,0,3,0,6,2,4,1,en_curso
606,202,5.0,mejorada,1,2,4618522254520175249,0,0,0,3,0,6,2,5,1,en_curso
606,202,6.0,mejorada,1,2,4618522254520175249,0,0,0,2,0,6,2,6,1,en_curso
606,202,7.0,mejorada,1,2,4618522254520175249,0,0,0,1,0,6,2,7,1,en_curso
606,202,8.0,mejorada,1,2,4618522254520175249,0,2,0,3,0,7,2,8,1,en_curso
606,202,9.0,mejorada,1,2,4618522254520175249,2,2,0,4,0,7,2,9,1,en_curso
606,202,10.0,mejorada,1,2,4618522254520175249,2,4,1,9,1,8,2,10,1,perdido
607,202,1.0,mejorada,1,3,4618522254520175249,0,0,0,10,0,0,3,1,1,en_curso
607,202,2.0,mejorada,1,3,4618522254520175249,0,0,2,10,2,0,2,2,1,en_curso
607,202,3.0,mejorada,1,3,4618522254520175249,0,0,2,8,2,5,1,3,1,en_curso
607,202,4.0,mejorada,1,3,4618522254520175249,0,0,4,11,4,5,0,4,1,en_curso
607,202,5.0,mejorada,1,3,4618522254520175249,0,0,11,13,8,5,0,5,1,en_curso
607,202,6.0,mejorada,1,3,4618522254520175249,0,0,17,11,12,5,0,6,1,en_curso
607,202,7.0,mejorada,1,3,4618522254520175249,0,0,20,6,15,5,1,7,1,en_curso
607,202,8.0,mejorada,1,3,4618522254520175249,1,2,24,12,16,5,3,8,1,perdido
608,202,1.0,mejorada,1,4,4618522254520175249,0,0,0,10,0,0,4,1,1,en_curso
608,202,2.0,mejorada,1,4,4618522254520175249,0,0,2,10,2,0,2,2,1,en_curso
608,202,3.0,mejorada,1,4,4618522254520175249,0,0,2,8,2,5,1,3,1,en_curso
608,202,4.0,mejorada,1,4,4618522254520175249,0,0,4,11,4,5,0,4,1,en_curso
608,202,5.0,mejorada,1,4,4618522254520175249,0,0,11,13,8,5,0,5,1,en_curso
608,202,6.0,mejorada,1,4,4618522254520175249,0,0,17,11,12,5,0,6,1,en_curso
608,202,7.0,mejorada,1,4,4618522254520175249,0,0,20,7,15,5,2,7,1,en_curso
608,202,8.0,mejorada,1,4,4618522254520175249,1,1,24,13,16,5,2,8,1,perdido
609,203,1.0,mejorada,1,2,1327220201204445598,0,0,0,10,0,0,2,1,1,en_curso
609,203,2.0,mejorada,1,2,1327220201204445598,0,0,2,7,2,0,1,2,1,en_curso
609,203,3.0,mejorada,1,2,1327220201204445598,0,0,2,5,2,4,2,3,1,en_curso
609,203,4.0,mejorada,1,2,1327220201204445598,0,0,2,1,2,5,2,4,1,en_curso
609,203,5.0,mejorada,1,2,1327220201204445598,0,0,2,0,2,6,2,5,1,en_curso
609,203,6.0,mejorada,1,2,1327220201204445598,0,0,2,0,2,6,2,6,1,en_curso
609,203,7.0,mejorada,1,2,1327220201204445598,1,0,2,4,2,6,2,7,1,en_curso
609,203,8.0,mejorada,1,2,1327220201204445598,1,1,2,3,2,7,2,8,1,en_curso
609,203,9.0,mejorada,1,2,1327220201204445598,1,1,2,4,2,7,2,9,1,en_curso
609,203,10.0,mejorada,1,2,1327220201204445598,2,1,2,4,2,7,2,10,1,en_curso
609,203,11.0,mejorada,1,2,1327220201204445598,2,1,2,1,2,7,2,11,1,en_curso
609,203,12.0,mejorada,1,2,1327220201204445598,3,1,2,1,2,7,2,12,1,en_curso
609,203,13.0,mejorada,1,2,1327220201204445598,4,2,5,7,5,7,2,13,1,en_curso
609,203,14.0,mejorada,1,2,1327220201204445598,4,2,8,6,7,7,2,14,1,en_curso
609,203,15.0,mejorada,1,2,1327220201204445598,4,2,10,10,9,7,2,15,1,en_curso
609,203,16.0,mejorada,1,2,1327220201204445598,5,2,10,9,9,7,1,16,1,en_curso
609,203,17.0,mejorada,1,2,1327220201204445598,5,4,16,16,13,8,1,17,1,perdido
610,203,1.0,mejorada,1,3,1327220201204445598,0,0,0,10,0,0,3,1,1,en_curso
610,203,2.0,mejorada,1,3,1327220201204445598,0,0,2,8,2,0,2,2,1,en_curso
610,203,3.0,mejorada,1,3,1327220201204445598,0,0,5,7,4,2,3,3,1,en_curso
610,203,4.0,mejorada,1,3,1327220201204445598,0,0,5,4,4,4,3,4,1,en_curso
610,203,5.0,mejorada,1,3,1327220201204445598,1,0,5,5,4,5,3,5,1,en_curso
610,203,6.0,mejorada,1,3,1327220201204445598,2,0,5,7,4,6,3,6,1,en_curso
610,203,7.0,mejorada,1,3,1327220201204445598,3,0,6,7,4,6,2,7,1,en_curso
610,203,8.0,mejorada,1,3,1327220201204445598,3,0,6,3,4,6,3,8,1,en_curso
610,203,9.0,mejorada,1,3,1327220201204445598,4,4,6,10,4,6,3,9,1,perdido
611,203,1.0,mejorada,1,4,1327220201204445598,0,0,0,10,0,0,4,1,1,en_curso
611,203,2.0,mejorada,1,4,1327220201204445598,0,0,2,8,2,0,2,2,1,en_curso
611,203,3.0,mejorada,1,4,1327220201204445598,0,0,5,6,4,3,3,3,1,en_curso
611,203,4.0,mejorada,1,4,1327220201204445598,0,0,7,12,4,3,1,4,1,en_curso
611,203,5.0,mejorada,1,4,1327220201204445598,0,0,7,9,4,3,1,5,1,en_curso
611,203,6.0,mejorada,1,4,1327220201204445598,0,0,7,8,4,3,3,6,1,en_curso
611,203,7.0,mejorada,1,4,1327220201204445598,1,0,7,11,4,5,2,7,1,en_curso
611,203,8.0,mejorada,1,4,1327220201204445598,1,0,7,7,4,5,1,8,1,en_curso
611,203,9.0,mejorada,1,4,1327220201204445598,2,4,24,18,14,8,2,9,1,perdido
612,204,1.0,mejorada,1,2,128539566345389180,0,0,0,10,0,0,2,1,1,en_curso
612,204,2.0,mejorada,1,2,128539566345389180,0,0,0,5,0,0,2,2,1,en_curso
612,204,3.0,mejorada,1,2,128539566345389180,0,0,2,7,2,5,2,3,1,en_curso
612,204,4.0,mejorada,1,2,128539566345389180,0,0,2,3,2,5,2,4,1,en_curso
612,204,5.0,mejorada,1,2,128539566345389180,0,0,2,2,2,6,2,5,1,en_curso
612,204,6.0,mejorada,1,2,128539566345389180,0,0,2,1,2,7,2,6,1,en_curso
612,204,7.0,mejorada,1,2,128539566345389180,2,0,2,2,2,7,2,7,1,en_curso
612,204,8.0,mejorada,1,2,128539566345389180,3,0,2,2,2,7,2,8,1,en_curso
612,204,9.0,mejorada,1,2,128539566345389180,5,0,2,0,2,7,2,9,1,en_curso
612,204,10.0,mejorada,1,2,128539566345389180,5,0,2,4,2,7,2,10,1,en_curso
612,204,11.0,mejorada,1,2,128539566345389180,5,0,2,0,2,7,2,11,1,en_curso
612,204,12.0,mejorada,1,2,128539566345389180,5,0,2,0,2,7,2,12,1,en_curso
612,204,13.0,mejorada,1,2,128539566345389180,7,0,2,0,2,7,2,13,1,ganado
613,204,1.0,mejorada,1,3,128539566345389180,0,0,0,10,0,0,3,1,1,en_curso
613,204,2.0,mejorada,1,3,128539566345389180,0,0,0,5,0,0,2,2,1,en_curso
613,204,3.0,mejorada,1,3,128539566345389180,0,0,2,7,2,5,3,3,1,en_curso
613,204,4.0,mejorada,1,3,128539566345389180,0,0,2,3,2,6,3,4,1,en_curso
613,204,5.0,mejorada,1,3,128539566345389180,0,0,2,5,2,6,3,5,1,en_curso
613,204,6.0,mejorada,1,3,128539566345389180,0,0,5,4,3,6,3,6,1,en_curso
613,204,7.0,mejorada,1,3,128539566345389180,2,0,6,6,4,6,3,7,1,en_curso
613,204,8.0,mejorada,1,3,128539566345389180,2,0,8,11,6,7,3,8,1,en_curso
613,204,9.0,mejorada,1,3,128539566345389180,3,1,16,10,11,7,2,9,1,en_curso
613,204,10.0,mejorada,1,3,128539566345389180,4,2,18,11,12,7,3,10,1,en_curso
613,204,11.0,mejorada,1,3,128539566345389180,6,2,24,13,16,7,2,11,1,perdido
614,204,1.0,mejorada,1,4,128539566345389180,0,0,0,10,0,0,4,1,1,en_curso
614,204,2.0,mejorada,1,4,128539566345389180,0,0,0,6,0,0,3,2,1,en_curso
614,204,3.0,mejorada,1,4,128539566345389180,0,0,2,8,2,5,3,3,1,en_curso
614,204,4.0,mejorada,1,4,128539566345389180,0,0,4,8,3,7,1,4,1,en_curso
614,204,5.0,mejorada,1,4,128539566345389180,0,0,4,8,3,7,4,5,1,en_curso
614,204,6.0,mejorada,1,4,128539566345389180,0,1,6,7,3,7,3,6,1,en_curso
614,204,7.0,mejorada,1,4,128539566345389180,1,1,7,9,4,7,4,7,1,en_curso
614,204,8.0,mejorada,1,4,128539566345389180,3,1,7,12,4,7,4,8,1,en_curso
614,204,9.0,mejorada,1,4,128539566345389180,5,2,11,16,8,7,3,9,1,en_curso
614,204,10.0,mejorada,1,4,128539566345389180,6,2,24,25,16,7,1,10,1,perdido
615,205,1.0,mejorada,1,2,2118203005186523722,0,0,0,10,0,0,2,1,1,en_curso
615,205,2.0,mejorada,1,2,2118203005186523722,0,0,2,6,2,0,1,2,1,en_curso
615,205,3.0,mejorada,1,2,2118203005186523722,0,0,2,3,2,4,2,3,1,en_curso
615,205,4.0,mejorada,1,2,2118203005186523722,0,0,2,2,2,5,2,4,1,en_curso
615,205,5.0,mejorada,1,2,2118203005186523722,0,0,2,1,2,6,2,5,1,en_curso
615,205,6.0,mejorada,1,2,2118203005186523722,1,0,4,5,4,6,2,6,1,en_curso
615,205,7.0,mejorada,1,2,2118203005186523722,1,0,4,4,4,6,2,7,1,en_curso
615,205,8.0,mejorada,1,2,2118203005186523722,2,1,4,3,4,7,2,8,1,en_curso
615,205,9.0,mejorada,1,2,2118203005186523722,2,1,10,8,8,7,2,9,1,en_curso
615,205,10.0,mejorada,1,2,2118203005186523722,2,3,10,5,8,7,2,10,1,en_curso
615,205,11.0,mejorada,1,2,2118203005186523722,2,3,10,3,8,7,2,11,1,en_curso
615,205,12.0,mejorada,1,2,2118203005186523722,2,3,10,0,8,7,2,12,1,en_curso
615,205,13.0,mejorada,1,2,2118203005186523722,2,3,10,1,8,8,2,13,1,en_curso
615,205,14.0,mejorada,1,2,2118203005186523722,2,3,10,3,8,8,2,14,1,en_curso
615,205,15.0,mejorada,1,2,2118203005186523722,3,3,10,1,8,8,2,15,1,en_curso
615,205,16.0,mejorada,1,2,2118203005186523722,3,3,10,1,8,8,2,16,1,en_curso
615,205,17.0,mejorada,1,2,2118203005186523722,3,3,10,0,8,8,2,17,1,en_curso
615,205,18.0,mejorada,1,2,2118203005186523722,5,4,10,6,8,8,2,18,1,perdido
616,205,1.0,mejorada,1,3,2118203005186523722,0,0,0,10,0,0,3,1,1,en_curso
616,205,2.0,mejorada,1,3,2118203005186523722,0,0,2,6,2,0,1,2,1,en_curso
616,205,3.0,mejorada,1,3,2118203005186523722,0,0,2,4,2,4,3,3,1,en_curso
616,205,4.0,mejorada,1,3,2118203005186523722,0,0,2,5,2,5,3,4,1,en_curso
616,205,5.0,mejorada,1,3,2118203005186523722,1,0,2,7,2,6,3,5,1,en_curso
616,205,6.0,mejorada,1,3,2118203005186523722,2,0,6,9,6,6,3,6,1,en_curso
616,205,7.0,mejorada,1,3,2118203005186523722,2,1,10,6,8,7,2,7,1,en_curso
616,205,8.0,mejorada,1,3,2118203005186523722,2,1,16,7,10,7,3,8,1,en_curso
616,205,9.0,mejorada,1,3,2118203005186523722,3,2,24,12,17,7,2,9,1,perdido
617,205,1.0,mejorada,1,4,2118203005186523722,0,0,0,10,0,0,4,1,1,en_curso
617,205,2.0,mejorada,1,4,2118203005186523722,0,0,2,6,2,0,1,2,1,en_curso
617,205,3.0,mejorada,1,4,2118203005186523722,0,0,2,10,2,3,4,3,1,en_curso
617,205,4.0,mejorada,1,4,2118203005186523722,0,0,2,11,2,5,0,4,1,en_curso
617,205,5.0,mejorada,1,4,2118203005186523722,0,0,7,9,4,6,0,5,1,en_curso
617,205,6.0,mejorada,1,4,2118203005186523722,0,0,8,7,5,6,2,6,1,en_curso
617,205,7.0,mejorada,1,4,2118203005186523722,0,0,9,9,6,6,4,7,1,en_curso
617,205,8.0,mejorada,1,4,2118203005186523722,0,0,10,13,6,6,2,8,1,en_curso
617,205,9.0,mejorada,1,4,2118203005186523722,0,1,13,16,8,6,2,9,1,en_curso
617,205,10.0,mejorada,1,4,2118203005186523722,0,2,18,15,13,6,1,10,1,en_curso
617,205,11.0,mejorada,1,4,2118203005186523722,1,2,25,20,18,6,1,11,1,perdido
618,206,1.0,mejorada,1,2,1215845357368378696,0,0,0,10,0,0,2,1,1,en_curso
618,206,2.0,mejorada,1,2,1215845357368378696,0,0,0,5,0,0,2,2,1,en_curso
618,206,3.0,mejorada,1,2,1215845357368378696,0,1,2,8,2,5,2,3,1,en_curso
618,206,4.0,mejorada,1,2,1215845357368378696,0,1,5,6,5,6,2,4,1,en_curso
618,206,5.0,mejorada,1,2,1215845357368378696,0,1,7,4,6,6,2,5,1,en_curso
618,206,6.0,mejorada,1,2,1215845357368378696,0,2,7,3,6,6,2,6,1,en_curso
618,206,7.0,mejorada,1,2,1215845357368378696,0,2,8,5,7,6,2,7,1,en_curso
618,206,8.0,mejorada,1,2,1215845357368378696,1,2,10,6,8,7,2,8,1,en_curso
618,206,9.0,mejorada,1,2,1215845357368378696,1,2,10,5,8,7,2,9,1,en_curso
618,206,10.0,mejorada,1,2,1215845357368378696,3,2,10,4,8,7,2,10,1,en_curso
618,206,11.0,mejorada,1,2,1215845357368378696,4,5,13,10,11,7,2,11,1,perdido
619,206,1.0,mejorada,1,3,1215845357368378696,0,0,0,10,0,0,3,1,1,en_curso
619,206,2.0,mejorada,1,3,1215845357368378696,0,0,0,10,0,0,3,2,1,en_curso
619,206,3.0,mejorada,1,3,1215845357368378696,0,1,4,12,4,2,0,3,1,en_curso
619,206,4.0,mejorada,1,3,1215845357368378696,0,1,4,8,4,3,0,4,1,en_curso
619,206,5.0,mejorada,1,3,1215845357368378696,0,1,4,6,4,3,3,5,1,en_curso
619,206,6.0,mejorada,1,3,1215845357368378696,0,1,7,1,7,5,3,6,1,en_curso
619,206,7.0,mejorada,1,3,1215845357368378696,0,2,7,1,7,7,3,7,1,en_curso
619,206,8.0,mejorada,1,3,1215845357368378696,2,3,9,8,9,8,3,8,1,en_curso
619,206,9.0,mejorada,1,3,1215845357368378696,3,3,12,14,12,8,2,9,1,en_curso
619,206,10.0,mejorada,1,3,1215845357368378696,4,3,18,17,15,8,1,10,1,en_curso
619,206,11.0,mejorada,1,3,1215845357368378696,4,3,20,13,15,8,0,11,1,en_curso
619,206,12.0,mejorada,1,3,1215845357368378696,4,3,22,10,17,8,0,12,1,en_curso
619,206,13.0,mejorada,1,3,1215845357368378696,4,3,22,7,17,8,0,13,1,en_curso
619,206,14.0,mejorada,1,3,1215845357368378696,4,3,22,6,17,8,3,14,1,en_curso
619,206,15.0,mejorada,1,3,1215845357368378696,4,3,25,10,17,8,1,15,1,perdido
620,206,1.0,mejorada,1,4,1215845357368378696,0,0,0,10,0,0,4,1,1,en_curso
620,206,2.0,mejorada,1,4,1215845357368378696,0,0,0,10,0,1,2,2,1,en_curso
620,206,3.0,mejorada,1,4,1215845357368378696,0,0,5,8,4,2,1,3,1,en_curso
620,206,4.0,mejorada,1,4,1215845357368378696,1,0,10,9,6,4,2,4,1,en_curso
620,206,5.0,mejorada,1,4,1215845357368378696,1,0,10,7,6,5,4,5,1,en_curso
620,206,6.0,mejorada,1,4,1215845357368378696,1,0,13,9,9,8,4,6,1,en_curso
620,206,7.0,mejorada,1,4,1215845357368378696,2,0,13,8,9,8,1,7,1,en_curso
620,206,8.0,mejorada,1,4,1215845357368378696,2,1,18,10,11,8,4,8,1,en_curso
620,206,9.0,mejorada,1,4,1215845357368378696,2,3,19,17,12,8,2,9,1,en_curso
620,206,10.0,mejorada,1,4,1215845357368378696,2,4,26,18,17,8,1,10,1,perdido
621,207,1.0,mejorada,1,2,6250298060732927806,0,0,0,10,0,0,2,1,1,en_curso
621,207,2.0,mejorada,1,2,6250298060732927806,0,0,0,4,0,1,0,2,1,en_curso
621,207,3.0,mejorada,1,2,6250298060732927806,0,0,0,0,0,3,2,3,1,en_curso
621,207,4.0,mejorada,1,2,6250298060732927806,0,0,0,0,0,5,2,4,1,en_curso
621,207,5.0,mejorada,1,2,6250298060732927806,0,0,0,1,0,6,2,5,1,en_curso
621,207,6.0,mejorada,1,2,6250298060732927806,1,0,0,1,0,6,2,6,1,en_curso
621,207,7.0,mejorada,1,2,6250298060732927806,1,0,0,1,0,6,2,7,1,en_curso
621,207,8.0,mejorada,1,2,6250298060732927806,2,1,0,1,0,8,2,8,1,en_curso
621,207,9.0,mejorada,1,2,6250298060732927806,2,1,0,5,0,8,2,9,1,en_curso
621,207,10.0,mejorada,1,2,6250298060732927806,4,1,3,5,3,8,2,10,1,en_curso
621,207,11.0,mejorada,1,2,6250298060732927806,4,1,3,8,3,8,2,11,1,en_curso
621,207,12.0,mejorada,1,2,6250298060732927806,4,2,7,8,5,8,2,12,1,en_curso
621,207,13.0,mejorada,1,2,6250298060732927806,4,3,8,12,5,8,1,13,1,en_curso
621,207,14.0,mejorada,1,2,6250298060732927806,5,3,12,14,9,8,1,14,1,en_curso
621,207,15.0,mejorada,1,2,6250298060732927806,6,3,12,11,9,8,1,15,1,en_curso
621,207,16.0,mejorada,1,2,6250298060732927806,6,3,12,8,9,8,0,16,1,en_curso
621,207,17.0,mejorada,1,2,6250298060732927806,6,3,15,8,12,8,2,17,1,en_curso
621,207,18.0,mejorada,1,2,6250298060732927806,7,3,18,6,15,8,2,18,1,ganado
622,207,1.0,mejorada,1,3,6250298060732927806,0,0,0,10,0,0,3,1,1,en_curso
622,207,2.0,mejorada,1,3,6250298060732927806,0,0,0,5,0,0,1,2,1,en_curso
622,207,3.0,mejorada,1,3,6250298060732927806,0,0,3,1,3,3,3,3,1,en_curso
622,207,4.0,mejorada,1,3,6250298060732927806,0,0,5,2,5,6,3,4,1,en_curso
622,207,5.0,mejorada,1,3,6250298060732927806,1,1,5,3,5,7,3,5,1,en_curso
622,207,6.0,mejorada,1,3,6250298060732927806,1,2,8,12,8,7,3,6,1,en_curso
622,207,7.0,mejorada,1,3,6250298060732927806,1,2,11,9,11,7,1,7,1,en_curso
622,207,8.0,mejorada,1,3,6250298060732927806,1,2,11,6,11,7,2,8,1,en_curso
622,207,9.0,mejorada,1,3,6250298060732927806,1,3,14,13,13,7,1,9,1,en_curso
622,207,10.0,mejorada,1,3,6250298060732927806,2,3,15,16,13,7,1,10,1,en_curso
622,207,11.0,mejorada,1,3,6250298060732927806,2,3,19,18,16,7,0,11,1,en_curso
622,207,12.0,mejorada,1,3,6250298060732927806,2,3,25,11,20,7,0,12,1,perdido
623,207,1.0,mejorada,1,4,6250298060732927806,0,0,0,10,0,0,4,1,1,en_curso
623,207,2.0,mejorada,1,4,6250298060732927806,0,0,0,7,0,0,2,2,1,en_curso
623,207,3.0,mejorada,1,4,6250298060732927806,0,0,4,7,4,3,4,3,1,en_curso
623,207,4.0,mejorada,1,4,6250298060732927806,0,0,6,10,6,5,2,4,1,en_curso
623,207,5.0,mejorada,1,4,6250298060732927806,0,0,9,8,8,6,2,5,1,en_curso
623,207,6.0,mejorada,1,4,6250298060732927806,0,0,9,8,8,6,4,6,1,en_curso
623,207,7.0,mejorada,1,4,6250298060732927806,0,0,12,11,10,8,2,7,1,en_curso
623,207,8.0,mejorada,1,4,6250298060732927806,1,1,14,11,11,8,2,8,1,en_curso
623,207,9.0,mejorada,1,4,6250298060732927806,1,1,16,15,13,8,1,9,1,en_curso
623,207,10.0,mejorada,1,4,6250298060732927806,2,1,19,15,14,8,1,10,1,en_curso
623,207,11.0,mejorada,1,4,6250298060732927806,2,3,24,12,16,8,0,11,1,perdido
624,208,1.0,mejorada,1,2,1123706516370774243,0,0,0,10,0,0,2,1,1,en_curso
624,208,2.0,mejorada,1,2,1123706516370774243,0,0,4,10,4,0,0,2,1,en_curso
624,208,3.0,mejorada,1,2,1123706516370774243,0,0,4,7,4,2,2,3,1,en_curso
624,208,4.0,mejorada,1,2,1123706516370774243,0,1,8,9,6,5,2,4,1,en_curso
624,208,5.0,mejorada,1,2,1123706516370774243,0,2,9,9,7,6,1,5,1,en_curso
624,208,6.0,mejorada,1,2,1123706516370774243,0,2,9,8,7,6,1,6,1,en_curso
624,208,7.0,mejorada,1,2,1123706516370774243,0,2,12,8,9,6,1,7,1,en_curso
624,208,8.0,mejorada,1,2,1123706516370774243,1,4,14,13,11,7,2,8,1,perdido
625,208,1.0,mejorada,1,3,1123706516370774243,0,0,0,10,0,0,3,1,1,en_curso
625,208,2.0,mejorada,1,3,1123706516370774243,0,0,4,10,4,0,0,2,1,en_curso
625,208,3.0,mejorada,1,3,1123706516370774243,0,0,4,7,4,2,2,3,1,en_curso
625,208,4.0,mejorada,1,3,1123706516370774243,0,1,8,11,6,6,3,4,1,en_curso
625,208,5.0,mejorada,1,3,1123706516370774243,0,2,11,12,7,6,1,5,1,en_curso
625,208,6.0,mejorada,1,3,1123706516370774243,0,2,11,12,7,6,1,6,1,en_curso
625,208,7.0,mejorada,1,3,1123706516370774243,0,2,12,8,8,6,1,7,1,en_curso
625,208,8.0,mejorada,1,3,1123706516370774243,1,4,14,12,10,7,2,8,1,perdido
626,208,1.0,mejorada,1,4,1123706516370774243,0,0,0,10,0,0,4,1,1,en_curso
626,208,2.0,mejorada,1,4,1123706516370774243,0,0,4,10,4,0,0,2,1,en_curso
626,208,3.0,mejorada,1,4,1123706516370774243,0,0,4,9,4,3,3,3,1,en_curso
626,208,4.0,mejorada,1,4,1123706516370774243,1,0,7,8,5,5,2,4,1,en_curso
626,208,5.0,mejorada,1,4,1123706516370774243,1,1,7,8,5,6,2,5,1,en_curso
626,208,6.0,mejorada,1,4,1123706516370774243,1,1,9,10,7,6,3,6,1,en_curso
626,208,7.0,mejorada,1,4,1123706516370774243,3,4,17,22,11,7,1,7,1,perdido
627,209,1.0,mejorada,1,2,4670069332732337558,0,0,0,10,0,0,2,1,1,en_curso
627,209,2.0,mejorada,1,2,4670069332732337558,0,0,0,6,0,0,1,2,1,en_curso
627,209,3.0,mejorada,1,2,4670069332732337558,0,0,1,7,1,4,2,3,1,en_curso
627,209,4.0,mejorada,1,2,4670069332732337558,0,0,1,5,1,4,2,4,1,en_curso
627,209,5.0,mejorada,1,2,4670069332732337558,0,0,3,8,2,4,2,5,1,en_curso
627,209,6.0,mejorada,1,2,4670069332732337558,0,0,3,9,2,4,2,6,1,en_curso
627,209,7.0,mejorada,1,2,4670069332732337558,0,0,6,11,5,7,2,7,1,en_curso
627,209,8.0,mejorada,1,2,4670069332732337558,1,0,6,15,5,8,2,8,1,en_curso
627,209,9.0,mejorada,1,2,4670069332732337558,2,0,12,18,8,8,1,9,1,en_curso
627,209,10.0,mejorada,1,2,4670069332732337558,2,0,18,15,12,8,0,10,1,en_curso
627,209,11.0,mejorada,1,2,4670069332732337558,2,1,24,13,15,8,0,11,1,perdido
628,209,1.0,mejorada,1,3,4670069332732337558,0,0,0,10,0,0,3,1,1,en_curso
628,209,2.0,mejorada,1,3,4670069332732337558,0,0,0,9,0,0,2,2,1,en_curso
628,209,3.0,mejorada,1,3,4670069332732337558,0,0,7,10,5,5,0,3,1,en_curso
628,209,4.0,mejorada,1,3,4670069332732337558,0,0,7,7,5,6,1,4,1,en_curso
628,209,5.0,mejorada,1,3,4670069332732337558,0,0,11,6,8,6,3,5,1,en_curso
628,209,6.0,mejorada,1,3,4670069332732337558,1,0,11,8,8,7,3,6,1,en_curso
628,209,7.0,mejorada,1,3,4670069332732337558,1,1,13,8,10,7,3,7,1,en_curso
628,209,8.0,mejorada,1,3,4670069332732337558,2,1,13,10,10,7,3,8,1,en_curso
628,209,9.0,mejorada,1,3,4670069332732337558,3,2,20,11,16,7,2,9,1,en_curso
628,209,10.0,mejorada,1,3,4670069332732337558,3,3,27,12,19,7,1,10,1,perdido
629,209,1.0,mejorada,1,4,4670069332732337558,0,0,0,10,0,0,4,1,1,en_curso
629,209,2.0,mejorada,1,4,4670069332732337558,0,0,0,9,0,0,2,2,1,en_curso
629,209,3.0,mejorada,1,4,4670069332732337558,0,0,7,10,5,5,0,3,1,en_curso
629,209,4.0,mejorada,1,4,4670069332732337558,0,0,7,9,5,6,2,4,1,en_curso
629,209,5.0,mejorada,1,4,4670069332732337558,0,0,15,8,10,6,1,5,1,en_curso
629,209,6.0,mejorada,1,4,4670069332732337558,0,1,15,11,10,6,4,6,1,en_curso
629,209,7.0,mejorada,1,4,4670069332732337558,0,1,17,9,12,6,1,7,1,en_curso
629,209,8.0,mejorada,1,4,4670069332732337558,0,1,19,6,13,6,1,8,1,en_curso
629,209,9.0,mejorada,1,4,4670069332732337558,1,2,24,17,15,7,4,9,1,perdido
630,210,1.0,mejorada,1,2,6403440735147287998,0,0,0,10,0,0,2,1,1,en_curso
630,210,2.0,mejorada,1,2,6403440735147287998,0,0,2,8,2,0,0,2,1,en_curso
630,210,3.0,mejorada,1,2,6403440735147287998,0,0,3,8,3,2,2,3,1,en_curso
630,210,4.0,mejorada,1,2,6403440735147287998,0,0,7,10,7,4,2,4,1,en_curso
630,210,5.0,mejorada,1,2,6403440735147287998,0,0,9,10,8,4,2,5,1,en_curso
630,210,6.0,mejorada,1,2,6403440735147287998,0,1,9,12,8,5,2,6,1,en_curso
630,210,7.0,mejorada,1,2,6403440735147287998,0,2,14,16,10,5,1,7,1,en_curso
630,210,8.0,mejorada,1,2,6403440735147287998,0,2,17,14,11,6,1,8,1,en_curso
630,210,9.0,mejorada,1,2,6403440735147287998,1,2,20,14,14,6,1,9,1,en_curso
630,210,10.0,mejorada,1,2,6403440735147287998,1,2,20,10,14,6,0,10,1,en_curso
630,210,11.0,mejorada,1,2,6403440735147287998,1,3,25,11,17,7,0,11,1,perdido
631,210,1.0,mejorada,1,3,6403440735147287998,0,0,0,10,0,0,3,1,1,en_curso
631,210,2.0,mejorada,1,3,6403440735147287998,0,0,2,8,2,0,0,2,1,en_curso
631,210,3.0,mejorada,1,3,6403440735147287998,0,0,3,8,3,2,2,3,1,en_curso
631,210,4.0,mejorada,1,3,6403440735147287998,0,0,7,10,7,4,2,4,1,en_curso
631,210,5.0,mejorada,1,3,6403440735147287998,0,0,9,10,8,4,2,5,1,en_curso
631,210,6.0,mejorada,1,3,6403440735147287998,0,0,12,8,11,5,3,6,1,en_curso
631,210,7.0,mejorada,1,3,6403440735147287998,3,1,12,7,11,5,3,7,1,en_curso
631,210,8.0,mejorada,1,3,6403440735147287998,3,1,12,14,11,7,3,8,1,en_curso
631,210,9.0,mejorada,1,3,6403440735147287998,5,1,12,13,11,7,2,9,1,en_curso
631,210,10.0,mejorada,1,3,6403440735147287998,6,1,14,17,13,7,1,10,1,en_curso
631,210,11.0,mejorada,1,3,6403440735147287998,6,1,24,18,21,7,0,11,1,perdido
632,210,1.0,mejorada,1,4,6403440735147287998,0,0,0,10,0,0,4,1,1,en_curso
632,210,2.0,mejorada,1,4,6403440735147287998,0,0,2,8,2,0,0,2,1,en_curso
632,210,3.0,mejorada,1,4,6403440735147287998,0,0,3,8,3,2,2,3,1,en_curso
632,210,4.0,mejorada,1,4,6403440735147287998,0,1,5,10,5,4,3,4,1,en_curso
632,210,5.0,mejorada,1,4,6403440735147287998,0,1,5,9,5,4,0,5,1,en_curso
632,210,6.0,mejorada,1,4,6403440735147287998,0,1,5,8,5,5,0,6,1,en_curso
632,210,7.0,mejorada,1,4,6403440735147287998,0,1,11,8,9,6,4,7,1,en_curso
632,210,8.0,mejorada,1,4,6403440735147287998,3,1,11,6,9,7,4,8,1,en_curso
632,210,9.0,mejorada,1,4,6403440735147287998,3,1,15,12,11,7,4,9,1,en_curso
632,210,10.0,mejorada,1,4,6403440735147287998,3,1,19,19,15,7,2,10,1,en_curso
632,210,11.0,mejorada,1,4,6403440735147287998,5,3,23,31,15,7,2,11,1,en_curso
632,210,12.0,mejorada,1,4,6403440735147287998,5,3,23,23,15,7,0,12,1,en_curso
632,210,13.0,mejorada,1,4,6403440735147287998,5,3,26,17,18,7,0,13,1,perdido
633,211,1.0,mejorada,1,2,5359854683639935958,0,0,0,10,0,0,2,1,1,en_curso
633,211,2.0,mejorada,1,2,5359854683639935958,0,0,4,9,4,1,1,2,1,en_curso
633,211,3.0,mejorada,1,2,5359854683639935958,0,0,6,7,5,3,1,3,1,en_curso
633,211,4.0,mejorada,1,2,5359854683639935958,1,0,6,5,5,4,2,4,1,en_curso
633,211,5.0,mejorada,1,2,5359854683639935958,1,0,6,1,5,5,2,5,1,en_curso
633,211,6.0,mejorada,1,2,5359854683639935958,2,0,6,0,5,5,2,6,1,en_curso
633,211,7.0,mejorada,1,2,5359854683639935958,3,0,8,6,7,5,2,7,1,en_curso
633,211,8.0,mejorada,1,2,5359854683639935958,4,2,9,4,8,7,2,8,1,en_curso
633,211,9.0,mejorada,1,2,5359854683639935958,4,3,11,5,8,7,2,9,1,en_curso
633,211,10.0,mejorada,1,2,5359854683639935958,4,3,11,5,8,7,2,10,1,en_curso
633,211,11.0,mejorada,1,2,5359854683639935958,5,3,14,6,10,7,2,11,1,en_curso
633,211,12.0,mejorada,1,2,5359854683639935958,5,3,14,9,10,7,2,12,1,en_curso
633,211,13.0,mejorada,1,2,5359854683639935958,5,3,14,9,10,7,2,13,1,en_curso
633,211,14.0,mejorada,1,2,5359854683639935958,7,3,18,4,14,7,2,14,1,ganado
634,211,1.0,mejorada,1,3,5359854683639935958,0,0,0,10,0,0,3,1,1,en_curso
634,211,2.0,mejorada,1,3,5359854683639935958,0,0,4,9,4,1,1,2,1,en_curso
634,211,3.0,mejorada,1,3,5359854683639935958,0,0,6,7,5,3,2,3,1,en_curso
634,211,4.0,mejorada,1,3,5359854683639935958,1,0,6,6,5,6,3,4,1,en_curso
634,211,5.0,mejorada,1,3,5359854683639935958,1,0,6,2,5,6,3,5,1,en_curso
634,211,6.0,mejorada,1,3,5359854683639935958,2,0,6,4,5,6,3,6,1,en_curso
634,211,7.0,mejorada,1,3,5359854683639935958,3,0,6,6,5,6,3,7,1,en_curso
634,211,8.0,mejorada,1,3,5359854683639935958,4,1,8,4,7,6,3,8,1,en_curso
634,211,9.0,mejorada,1,3,5359854683639935958,5,1,8,2,7,7,3,9,1,en_curso
634,211,10.0,mejorada,1,3,5359854683639935958,5,1,8,2,7,8,3,10,1,en_curso
634,211,11.0,mejorada,1,3,5359854683639935958,7,1,8,5,7,8,3,11,1,ganado
635,211,1.0,mejorada,1,4,5359854683639935958,0,0,0,10,0,0,4,1,1,en_curso
635,211,2.0,mejorada,1,4,5359854683639935958,0,0,4,9,4,1,1,2,1,en_curso
635,211,3.0,mejorada,1,4,5359854683639935958,0,0,6,7,5,3,2,3,1,en_curso
635,211,4.0,mejorada,1,4,5359854683639935958,1,0,6,7,5,6,4,4,1,en_curso
635,211,5.0,mejorada,1,4,5359854683639935958,1,0,6,4,5,6,4,5,1,en_curso
635,211,6.0,mejorada,1,4,5359854683639935958,2,0,6,8,5,6,4,6,1,en_curso
635,211,7.0,mejorada,1,4,5359854683639935958,2,0,6,12,5,6,3,7,1,en_curso
635,211,8.0,mejorada,1,4,5359854683639935958,3,2,12,15,11,6,3,8,1,en_curso
635,211,9.0,mejorada,1,4,5359854683639935958,3,3,14,14,12,6,1,9,1,en_curso
635,211,10.0,mejorada,1,4,5359854683639935958,4,3,14,9,12,7,1,10,1,en_curso
635,211,11.0,mejorada,1,4,5359854683639935958,4,3,17,7,15,8,0,11,1,en_curso
635,211,12.0,mejorada,1,4,5359854683639935958,4,3,17,6,15,8,4,12,1,en_curso
635,211,13.0,mejorada,1,4,5359854683639935958,5,3,21,7,18,8,4,13,1,en_curso
635,211,14.0,mejorada,1,4,5359854683639935958,6,3,26,11,20,8,3,14,1,perdido
636,212,1.0,mejorada,1,2,1842605159165816250,0,0,0,10,0,0,2,1,1,en_curso
636,212,2.0,mejorada,1,2,1842605159165816250,0,0,6,7,3,1,2,2,1,en_curso
636,212,3.0,mejorada,1,2,1842605159165816250,0,0,8,12,5,5,1,3,1,en_curso
636,212,4.0,mejorada,1,2,1842605159165816250,0,0,8,7,5,5,1,4,1,en_curso
636,212,5.0,mejorada,1,2,1842605159165816250,1,0,8,3,5,5,2,5,1,en_curso
636,212,6.0,mejorada,1,2,1842605159165816250,1,0,8,6,5,6,2,6,1,en_curso
636,212,7.0,mejorada,1,2,1842605159165816250,1,0,8,8,5,6,1,7,1,en_curso
636,212,8.0,mejorada,1,2,1842605159165816250,1,0,10,6,7,6,2,8,1,en_curso
636,212,9.0,mejorada,1,2,1842605159165816250,1,0,14,5,9,6,2,9,1,en_curso
636,212,10.0,mejorada,1,2,1842605159165816250,2,1,16,9,11,7,2,10,1,en_curso
636,212,11.0,mejorada,1,2,1842605159165816250,2,2,18,9,13,8,1,11,1,en_curso
636,212,12.0,mejorada,1,2,1842605159165816250,2,2,21,8,14,8,2,12,1,en_curso
636,212,13.0,mejorada,1,2,1842605159165816250,2,2,21,5,14,8,2,13,1,en_curso
636,212,14.0,mejorada,1,2,1842605159165816250,2,2,21,2,14,8,2,14,1,en_curso
636,212,15.0,mejorada,1,2,1842605159165816250,2,2,21,3,14,8,2,15,1,en_curso
636,212,16.0,mejorada,1,2,1842605159165816250,3,2,21,7,14,8,2,16,1,en_curso
636,212,17.0,mejorada,1,2,1842605159165816250,4,2,24,10,15,8,2,17,1,perdido
637,212,1.0,mejorada,1,3,1842605159165816250,0,0,0,10,0,0,3,1,1,en_curso
637,212,2.0,mejorada,1,3,1842605159165816250,0,0,6,7,3,1,2,2,1,en_curso
637,212,3.0,mejorada,1,3,1842605159165816250,0,0,8,12,5,5,1,3,1,en_curso
637,212,4.0,mejorada,1,3,1842605159165816250,0,0,10,9,7,6,2,4,1,en_curso
637,212,5.0,mejorada,1,3,1842605159165816250,2,0,13,16,10,6,2,5,1,en_curso
637,212,6.0,mejorada,1,3,1842605159165816250,2,2,25,15,17,6,0,6,1,perdido
638,212,1.0,mejorada,1,4,1842605159165816250,0,0,0,10,0,0,4,1,1,en_curso
638,212,2.0,mejorada,1,4,1842605159165816250,0,0,6,7,3,1,2,2,1,en_curso
638,212,3.0,mejorada,1,4,1842605159165816250,1,0,10,10,7,6,2,3,1,en_curso
638,212,4.0,mejorada,1,4,1842605159165816250,1,0,12,9,7,7,2,4,1,en_curso
638,212,5.0,mejorada,1,4,1842605159165816250,1,0,12,9,7,7,3,5,1,en_curso
638,212,6.0,mejorada,1,4,1842605159165816250,1,3,14,14,9,8,2,6,1,en_curso
638,212,7.0,mejorada,1,4,1842605159165816250,1,3,22,10,14,8,0,7,1,en_curso
638,212,8.0,mejorada,1,4,1842605159165816250,1,4,25,8,16,8,3,8,1,perdido
639,213,1.0,mejorada,1,2,7416739668938578572,0,0,0,10,0,0,2,1,1,en_curso
639,213,2.0,mejorada,1,2,7416739668938578572,0,0,0,5,0,1,2,2,1,en_curso
639,213,3.0,mejorada,1,2,7416739668938578572,0,0,0,2,0,6,2,3,1,en_curso
639,213,4.0,mejorada,1,2,7416739668938578572,0,0,1,7,1,6,2,4,1,en_curso
639,213,5.0,mejorada,1,2,7416739668938578572,0,0,1,7,1,6,2,5,1,en_curso
639,213,6.0,mejorada,1,2,7416739668938578572,0,0,1,5,1,6,2,6,1,en_curso
639,213,7.0,mejorada,1,2,7416739668938578572,0,0,3,9,3,6,2,7,1,en_curso
639,213,8.0,mejorada,1,2,7416739668938578572,2,0,7,7,7,6,2,8,1,en_curso
639,213,9.0,mejorada,1,2,7416739668938578572,2,0,7,7,7,6,2,9,1,en_curso
639,213,10.0,mejorada,1,2,7416739668938578572,2,0,13,8,12,7,1,10,1,en_curso
639,213,11.0,mejorada,1,2,7416739668938578572,2,0,14,7,12,8,2,11,1,en_curso
639,213,12.0,mejorada,1,2,7416739668938578572,3,0,14,4,12,8,2,12,1,en_curso
639,213,13.0,mejorada,1,2,7416739668938578572,4,0,14,1,12,8,2,13,1,en_curso
639,213,14.0,mejorada,1,2,7416739668938578572,4,0,14,0,12,8,2,14,1,en_curso
639,213,15.0,mejorada,1,2,7416739668938578572,4,1,17,9,15,8,1,15,1,en_curso
639,213,16.0,mejorada,1,2,7416739668938578572,5,3,18,12,15,8,1,16,1,en_curso
639,213,17.0,mejorada,1,2,7416739668938578572,5,3,18,10,15,8,1,17,1,en_curso
639,213,18.0,mejorada,1,2,7416739668938578572,5,3,20,9,16,8,0,18,1,en_curso
639,213,19.0,mejorada,1,2,7416739668938578572,5,3,24,9,20,8,2,19,1,perdido
640,213,1.0,mejorada,1,3,7416739668938578572,0,0,0,10,0,0,3,1,1,en_curso
640,213,2.0,mejorada,1,3,7416739668938578572,0,0,0,5,0,1,2,2,1,en_curso
640,213,3.0,mejorada,1,3,7416739668938578572,0,0,1,5,1,5,3,3,1,en_curso
640,213,4.0,mejorada,1,3,7416739668938578572,0,0,3,10,2,5,2,4,1,en_curso
640,213,5.0,mejorada,1,3,7416739668938578572,0,0,6,9,4,5,1,5,1,en_curso
640,213,6.0,mejorada,1,3,7416739668938578572,0,1,9,9,7,6,2,6,1,en_curso
640,213,7.0,mejorada,1,3,7416739668938578572,0,1,12,11,8,6,2,7,1,en_curso
640,213,8.0,mejorada,1,3,7416739668938578572,1,1,12,10,8,6,2,8,1,en_curso
640,213,9.0,mejorada,1,3,7416739668938578572,2,1,12,6,8,6,2,9,1,en_curso
640,213,10.0,mejorada,1,3,7416739668938578572,2,1,12,3,8,6,3,10,1,en_curso
640,213,11.0,mejorada,1,3,7416739668938578572,4,1,12,7,8,6,3,11,1,en_curso
640,213,12.0,mejorada,1,3,7416739668938578572,4,2,12,9,8,6,2,12,1,en_curso
640,213,13.0,mejorada,1,3,7416739668938578572,4,2,18,11,14,6,0,13,1,en_curso
640,213,14.0,mejorada,1,3,7416739668938578572,4,3,18,10,14,6,0,14,1,en_curso
640,213,15.0,mejorada,1,3,7416739668938578572,4,3,18,8,14,7,2,15,1,en_curso
640,213,16.0,mejorada,1,3,7416739668938578572,5,4,21,17,17,7,3,16,1,perdido
641,213,1.0,mejorada,1,4,7416739668938578572,0,0,0,10,0,0,4,1,1,en_curso
641,213,2.0,mejorada,1,4,7416739668938578572,0,0,0,6,0,1,3,2,1,en_curso
641,213,3.0,mejorada,1,4,7416739668938578572,1,1,4,6,4,6,4,3,1,en_curso
641,213,4.0,mejorada,1,4,7416739668938578572,1,1,8,7,6,6,4,4,1,en_curso
641,213,5.0,mejorada,1,4,7416739668938578572,3,4,11,15,8,7,2,5,1,perdido
642,214,1.0,mejorada,1,2,6598466114264925483,0,0,0,10,0,0,2,1,1,en_curso
642,214,2.0,mejorada,1,2,6598466114264925483,0,0,5,7,4,0,1,2,1,en_curso
642,214,3.0,mejorada,1,2,6598466114264925483,0,1,5,6,4,4,2,3,1,en_curso
642,214,4.0,mejorada,1,2,6598466114264925483,0,1,5,4,4,5,2,4,1,en_curso
642,214,5.0,mejorada,1,2,6598466114264925483,1,2,10,5,9,7,2,5,1,en_curso
642,214,6.0,mejorada,1,2,6598466114264925483,1,2,10,5,9,7,2,6,1,en_curso
642,214,7.0,mejorada,1,2,6598466114264925483,1,4,10,7,9,7,2,7,1,perdido
643,214,1.0,mejorada,1,3,6598466114264925483,0,0,0,10,0,0,3,1,1,en_curso
643,214,2.0,mejorada,1,3,6598466114264925483,0,0,5,7,4,0,1,2,1,en_curso
643,214,3.0,mejorada,1,3,6598466114264925483,0,1,5,8,4,5,3,3,1,en_curso
643,214,4.0,mejorada,1,3,6598466114264925483,0,1,7,7,5,6,3,4,1,en_curso
643,214,5.0,mejorada,1,3,6598466114264925483,0,3,8,8,5,7,2,5,1,en_curso
643,214,6.0,mejorada,1,3,6598466114264925483,2,3,8,6,5,7,3,6,1,en_curso
643,214,7.0,mejorada,1,3,6598466114264925483,2,3,8,6,5,7,3,7,1,en_curso
643,214,8.0,mejorada,1,3,6598466114264925483,4,4,8,9,5,7,3,8,1,perdido
644,214,1.0,mejorada,1,4,6598466114264925483,0,0,0,10,0,0,4,1,1,en_curso
644,214,2.0,mejorada,1,4,6598466114264925483,0,0,6,11,5,0,2,2,1,en_curso
644,214,3.0,mejorada,1,4,6598466114264925483,0,0,6,8,5,4,1,3,1,en_curso
644,214,4.0,mejorada,1,4,6598466114264925483,0,0,8,8,7,6,2,4,1,en_curso
644,214,5.0,mejorada,1,4,6598466114264925483,0,1,8,8,7,6,3,5,1,en_curso
644,214,6.0,mejorada,1,4,6598466114264925483,0,1,12,7,11,6,1,6,1,en_curso
644,214,7.0,mejorada,1,4,6598466114264925483,1,1,12,7,11,7,4,7,1,en_curso
644,214,8.0,mejorada,1,4,6598466114264925483,2,2,12,15,11,7,3,8,1,en_curso
644,214,9.0,mejorada,1,4,6598466114264925483,3,3,26,19,19,7,1,9,1,perdido
645,215,1.0,mejorada,1,2,6815924397397588665,0,0,0,10,0,0,2,1,1,en_curso
645,215,2.0,mejorada,1,2,6815924397397588665,0,0,3,9,3,0,2,2,1,en_curso
645,215,3.0,mejorada,1,2,6815924397397588665,0,0,3,7,3,3,2,3,1,en_curso
645,215,4.0,mejorada,1,2,6815924397397588665,1,1,5,6,5,4,2,4,1,en_curso
645,215,5.0,mejorada,1,2,6815924397397588665,1,1,5,9,5,5,2,5,1,en_curso
645,215,6.0,mejorada,1,2,6815924397397588665,2,1,10,9,10,5,2,6,1,en_curso
645,215,7.0,mejorada,1,2,6815924397397588665,2,1,12,11,12,6,1,7,1,en_curso
645,215,8.0,mejorada,1,2,6815924397397588665,2,1,12,7,12,6,0,8,1,en_curso
645,215,9.0,mejorada,1,2,6815924397397588665,2,2,12,4,12,7,2,9,1,en_curso
645,215,10.0,mejorada,1,2,6815924397397588665,2,2,12,5,12,7,2,10,1,en_curso
645,215,11.0,mejorada,1,2,6815924397397588665,3,2,12,4,12,7,2,11,1,en_curso
645,215,12.0,mejorada,1,2,6815924397397588665,3,2,12,2,12,7,2,12,1,en_curso
645,215,13.0,mejorada,1,2,6815924397397588665,4,2,12,2,12,7,2,13,1,en_curso
645,215,14.0,mejorada,1,2,6815924397397588665,5,2,12,2,12,7,2,14,1,en_curso
645,215,15.0,mejorada,1,2,6815924397397588665,5,2,12,4,12,7,2,15,1,en_curso
645,215,16.0,mejorada,1,2,6815924397397588665,5,2,12,2,12,8,2,16,1,en_curso
645,215,17.0,mejorada,1,2,6815924397397588665,6,2,14,5,14,8,2,17,1,en_curso
645,215,18.0,mejorada,1,2,6815924397397588665,7,3,14,6,14,8,2,18,1,ganado
646,215,1.0,mejorada,1,3,6815924397397588665,0,0,0,10,0,0,3,1,1,en_curso
646,215,2.0,mejorada,1,3,6815924397397588665,0,0,3,9,3,0,2,2,1,en_curso
646,215,3.0,mejorada,1,3,6815924397397588665,0,0,3,7,3,2,3,3,1,en_curso
646,215,4.0,mejorada,1,3,6815924397397588665,1,1,5,6,5,3,3,4,1,en_curso
646,215,5.0,mejorada,1,3,6815924397397588665,1,1,5,4,5,4,3,5,1,en_curso
646,215,6.0,mejorada,1,3,6815924397397588665,2,1,7,4,6,4,3,6,1,en_curso
646,215,7.0,mejorada,1,3,6815924397397588665,2,1,7,6,6,5,3,7,1,en_curso
646,215,8.0,mejorada,1,3,6815924397397588665,2,3,9,12,8,5,0,8,1,en_curso
646,215,9.0,mejorada,1,3,6815924397397588665,2,3,12,12,11,6,0,9,1,en_curso
646,215,10.0,mejorada,1,3,6815924397397588665,2,3,18,15,14,6,0,10,1,en_curso
646,215,11.0,mejorada,1,3,6815924397397588665,2,3,24,10,17,6,0,11,1,perdido
647,215,1.0,mejorada,1,4,6815924397397588665,0,0,0,10,0,0,4,1,1,en_curso
647,215,2.0,mejorada,1,4,6815924397397588665,0,0,3,9,3,0,2,2,1,en_curso
647,215,3.0,mejorada,1,4,6815924397397588665,0,0,3,7,3,2,3,3,1,en_curso
647,215,4.0,mejorada,1,4,6815924397397588665,1,1,5,9,5,3,3,4,1,en_curso
647,215,5.0,mejorada,1,4,6815924397397588665,1,1,5,8,5,3,4,5,1,en_curso
647,215,6.0,mejorada,1,4,6815924397397588665,3,1,7,9,6,3,3,6,1,en_curso
647,215,7.0,mejorada,1,4,6815924397397588665,3,1,7,8,6,4,3,7,1,en_curso
647,215,8.0,mejorada,1,4,6815924397397588665,4,1,10,13,9,5,4,8,1,en_curso
647,215,9.0,mejorada,1,4,6815924397397588665,4,1,10,12,9,6,1,9,1,en_curso
647,215,10.0,mejorada,1,4,6815924397397588665,5,1,12,14,11,6,1,10,1,en_curso
647,215,11.0,mejorada,1,4,6815924397397588665,5,1,14,18,11,6,0,11,1,en_curso
647,215,12.0,mejorada,1,4,6815924397397588665,5,1,25,14,19,6,0,12,1,perdido
648,216,1.0,mejorada,1,2,1208794400926784263,0,0,0,10,0,0,2,1,1,en_curso
648,216,2.0,mejorada,1,2,1208794400926784263,0,0,0,4,0,1,1,2,1,en_curso
648,216,3.0,mejorada,1,2,1208794400926784263,0,0,0,2,0,5,2,3,1,en_curso
648,216,4.0,mejorada,1,2,1208794400926784263,0,0,0,2,0,6,2,4,1,en_curso
648,216,5.0,mejorada,1,2,1208794400926784263,0,0,4,6,4,6,2,5,1,en_curso
648,216,6.0,mejorada,1,2,1208794400926784263,0,0,4,3,4,6,2,6,1,en_curso
648,216,7.0,mejorada,1,2,1208794400926784263,0,0,4,2,4,7,2,7,1,en_curso
648,216,8.0,mejorada,1,2,1208794400926784263,1,1,4,3,4,7,2,8,1,en_curso
648,216,9.0,mejorada,1,2,1208794400926784263,2,1,4,3,4,8,2,9,1,en_curso
648,216,10.0,mejorada,1,2,1208794400926784263,2,2,5,2,5,8,2,10,1,en_curso
648,216,11.0,mejorada,1,2,1208794400926784263,3,3,7,5,7,8,2,11,1,en_curso
648,216,12.0,mejorada,1,2,1208794400926784263,4,4,7,10,7,8,1,12,1,perdido
649,216,1.0,mejorada,1,3,1208794400926784263,0,0,0,10,0,0,3,1,1,en_curso
649,216,2.0,mejorada,1,3,1208794400926784263,0,0,0,5,0,0,2,2,1,en_curso
649,216,3.0,mejorada,1,3,1208794400926784263,0,0,2,7,2,3,3,3,1,en_curso
649,216,4.0,mejorada,1,3,1208794400926784263,0,0,2,4,2,3,3,4,1,en_curso
649,216,5.0,mejorada,1,3,1208794400926784263,1,0,2,3,2,4,3,5,1,en_curso
649,216,6.0,mejorada,1,3,1208794400926784263,1,0,2,4,2,5,3,6,1,en_curso
649,216,7.0,mejorada,1,3,1208794400926784263,3,0,4,8,4,5,3,7,1,en_curso
649,216,8.0,mejorada,1,3,1208794400926784263,4,0,8,6,6,5,3,8,1,en_curso
649,216,9.0,mejorada,1,3,1208794400926784263,4,0,8,5,6,5,3,9,1,en_curso
649,216,10.0,mejorada,1,3,1208794400926784263,6,0,8,7,6,5,3,10,1,en_curso
649,216,11.0,mejorada,1,3,1208794400926784263,8,1,14,12,12,8,1,11,1,ganado
650,216,1.0,mejorada,1,4,1208794400926784263,0,0,0,10,0,0,4,1,1,en_curso
650,216,2.0,mejorada,1,4,1208794400926784263,0,0,0,8,0,1,3,2,1,en_curso
650,216,3.0,mejorada,1,4,1208794400926784263,0,0,2,8,2,6,3,3,1,en_curso
650,216,4.0,mejorada,1,4,1208794400926784263,0,0,2,7,2,7,4,4,1,en_curso
650,216,5.0,mejorada,1,4,1208794400926784263,0,1,4,9,2,7,2,5,1,en_curso
650,216,6.0,mejorada,1,4,1208794400926784263,0,1,7,8,5,7,3,6,1,en_curso
650,216,7.0,mejorada,1,4,1208794400926784263,1,2,8,7,6,7,3,7,1,en_curso
650,216,8.0,mejorada,1,4,1208794400926784263,3,2,11,8,9,8,4,8,1,en_curso
650,216,9.0,mejorada,1,4,1208794400926784263,3,3,12,16,9,8,2,9,1,en_curso
650,216,10.0,mejorada,1,4,1208794400926784263,3,4,15,19,10,8,1,10,1,perdido
651,217,1.0,mejorada,1,2,1141427372043005697,0,0,0,10,0,0,2,1,1,en_curso
651,217,2.0,mejorada,1,2,1141427372043005697,0,0,0,5,0,0,1,2,1,en_curso
651,217,3.0,mejorada,1,2,1141427372043005697,0,0,2,6,2,5,2,3,1,en_curso
651,217,4.0,mejorada,1,2,1141427372043005697,0,0,5,5,5,6,2,4,1,en_curso
651,217,5.0,mejorada,1,2,1141427372043005697,0,0,5,3,5,6,2,5,1,en_curso
651,217,6.0,mejorada,1,2,1141427372043005697,1,0,5,0,5,6,2,6,1,en_curso
651,217,7.0,mejorada,1,2,1141427372043005697,2,0,5,0,5,6,2,7,1,en_curso
651,217,8.0,mejorada,1,2,1141427372043005697,2,1,5,5,5,6,2,8,1,en_curso
651,217,9.0,mejorada,1,2,1141427372043005697,2,1,6,7,6,6,2,9,1,en_curso
651,217,10.0,mejorada,1,2,1141427372043005697,2,1,6,5,6,6,2,10,1,en_curso
651,217,11.0,mejorada,1,2,1141427372043005697,3,1,6,2,6,6,2,11,1,en_curso
651,217,12.0,mejorada,1,2,1141427372043005697,4,2,6,5,6,6,2,12,1,en_curso
651,217,13.0,mejorada,1,2,1141427372043005697,4,2,6,11,6,7,1,13,1,en_curso
651,217,14.0,mejorada,1,2,1141427372043005697,4,2,9,7,8,7,0,14,1,en_curso
651,217,15.0,mejorada,1,2,1141427372043005697,4,2,9,12,8,7,1,15,1,en_curso
651,217,16.0,mejorada,1,2,1141427372043005697,4,3,11,9,10,7,0,16,1,en_curso
651,217,17.0,mejorada,1,2,1141427372043005697,4,3,11,7,10,7,1,17,1,en_curso
651,217,18.0,mejorada,1,2,1141427372043005697,4,3,13,7,11,7,2,18,1,en_curso
651,217,19.0,mejorada,1,2,1141427372043005697,4,3,17,8,14,7,2,19,1,en_curso
651,217,20.0,mejorada,1,2,1141427372043005697,5,3,20,11,15,7,2,20,1,en_curso
651,217,21.0,mejorada,1,2,1141427372043005697,6,3,24,13,19,8,1,21,1,perdido
652,217,1.0,mejorada,1,3,1141427372043005697,0,0,0,10,0,0,3,1,1,en_curso
652,217,2.0,mejorada,1,3,1141427372043005697,0,0,0,7,0,0,2,2,1,en_curso
652,217,3.0,mejorada,1,3,1141427372043005697,0,0,5,13,5,4,3,3,1,en_curso
652,217,4.0,mejorada,1,3,1141427372043005697,0,0,10,13,8,5,0,4,1,en_curso
652,217,5.0,mejorada,1,3,1141427372043005697,0,0,14,11,9,5,0,5,1,en_curso
652,217,6.0,mejorada,1,3,1141427372043005697,0,0,18,12,11,6,0,6,1,en_curso
652,217,7.0,mejorada,1,3,1141427372043005697,0,0,20,8,12,6,0,7,1,en_curso
652,217,8.0,mejorada,1,3,1141427372043005697,0,0,20,7,12,6,3,8,1,en_curso
652,217,9.0,mejorada,1,3,1141427372043005697,0,0,26,12,18,7,2,9,1,perdido
653,217,1.0,mejorada,1,4,1141427372043005697,0,0,0,10,0,0,4,1,1,en_curso
653,217,2.0,mejorada,1,4,1141427372043005697,0,0,0,8,0,1,3,2,1,en_curso
653,217,3.0,mejorada,1,4,1141427372043005697,0,1,2,7,2,4,2,3,1,en_curso
653,217,4.0,mejorada,1,4,1141427372043005697,0,1,2,6,2,6,4,4,1,en_curso
653,217,5.0,mejorada,1,4,1141427372043005697,0,5,4,13,4,7,3,5,1,perdido
654,218,1.0,mejorada,1,2,8555254495387104291,0,0,0,10,0,0,2,1,1,en_curso
654,218,2.0,mejorada,1,2,8555254495387104291,0,0,1,13,1,0,0,2,1,en_curso
654,218,3.0,mejorada,1,2,8555254495387104291,0,0,1,11,1,2,0,3,1,en_curso
654,218,4.0,mejorada,1,2,8555254495387104291,0,0,1,8,1,2,1,4,1,en_curso
654,218,5.0,mejorada,1,2,8555254495387104291,0,1,1,9,1,5,2,5,1,en_curso
654,218,6.0,mejorada,1,2,8555254495387104291,0,1,6,9,5,6,1,6,1,en_curso
654,218,7.0,mejorada,1,2,8555254495387104291,0,1,11,9,9,6,1,7,1,en_curso
654,218,8.0,mejorada,1,2,8555254495387104291,0,1,16,10,10,7,2,8,1,en_curso
654,218,9.0,mejorada,1,2,8555254495387104291,1,1,23,9,13,7,1,9,1,en_curso
654,218,10.0,mejorada,1,2,8555254495387104291,2,1,25,9,14,7,1,10,1,perdido
655,218,1.0,mejorada,1,3,8555254495387104291,0,0,0,10,0,0,3,1,1,en_curso
655,218,2.0,mejorada,1,3,8555254495387104291,0,0,1,13,1,0,0,2,1,en_curso
655,218,3.0,mejorada,1,3,8555254495387104291,0,0,1,11,1,2,0,3,1,en_curso
655,218,4.0,mejorada,1,3,8555254495387104291,0,0,1,8,1,2,1,4,1,en_curso
655,218,5.0,mejorada,1,3,8555254495387104291,0,1,1,9,1,5,2,5,1,en_curso
655,218,6.0,mejorada,1,3,8555254495387104291,0,1,6,9,5,6,1,6,1,en_curso
655,218,7.0,mejorada,1,3,8555254495387104291,0,1,11,9,9,6,1,7,1,en_curso
655,218,8.0,mejorada,1,3,8555254495387104291,0,1,16,10,10,7,2,8,1,en_curso
655,218,9.0,mejorada,1,3,8555254495387104291,1,1,23,9,13,7,1,9,1,en_curso
655,218,10.0,mejorada,1,3,8555254495387104291,2,1,25,9,14,7,2,10,1,perdido
656,218,1.0,mejorada,1,4,8555254495387104291,0,0,0,10,0,0,4,1,1,en_curso
656,218,2.0,mejorada,1,4,8555254495387104291,0,0,1,13,1,0,0,2,1,en_curso
656,218,3.0,mejorada,1,4,8555254495387104291,0,0,1,11,1,2,0,3,1,en_curso
656,218,4.0,mejorada,1,4,8555254495387104291,0,0,1,8,1,2,1,4,1,en_curso
656,218,5.0,mejorada,1,4,8555254495387104291,0,1,1,9,1,6,3,5,1,en_curso
656,218,6.0,mejorada,1,4,8555254495387104291,0,1,6,9,5,6,1,6,1,en_curso
656,218,7.0,mejorada,1,4,8555254495387104291,1,1,10,7,7,6,4,7,1,en_curso
656,218,8.0,mejorada,1,4,8555254495387104291,2,2,13,10,8,6,4,8,1,en_curso
656,218,9.0,mejorada,1,4,8555254495387104291,3,3,13,8,8,7,1,9,1,en_curso
656,218,10.0,mejorada,1,4,8555254495387104291,3,3,13,8,8,7,0,10,1,en_curso
656,218,11.0,mejorada,1,4,8555254495387104291,3,3,13,9,8,7,3,11,1,en_curso
656,218,12.0,mejorada,1,4,8555254495387104291,3,3,16,16,10,7,0,12,1,en_curso
656,218,13.0,mejorada,1,4,8555254495387104291,3,4,19,19,12,7,0,13,1,perdido
657,219,1.0,mejorada,1,2,3667011595388186359,0,0,0,10,0,0,2,1,1,en_curso
657,219,2.0,mejorada,1,2,3667011595388186359,0,0,0,8,0,0,1,2,1,en_curso
657,219,3.0,mejorada,1,2,3667011595388186359,0,0,3,3,3,3,2,3,1,en_curso
657,219,4.0,mejorada,1,2,3667011595388186359,0,0,3,2,3,6,2,4,1,en_curso
657,219,5.0,mejorada,1,2,3667011595388186359,0,0,3,1,3,6,2,5,1,en_curso
657,219,6.0,mejorada,1,2,3667011595388186359,0,0,3,3,3,7,2,6,1,en_curso
657,219,7.0,mejorada,1,2,3667011595388186359,1,0,3,2,3,7,2,7,1,en_curso
657,219,8.0,mejorada,1,2,3667011595388186359,2,0,3,3,3,7,2,8,1,en_curso
657,219,9.0,mejorada,1,2,3667011595388186359,2,0,3,6,3,7,2,9,1,en_curso
657,219,10.0,mejorada,1,2,3667011595388186359,3,1,7,18,6,7,2,10,1,en_curso
657,219,11.0,mejorada,1,2,3667011595388186359,3,1,17,21,14,7,1,11,1,en_curso
657,219,12.0,mejorada,1,2,3667011595388186359,3,1,25,19,20,8,1,12,1,perdido
658,219,1.0,mejorada,1,3,3667011595388186359,0,0,0,10,0,0,3,1,1,en_curso
658,219,2.0,mejorada,1,3,3667011595388186359,0,0,0,8,0,0,1,2,1,en_curso
658,219,3.0,mejorada,1,3,3667011595388186359,0,0,3,6,3,3,3,3,1,en_curso
658,219,4.0,mejorada,1,3,3667011595388186359,0,0,5,7,5,4,3,4,1,en_curso
658,219,5.0,mejorada,1,3,3667011595388186359,1,0,5,6,5,5,3,5,1,en_curso
658,219,6.0,mejorada,1,3,3667011595388186359,1,1,7,10,5,5,3,6,1,en_curso
658,219,7.0,mejorada,1,3,3667011595388186359,1,1,12,7,10,7,2,7,1,en_curso
658,219,8.0,mejorada,1,3,3667011595388186359,3,1,12,5,10,7,3,8,1,en_curso
658,219,9.0,mejorada,1,3,3667011595388186359,3,2,12,9,10,7,3,9,1,en_curso
658,219,10.0,mejorada,1,3,3667011595388186359,4,2,15,12,12,7,2,10,1,en_curso
658,219,11.0,mejorada,1,3,3667011595388186359,5,2,15,8,12,7,1,11,1,en_curso
658,219,12.0,mejorada,1,3,3667011595388186359,5,3,20,9,16,7,0,12,1,en_curso
658,219,13.0,mejorada,1,3,3667011595388186359,5,3,20,8,16,7,3,13,1,en_curso
658,219,14.0,mejorada,1,3,3667011595388186359,5,3,20,10,16,7,3,14,1,en_curso
658,219,15.0,mejorada,1,3,3667011595388186359,7,3,22,13,18,7,1,15,1,ganado
659,219,1.0,mejorada,1,4,3667011595388186359,0,0,0,10,0,0,4,1,1,en_curso
659,219,2.0,mejorada,1,4,3667011595388186359,0,0,0,8,0,0,1,2,1,en_curso
659,219,3.0,mejorada,1,4,3667011595388186359,0,0,3,8,3,4,4,3,1,en_curso
659,219,4.0,mejorada,1,4,3667011595388186359,0,0,7,8,6,5,2,4,1,en_curso
659,219,5.0,mejorada,1,4,3667011595388186359,0,1,15,13,12,6,2,5,1,en_curso
659,219,6.0,mejorada,1,4,3667011595388186359,1,3,24,23,17,6,0,6,1,perdido
660,220,1.0,mejorada,1,2,2775761748300347022,0,0,0,10,0,0,2,1,1,en_curso
660,220,2.0,mejorada,1,2,2775761748300347022,0,0,6,7,4,0,2,2,1,en_curso
660,220,3.0,mejorada,1,2,2775761748300347022,0,0,9,4,7,5,2,3,1,en_curso
660,220,4.0,mejorada,1,2,2775761748300347022,0,0,9,2,7,5,2,4,1,en_curso
660,220,5.0,mejorada,1,2,2775761748300347022,1,0,9,2,7,5,2,5,1,en_curso
660,220,6.0,mejorada,1,2,2775761748300347022,2,0,9,1,7,5,2,6,1,en_curso
660,220,7.0,mejorada,1,2,2775761748300347022,2,0,9,0,7,5,2,7,1,en_curso
660,220,8.0,mejorada,1,2,2775761748300347022,3,0,9,3,7,5,2,8,1,en_curso
660,220,9.0,mejorada,1,2,2775761748300347022,4,1,9,5,7,5,2,9,1,en_curso
660,220,10.0,mejorada,1,2,2775761748300347022,4,2,12,5,10,6,2,10,1,en_curso
660,220,11.0,mejorada,1,2,2775761748300347022,4,2,12,5,10,6,2,11,1,en_curso
660,220,12.0,mejorada,1,2,2775761748300347022,5,2,12,6,10,6,2,12,1,en_curso
660,220,13.0,mejorada,1,2,2775761748300347022,5,3,13,8,11,6,2,13,1,en_curso
660,220,14.0,mejorada,1,2,2775761748300347022,6,3,16,10,13,7,2,14,1,en_curso
660,220,15.0,mejorada,1,2,2775761748300347022,7,3,19,10,16,7,2,15,1,ganado
661,220,1.0,mejorada,1,3,2775761748300347022,0,0,0,10,0,0,3,1,1,en_curso
661,220,2.0,mejorada,1,3,2775761748300347022,0,0,6,7,4,0,2,2,1,en_curso
661,220,3.0,mejorada,1,3,2775761748300347022,0,0,9,5,7,5,3,3,1,en_curso
661,220,4.0,mejorada,1,3,2775761748300347022,0,0,9,5,7,5,3,4,1,en_curso
661,220,5.0,mejorada,1,3,2775761748300347022,0,0,13,7,9,6,3,5,1,en_curso
661,220,6.0,mejorada,1,3,2775761748300347022,2,0,13,6,9,6,3,6,1,en_curso
661,220,7.0,mejorada,1,3,2775761748300347022,2,2,13,8,9,6,2,7,1,en_curso
661,220,8.0,mejorada,1,3,2775761748300347022,2,4,13,8,9,6,3,8,1,perdido
662,220,1.0,mejorada,1,4,2775761748300347022,0,0,0,10,0,0,4,1,1,en_curso
662,220,2.0,mejorada,1,4,2775761748300347022,0,0,6,7,4,0,2,2,1,en_curso
662,220,3.0,mejorada,1,4,2775761748300347022,0,0,9,7,7,4,4,3,1,en_curso
662,220,4.0,mejorada,1,4,2775761748300347022,0,0,11,6,8,6,4,4,1,en_curso
662,220,5.0,mejorada,1,4,2775761748300347022,1,0,12,9,8,6,3,5,1,en_curso
662,220,6.0,mejorada,1,4,2775761748300347022,1,1,13,8,9,7,3,6,1,en_curso
662,220,7.0,mejorada,1,4,2775761748300347022,1,1,15,11,11,7,2,7,1,en_curso
662,220,8.0,mejorada,1,4,2775761748300347022,1,4,17,11,13,7,1,8,1,perdido
663,221,1.0,mejorada,1,2,4506392421548718624,0,0,0,10,0,0,2,1,1,en_curso
663,221,2.0,mejorada,1,2,4506392421548718624,0,0,4,10,3,1,0,2,1,en_curso
663,221,3.0,mejorada,1,2,4506392421548718624,0,0,7,7,6,2,2,3,1,en_curso
663,221,4.0,mejorada,1,2,4506392421548718624,0,0,7,4,6,5,2,4,1,en_curso
663,221,5.0,mejorada,1,2,4506392421548718624,0,0,9,5,8,6,2,5,1,en_curso
663,221,6.0,mejorada,1,2,4506392421548718624,1,0,9,2,8,6,2,6,1,en_curso
663,221,7.0,mejorada,1,2,4506392421548718624,2,0,9,0,8,6,2,7,1,en_curso
663,221,8.0,mejorada,1,2,4506392421548718624,2,0,9,0,8,6,2,8,1,en_curso
663,221,9.0,mejorada,1,2,4506392421548718624,2,0,9,9,8,7,2,9,1,en_curso
663,221,10.0,mejorada,1,2,4506392421548718624,3,1,14,11,11,7,2,10,1,en_curso
663,221,11.0,mejorada,1,2,4506392421548718624,3,1,17,9,13,7,1,11,1,en_curso
663,221,12.0,mejorada,1,2,4506392421548718624,3,1,17,10,13,7,2,12,1,en_curso
663,221,13.0,mejorada,1,2,4506392421548718624,4,4,20,17,15,7,1,13,1,perdido
664,221,1.0,mejorada,1,3,4506392421548718624,0,0,0,10,0,0,3,1,1,en_curso
664,221,2.0,mejorada,1,3,4506392421548718624,0,0,4,10,3,1,0,2,1,en_curso
664,221,3.0,mejorada,1,3,4506392421548718624,0,0,7,7,6,2,2,3,1,en_curso
664,221,4.0,mejorada,1,3,4506392421548718624,0,0,10,9,9,4,3,4,1,en_curso
664,221,5.0,mejorada,1,3,4506392421548718624,1,0,13,8,10,5,1,5,1,en_curso
664,221,6.0,mejorada,1,3,4506392421548718624,1,0,24,9,17,7,3,6,1,perdido
665,221,1.0,mejorada,1,4,4506392421548718624,0,0,0,10,0,0,4,1,1,en_curso
665,221,2.0,mejorada,1,4,4506392421548718624,0,0,4,10,3,1,0,2,1,en_curso
665,221,3.0,mejorada,1,4,4506392421548718624,0,0,7,7,6,2,2,3,1,en_curso
665,221,4.0,mejorada,1,4,4506392421548718624,0,0,12,11,10,5,3,4,1,en_curso
665,221,5.0,mejorada,1,4,4506392421548718624,1,0,14,11,11,5,1,5,1,en_curso
665,221,6.0,mejorada,1,4,4506392421548718624,2,0,16,7,12,6,2,6,1,en_curso
665,221,7.0,mejorada,1,4,4506392421548718624,2,0,18,10,14,6,2,7,1,en_curso
665,221,8.0,mejorada,1,4,4506392421548718624,3,0,19,10,14,6,1,8,1,en_curso
665,221,9.0,mejorada,1,4,4506392421548718624,3,1,25,12,17,7,0,9,1,perdido
666,222,1.0,mejorada,1,2,6113843244235381328,0,0,0,10,0,0,2,1,1,en_curso
666,222,2.0,mejorada,1,2,6113843244235381328,0,0,2,7,2,1,2,2,1,en_curso
666,222,3.0,mejorada,1,2,6113843244235381328,0,1,2,7,2,5,2,3,1,en_curso
666,222,4.0,mejorada,1,2,6113843244235381328,0,1,4,6,4,5,2,4,1,en_curso
666,222,5.0,mejorada,1,2,6113843244235381328,0,2,5,10,5,6,1,5,1,en_curso
666,222,6.0,mejorada,1,2,6113843244235381328,0,2,8,8,8,6,2,6,1,en_curso
666,222,7.0,mejorada,1,2,6113843244235381328,0,4,13,9,13,6,1,7,1,perdido
667,222,1.0,mejorada,1,3,6113843244235381328,0,0,0,10,0,0,3,1,1,en_curso
667,222,2.0,mejorada,1,3,6113843244235381328,0,0,2,7,2,1,2,2,1,en_curso
667,222,3.0,mejorada,1,3,6113843244235381328,0,1,2,8,2,5,3,3,1,en_curso
667,222,4.0,mejorada,1,3,6113843244235381328,0,1,4,9,4,5,2,4,1,en_curso
667,222,5.0,mejorada,1,3,6113843244235381328,0,4,11,9,9,6,1,5,1,perdido
668,222,1.0,mejorada,1,4,6113843244235381328,0,0,0,10,0,0,4,1,1,en_curso
668,222,2.0,mejorada,1,4,6113843244235381328,0,0,2,7,2,0,2,2,1,en_curso
668,222,3.0,mejorada,1,4,6113843244235381328,0,1,4,9,4,5,3,3,1,en_curso
668,222,4.0,mejorada,1,4,6113843244235381328,0,1,6,9,6,5,2,4,1,en_curso
668,222,5.0,mejorada,1,4,6113843244235381328,0,4,14,16,11,6,1,5,1,perdido
669,223,1.0,mejorada,1,2,8814068826815106401,0,0,0,10,0,0,2,1,1,en_curso
669,223,2.0,mejorada,1,2,8814068826815106401,0,0,2,7,2,0,2,2,1,en_curso
669,223,3.0,mejorada,1,2,8814068826815106401,0,0,2,3,2,6,2,3,1,en_curso
669,223,4.0,mejorada,1,2,8814068826815106401,0,0,2,3,2,6,2,4,1,en_curso
669,223,5.0,mejorada,1,2,8814068826815106401,1,1,7,6,5,6,2,5,1,en_curso
669,223,6.0,mejorada,1,2,8814068826815106401,1,1,7,2,5,6,2,6,1,en_curso
669,223,7.0,mejorada,1,2,8814068826815106401,2,2,9,5,7,7,2,7,1,en_curso
669,223,8.0,mejorada,1,2,8814068826815106401,2,2,9,8,7,7,1,8,1,en_curso
669,223,9.0,mejorada,1,2,8814068826815106401,2,2,11,10,9,7,2,9,1,en_curso
669,223,10.0,mejorada,1,2,8814068826815106401,3,2,11,11,9,7,1,10,1,en_curso
669,223,11.0,mejorada,1,2,8814068826815106401,3,2,17,12,14,8,0,11,1,en_curso
669,223,12.0,mejorada,1,2,8814068826815106401,3,3,24,11,17,8,2,12,1,perdido
670,223,1.0,mejorada,1,3,8814068826815106401,0,0,0,10,0,0,3,1,1,en_curso
670,223,2.0,mejorada,1,3,8814068826815106401,0,0,2,7,2,0,2,2,1,en_curso
670,223,3.0,mejorada,1,3,8814068826815106401,1,0,2,3,2,6,3,3,1,en_curso
670,223,4.0,mejorada,1,3,8814068826815106401,1,0,2,4,2,6,3,4,1,en_curso
670,223,5.0,mejorada,1,3,8814068826815106401,2,1,7,7,6,6,3,5,1,en_curso
670,223,6.0,mejorada,1,3,8814068826815106401,2,1,7,3,6,7,3,6,1,en_curso
670,223,7.0,mejorada,1,3,8814068826815106401,2,3,7,6,6,7,3,7,1,en_curso
670,223,8.0,mejorada,1,3,8814068826815106401,3,3,11,10,10,7,3,8,1,en_curso
670,223,9.0,mejorada,1,3,8814068826815106401,3,3,11,9,10,7,0,9,1,en_curso
670,223,10.0,mejorada,1,3,8814068826815106401,3,3,14,6,12,7,2,10,1,en_curso
670,223,11.0,mejorada,1,3,8814068826815106401,4,3,17,5,13,7,3,11,1,en_curso
670,223,12.0,mejorada,1,3,8814068826815106401,5,3,17,1,13,7,3,12,1,en_curso
670,223,13.0,mejorada,1,3,8814068826815106401,7,3,17,6,13,7,3,13,1,ganado
671,223,1.0,mejorada,1,4,8814068826815106401,0,0,0,10,0,0,4,1,1,en_curso
671,223,2.0,mejorada,1,4,8814068826815106401,0,0,2,7,2,0,2,2,1,en_curso
671,223,3.0,mejorada,1,4,8814068826815106401,0,0,2,3,2,5,4,3,1,en_curso
671,223,4.0,mejorada,1,4,8814068826815106401,2,0,2,6,2,6,4,4,1,en_curso
671,223,5.0,mejorada,1,4,8814068826815106401,2,2,4,6,3,6,3,5,1,en_curso
671,223,6.0,mejorada,1,4,8814068826815106401,3,3,4,5,3,6,4,6,1,en_curso
671,223,7.0,mejorada,1,4,8814068826815106401,4,3,4,10,3,6,4,7,1,en_curso
671,223,8.0,mejorada,1,4,8814068826815106401,4,3,6,9,5,7,2,8,1,en_curso
671,223,9.0,mejorada,1,4,8814068826815106401,4,4,10,12,7,7,1,9,1,perdido
672,224,1.0,mejorada,1,2,2642000119086505860,0,0,0,10,0,0,2,1,1,en_curso
672,224,2.0,mejorada,1,2,2642000119086505860,0,0,0,4,0,0,1,2,1,en_curso
672,224,3.0,mejorada,1,2,2642000119086505860,0,0,0,3,0,5,2,3,1,en_curso
672,224,4.0,mejorada,1,2,2642000119086505860,0,0,0,1,0,5,2,4,1,en_curso
672,224,5.0,mejorada,1,2,2642000119086505860,0,1,0,3,0,5,2,5,1,en_curso
672,224,6.0,mejorada,1,2,2642000119086505860,0,1,3,4,3,5,2,6,1,en_curso
672,224,7.0,mejorada,1,2,2642000119086505860,1,1,6,6,3,5,2,7,1,en_curso
672,224,8.0,mejorada,1,2,2642000119086505860,1,3,7,8,4,7,1,8,1,en_curso
672,224,9.0,mejorada,1,2,2642000119086505860,1,3,7,9,4,7,2,9,1,en_curso
672,224,10.0,mejorada,1,2,2642000119086505860,1,3,7,4,4,7,1,10,1,en_curso
672,224,11.0,mejorada,1,2,2642000119086505860,1,3,7,6,4,8,2,11,1,en_curso
672,224,12.0,mejorada,1,2,2642000119086505860,2,5,12,11,8,8,2,12,1,perdido
673,224,1.0,mejorada,1,3,2642000119086505860,0,0,0,10,0,0,3,1,1,en_curso
673,224,2.0,mejorada,1,3,2642000119086505860,0,0,2,8,2,0,2,2,1,en_curso
673,224,3.0,mejorada,1,3,2642000119086505860,0,0,2,7,2,4,3,3,1,en_curso
673,224,4.0,mejorada,1,3,2642000119086505860,0,0,2,10,2,4,1,4,1,en_curso
673,224,5.0,mejorada,1,3,2642000119086505860,0,1,2,9,2,4,1,5,1,en_curso
673,224,6.0,mejorada,1,3,2642000119086505860,0,1,2,6,2,4,3,6,1,en_curso
673,224,7.0,mejorada,1,3,2642000119086505860,0,1,2,7,2,5,3,7,1,en_curso
673,224,8.0,mejorada,1,3,2642000119086505860,2,3,7,15,6,5,3,8,1,en_curso
673,224,9.0,mejorada,1,3,2642000119086505860,3,3,10,16,8,6,1,9,1,en_curso
673,224,10.0,mejorada,1,3,2642000119086505860,3,3,14,15,12,6,0,10,1,en_curso
673,224,11.0,mejorada,1,3,2642000119086505860,3,4,18,15,13,8,0,11,1,perdido
674,224,1.0,mejorada,1,4,2642000119086505860,0,0,0,10,0,0,4,1,1,en_curso
674,224,2.0,mejorada,1,4,2642000119086505860,0,0,2,8,2,0,2,2,1,en_curso
674,224,3.0,mejorada,1,4,2642000119086505860,0,0,2,9,2,4,4,3,1,en_curso
674,224,4.0,mejorada,1,4,2642000119086505860,0,0,2,11,2,4,0,4,1,en_curso
674,224,5.0,mejorada,1,4,2642000119086505860,0,1,3,9,3,4,0,5,1,en_curso
674,224,6.0,mejorada,1,4,2642000119086505860,0,1,6,8,6,5,4,6,1,en_curso
674,224,7.0,mejorada,1,4,2642000119086505860,0,1,12,7,9,6,2,7,1,en_curso
674,224,8.0,mejorada,1,4,2642000119086505860,0,1,17,9,11,6,3,8,1,en_curso
674,224,9.0,mejorada,1,4,2642000119086505860,3,1,19,10,11,6,3,9,1,en_curso
674,224,10.0,mejorada,1,4,2642000119086505860,3,3,24,17,16,8,1,10,1,perdido
675,225,1.0,mejorada,1,2,8529852206364137934,0,0,0,10,0,0,2,1,1,en_curso
675,225,2.0,mejorada,1,2,8529852206364137934,0,0,0,4,0,0,1,2,1,en_curso
675,225,3.0,mejorada,1,2,8529852206364137934,0,0,0,1,0,5,2,3,1,en_curso
675,225,4.0,mejorada,1,2,8529852206364137934,0,0,0,0,0,5,2,4,1,en_curso
675,225,5.0,mejorada,1,2,8529852206364137934,0,1,0,6,0,5,2,5,1,en_curso
675,225,6.0,mejorada,1,2,8529852206364137934,1,2,5,8,5,5,2,6,1,en_curso
675,225,7.0,mejorada,1,2,8529852206364137934,1,2,10,10,9,7,0,7,1,en_curso
675,225,8.0,mejorada,1,2,8529852206364137934,1,2,15,8,12,7,0,8,1,en_curso
675,225,9.0,mejorada,1,2,8529852206364137934,1,2,18,4,12,7,2,9,1,en_curso
675,225,10.0,mejorada,1,2,8529852206364137934,3,3,19,8,12,7,2,10,1,en_curso
675,225,11.0,mejorada,1,2,8529852206364137934,3,3,19,7,12,7,1,11,1,en_curso
675,225,12.0,mejorada,1,2,8529852206364137934,3,3,20,8,13,7,2,12,1,en_curso
675,225,13.0,mejorada,1,2,8529852206364137934,3,3,24,9,15,7,2,13,1,perdido
676,225,1.0,mejorada,1,3,8529852206364137934,0,0,0,10,0,0,3,1,1,en_curso
676,225,2.0,mejorada,1,3,8529852206364137934,0,0,0,5,0,0,2,2,1,en_curso
676,225,3.0,mejorada,1,3,8529852206364137934,0,0,2,6,2,5,3,3,1,en_curso
676,225,4.0,mejorada,1,3,8529852206364137934,0,0,7,7,5,6,3,4,1,en_curso
676,225,5.0,mejorada,1,3,8529852206364137934,0,0,11,15,8,7,1,5,1,en_curso
676,225,6.0,mejorada,1,3,8529852206364137934,0,0,11,15,8,7,1,6,1,en_curso
676,225,7.0,mejorada,1,3,8529852206364137934,0,0,11,9,8,7,1,7,1,en_curso
676,225,8.0,mejorada,1,3,8529852206364137934,1,0,11,7,8,7,2,8,1,en_curso
676,225,9.0,mejorada,1,3,8529852206364137934,1,0,12,13,9,7,1,9,1,en_curso
676,225,10.0,mejorada,1,3,8529852206364137934,1,0,19,8,15,7,0,10,1,en_curso
676,225,11.0,mejorada,1,3,8529852206364137934,1,2,25,11,17,7,0,11,1,perdido
677,225,1.0,mejorada,1,4,8529852206364137934,0,0,0,10,0,0,4,1,1,en_curso
677,225,2.0,mejorada,1,4,8529852206364137934,0,0,0,7,0,1,3,2,1,en_curso
677,225,3.0,mejorada,1,4,8529852206364137934,0,0,2,10,2,7,4,3,1,en_curso
677,225,4.0,mejorada,1,4,8529852206364137934,0,0,7,9,5,7,1,4,1,en_curso
677,225,5.0,mejorada,1,4,8529852206364137934,0,1,7,8,5,7,0,5,1,en_curso
677,225,6.0,mejorada,1,4,8529852206364137934,0,1,11,12,7,7,1,6,1,en_curso
677,225,7.0,mejorada,1,4,8529852206364137934,0,1,13,12,9,7,1,7,1,en_curso
677,225,8.0,mejorada,1,4,8529852206364137934,1,1,25,17,18,7,0,8,1,perdido
678,226,1.0,mejorada,1,2,229288337702429089,0,0,0,10,0,0,2,1,1,en_curso
678,226,2.0,mejorada,1,2,229288337702429089,0,0,0,7,0,0,1,2,1,en_curso
678,226,3.0,mejorada,1,2,229288337702429089,0,0,0,4,0,2,2,3,1,en_curso
678,226,4.0,mejorada,1,2,229288337702429089,0,0,0,5,0,6,2,4,1,en_curso
678,226,5.0,mejorada,1,2,229288337702429089,0,0,0,3,0,6,2,5,1,en_curso
678,226,6.0,mejorada,1,2,229288337702429089,0,0,0,5,0,6,2,6,1,en_curso
678,226,7.0,mejorada,1,2,229288337702429089,2,0,3,5,3,7,2,7,1,en_curso
678,226,8.0,mejorada,1,2,229288337702429089,3,0,3,2,3,7,2,8,1,en_curso
678,226,9.0,mejorada,1,2,229288337702429089,4,0,3,5,3,7,2,9,1,en_curso
678,226,10.0,mejorada,1,2,229288337702429089,4,0,3,2,3,7,2,10,1,en_curso
678,226,11.0,mejorada,1,2,229288337702429089,5,0,3,1,3,7,2,11,1,en_curso
678,226,12.0,mejorada,1,2,229288337702429089,5,0,3,2,3,7,2,12,1,en_curso
678,226,13.0,mejorada,1,2,229288337702429089,7,0,3,2,3,7,2,13,1,ganado
679,226,1.0,mejorada,1,3,229288337702429089,0,0,0,10,0,0,3,1,1,en_curso
679,226,2.0,mejorada,1,3,229288337702429089,0,0,0,7,0,0,1,2,1,en_curso
679,226,3.0,mejorada,1,3,229288337702429089,0,0,0,5,0,2,3,3,1,en_curso
679,226,4.0,mejorada,1,3,229288337702429089,0,0,0,6,0,5,3,4,1,en_curso
679,226,5.0,mejorada,1,3,229288337702429089,1,0,5,10,4,6,3,5,1,en_curso
679,226,6.0,mejorada,1,3,229288337702429089,2,0,5,6,4,6,2,6,1,en_curso
679,226,7.0,mejorada,1,3,229288337702429089,3,0,10,11,9,6,2,7,1,en_curso
679,226,8.0,mejorada,1,3,229288337702429089,3,0,11,14,10,6,0,8,1,en_curso
679,226,9.0,mejorada,1,3,229288337702429089,3,0,12,9,11,6,0,9,1,en_curso
679,226,10.0,mejorada,1,3,229288337702429089,3,0,14,10,13,7,0,10,1,en_curso
679,226,11.0,mejorada,1,3,229288337702429089,3,0,14,4,13,7,1,11,1,en_curso
679,226,12.0,mejorada,1,3,229288337702429089,3,0,14,8,13,7,3,12,1,en_curso
679,226,13.0,mejorada,1,3,229288337702429089,4,0,14,7,13,7,3,13,1,en_curso
679,226,14.0,mejorada,1,3,229288337702429089,4,1,16,7,15,7,2,14,1,en_curso
679,226,15.0,mejorada,1,3,229288337702429089,5,2,16,7,15,7,3,15,1,en_curso
679,226,16.0,mejorada,1,3,229288337702429089,7,2,26,11,20,7,3,16,1,perdido
680,226,1.0,mejorada,1,4,229288337702429089,0,0,0,10,0,0,4,1,1,en_curso
680,226,2.0,mejorada,1,4,229288337702429089,0,0,1,10,1,1,2,2,1,en_curso
680,226,3.0,mejorada,1,4,229288337702429089,0,0,1,7,1,3,3,3,1,en_curso
680,226,4.0,mejorada,1,4,229288337702429089,0,0,2,11,2,6,4,4,1,en_curso
680,226,5.0,mejorada,1,4,229288337702429089,2,0,4,11,4,6,3,5,1,en_curso
680,226,6.0,mejorada,1,4,229288337702429089,3,0,4,10,4,6,3,6,1,en_curso
680,226,7.0,mejorada,1,4,229288337702429089,3,0,4,10,4,6,3,7,1,en_curso
680,226,8.0,mejorada,1,4,229288337702429089,5,0,7,15,7,6,3,8,1,en_curso
680,226,9.0,mejorada,1,4,229288337702429089,5,0,7,13,7,6,1,9,1,en_curso
680,226,10.0,mejorada,1,4,229288337702429089,5,1,11,18,11,7,1,10,1,en_curso
680,226,11.0,mejorada,1,4,229288337702429089,5,1,14,13,13,7,0,11,1,en_curso
680,226,12.0,mejorada,1,4,229288337702429089,5,1,17,10,14,7,0,12,1,en_curso
680,226,13.0,mejorada,1,4,229288337702429089,5,1,20,9,16,7,1,13,1,en_curso
680,226,14.0,mejorada,1,4,229288337702429089,5,2,25,14,19,8,2,14,1,perdido
681,227,1.0,mejorada,1,2,5120798098513749764,0,0,0,10,0,0,2,1,1,en_curso
681,227,2.0,mejorada,1,2,5120798098513749764,0,0,8,7,8,2,1,2,1,en_curso
681,227,3.0,mejorada,1,2,5120798098513749764,0,0,11,6,8,5,2,3,1,en_curso
681,227,4.0,mejorada,1,2,5120798098513749764,0,0,11,5,8,7,2,4,1,en_curso
681,227,5.0,mejorada,1,2,5120798098513749764,0,0,11,2,8,8,2,5,1,en_curso
681,227,6.0,mejorada,1,2,5120798098513749764,0,0,11,2,8,8,2,6,1,en_curso
681,227,7.0,mejorada,1,2,5120798098513749764,1,1,14,4,11,8,2,7,1,en_curso
681,227,8.0,mejorada,1,2,5120798098513749764,2,1,14,2,11,8,2,8,1,en_curso
681,227,9.0,mejorada,1,2,5120798098513749764,2,1,16,6,13,8,2,9,1,en_curso
681,227,10.0,mejorada,1,2,5120798098513749764,2,2,16,9,13,8,2,10,1,en_curso
681,227,11.0,mejorada,1,2,5120798098513749764,2,3,16,8,13,8,2,11,1,en_curso
681,227,12.0,mejorada,1,2,5120798098513749764,2,3,16,6,13,8,2,12,1,en_curso
681,227,13.0,mejorada,1,2,5120798098513749764,2,4,21,10,17,8,2,13,1,perdido
682,227,1.0,mejorada,1,3,5120798098513749764,0,0,0,10,0,0,3,1,1,en_curso
682,227,2.0,mejorada,1,3,5120798098513749764,0,0,8,7,8,2,1,2,1,en_curso
682,227,3.0,mejorada,1,3,5120798098513749764,0,0,11,6,8,5,3,3,1,en_curso
682,227,4.0,mejorada,1,3,5120798098513749764,0,0,11,7,8,7,3,4,1,en_curso
682,227,5.0,mejorada,1,3,5120798098513749764,0,0,11,6,8,8,3,5,1,en_curso
682,227,6.0,mejorada,1,3,5120798098513749764,0,0,11,7,8,8,3,6,1,en_curso
682,227,7.0,mejorada,1,3,5120798098513749764,1,0,11,8,8,8,3,7,1,en_curso
682,227,8.0,mejorada,1,3,5120798098513749764,2,1,13,13,10,8,3,8,1,en_curso
682,227,9.0,mejorada,1,3,5120798098513749764,3,2,18,19,14,8,3,9,1,en_curso
682,227,10.0,mejorada,1,3,5120798098513749764,4,3,25,20,19,8,2,10,1,perdido
683,227,1.0,mejorada,1,4,5120798098513749764,0,0,0,10,0,0,4,1,1,en_curso
683,227,2.0,mejorada,1,4,5120798098513749764,0,0,8,7,8,2,1,2,1,en_curso
683,227,3.0,mejorada,1,4,5120798098513749764,0,0,11,6,8,4,4,3,1,en_curso
683,227,4.0,mejorada,1,4,5120798098513749764,0,0,11,11,8,7,3,4,1,en_curso
683,227,5.0,mejorada,1,4,5120798098513749764,0,2,11,11,8,8,2,5,1,en_curso
683,227,6.0,mejorada,1,4,5120798098513749764,0,2,11,13,8,8,2,6,1,en_curso
683,227,7.0,mejorada,1,4,5120798098513749764,1,2,14,17,11,8,2,7,1,en_curso
683,227,8.0,mejorada,1,4,5120798098513749764,3,2,24,20,18,8,1,8,1,perdido
684,228,1.0,mejorada,1,2,5847388317141204593,0,0,0,10,0,0,2,1,1,en_curso
684,228,2.0,mejorada,1,2,5847388317141204593,0,0,0,6,0,0,2,2,1,en_curso
684,228,3.0,mejorada,1,2,5847388317141204593,0,0,0,4,0,5,2,3,1,en_curso
684,228,4.0,mejorada,1,2,5847388317141204593,0,0,0,0,0,6,2,4,1,en_curso
684,228,5.0,mejorada,1,2,5847388317141204593,0,0,0,2,0,6,2,5,1,en_curso
684,228,6.0,mejorada,1,2,5847388317141204593,0,0,0,0,0,6,2,6,1,en_curso
684,228,7.0,mejorada,1,2,5847388317141204593,0,0,0,1,0,6,2,7,1,en_curso
684,228,8.0,mejorada,1,2,5847388317141204593,2,1,6,6,3,7,2,8,1,en_curso
684,228,9.0,mejorada,1,2,5847388317141204593,2,2,9,8,6,8,2,9,1,en_curso
684,228,10.0,mejorada,1,2,5847388317141204593,2,2,9,6,6,8,2,10,1,en_curso
684,228,11.0,mejorada,1,2,5847388317141204593,2,2,9,8,6,8,2,11,1,en_curso
684,228,12.0,mejorada,1,2,5847388317141204593,2,2,9,5,6,8,2,12,1,en_curso
684,228,13.0,mejorada,1,2,5847388317141204593,3,2,11,6,8,8,2,13,1,en_curso
684,228,14.0,mejorada,1,2,5847388317141204593,5,2,13,10,10,8,2,14,1,en_curso
684,228,15.0,mejorada,1,2,5847388317141204593,5,2,13,15,10,8,1,15,1,en_curso
684,228,16.0,mejorada,1,2,5847388317141204593,6,2,20,16,14,8,1,16,1,en_curso
684,228,17.0,mejorada,1,2,5847388317141204593,6,2,26,13,18,8,0,17,1,perdido
685,228,1.0,mejorada,1,3,5847388317141204593,0,0,0,10,0,0,3,1,1,en_curso
685,228,2.0,mejorada,1,3,5847388317141204593,0,0,0,6,0,0,2,2,1,en_curso
685,228,3.0,mejorada,1,3,5847388317141204593,0,0,0,5,0,5,3,3,1,en_curso
685,228,4.0,mejorada,1,3,5847388317141204593,1,0,1,7,1,5,3,4,1,en_curso
685,228,5.0,mejorada,1,3,5847388317141204593,1,0,1,6,1,5,3,5,1,en_curso
685,228,6.0,mejorada,1,3,5847388317141204593,1,0,1,8,1,6,3,6,1,en_curso
685,228,7.0,mejorada,1,3,5847388317141204593,2,0,8,10,5,6,3,7,1,en_curso
685,228,8.0,mejorada,1,3,5847388317141204593,4,1,10,12,7,6,2,8,1,en_curso
685,228,9.0,mejorada,1,3,5847388317141204593,4,2,13,10,10,7,0,9,1,en_curso
685,228,10.0,mejorada,1,3,5847388317141204593,4,2,14,11,11,7,0,10,1,en_curso
685,228,11.0,mejorada,1,3,5847388317141204593,4,2,14,9,11,8,0,11,1,en_curso
685,228,12.0,mejorada,1,3,5847388317141204593,4,2,14,10,11,8,0,12,1,en_curso
685,228,13.0,mejorada,1,3,5847388317141204593,4,4,16,9,13,8,3,13,1,perdido
686,228,1.0,mejorada,1,4,5847388317141204593,0,0,0,10,0,0,4,1,1,en_curso
686,228,2.0,mejorada,1,4,5847388317141204593,0,0,1,10,1,0,3,2,1,en_curso
686,228,3.0,mejorada,1,4,5847388317141204593,1,0,2,10,1,4,2,3,1,en_curso
686,228,4.0,mejorada,1,4,5847388317141204593,1,0,3,13,2,5,3,4,1,en_curso
686,228,5.0,mejorada,1,4,5847388317141204593,1,1,4,15,3,6,1,5,1,en_curso
686,228,6.0,mejorada,1,4,5847388317141204593,1,2,6,13,5,6,1,6,1,en_curso
686,228,7.0,mejorada,1,4,5847388317141204593,2,2,16,12,12,6,1,7,1,en_curso
686,228,8.0,mejorada,1,4,5847388317141204593,2,2,16,13,12,6,0,8,1,en_curso
686,228,9.0,mejorada,1,4,5847388317141204593,2,3,16,12,12,7,1,9,1,en_curso
686,228,10.0,mejorada,1,4,5847388317141204593,3,4,23,17,18,7,1,10,1,perdido
687,229,1.0,mejorada,1,2,976731152530218924,0,0,0,10,0,0,2,1,1,en_curso
687,229,2.0,mejorada,1,2,976731152530218924,0,0,2,6,2,0,1,2,1,en_curso
687,229,3.0,mejorada,1,2,976731152530218924,0,0,2,5,2,5,2,3,1,en_curso
687,229,4.0,mejorada,1,2,976731152530218924,0,1,2,5,2,6,2,4,1,en_curso
687,229,5.0,mejorada,1,2,976731152530218924,0,2,2,4,2,7,2,5,1,en_curso
687,229,6.0,mejorada,1,2,976731152530218924,1,2,2,3,2,7,2,6,1,en_curso
687,229,7.0,mejorada,1,2,976731152530218924,1,2,2,4,2,7,2,7,1,en_curso
687,229,8.0,mejorada,1,2,976731152530218924,2,2,6,4,6,7,2,8,1,en_curso
687,229,9.0,mejorada,1,2,976731152530218924,2,2,6,2,6,7,2,9,1,en_curso
687,229,10.0,mejorada,1,2,976731152530218924,3,2,6,10,6,7,2,10,1,en_curso
687,229,11.0,mejorada,1,2,976731152530218924,4,2,6,14,6,7,1,11,1,en_curso
687,229,12.0,mejorada,1,2,976731152530218924,4,3,9,12,9,7,0,12,1,en_curso
687,229,13.0,mejorada,1,2,976731152530218924,4,4,11,12,10,7,1,13,1,perdido
688,229,1.0,mejorada,1,3,976731152530218924,0,0,0,10,0,0,3,1,1,en_curso
688,229,2.0,mejorada,1,3,976731152530218924,0,0,2,9,2,1,1,2,1,en_curso
688,229,3.0,mejorada,1,3,976731152530218924,0,0,2,5,2,5,3,3,1,en_curso
688,229,4.0,mejorada,1,3,976731152530218924,0,0,6,9,6,6,2,4,1,en_curso
688,229,5.0,mejorada,1,3,976731152530218924,0,1,12,10,10,6,1,5,1,en_curso
688,229,6.0,mejorada,1,3,976731152530218924,0,1,16,13,12,6,1,6,1,en_curso
688,229,7.0,mejorada,1,3,976731152530218924,0,1,17,15,13,6,1,7,1,en_curso
688,229,8.0,mejorada,1,3,976731152530218924,0,2,24,16,15,6,1,8,1,perdido
689,229,1.0,mejorada,1,4,976731152530218924,0,0,0,10,0,0,4,1,1,en_curso
689,229,2.0,mejorada,1,4,976731152530218924,0,0,2,7,2,1,2,2,1,en_curso
689,229,3.0,mejorada,1,4,976731152530218924,0,0,2,8,2,7,4,3,1,en_curso
689,229,4.0,mejorada,1,4,976731152530218924,1,1,3,11,3,7,4,4,1,en_curso
689,229,5.0,mejorada,1,4,976731152530218924,1,1,6,10,5,7,1,5,1,en_curso
689,229,6.0,mejorada,1,4,976731152530218924,1,1,6,8,5,7,1,6,1,en_curso
689,229,7.0,mejorada,1,4,976731152530218924,1,2,7,12,6,7,1,7,1,en_curso
689,229,8.0,mejorada,1,4,976731152530218924,2,2,7,10,6,7,1,8,1,en_curso
689,229,9.0,mejorada,1,4,976731152530218924,2,2,11,10,10,7,0,9,1,en_curso
689,229,10.0,mejorada,1,4,976731152530218924,2,3,11,8,10,7,0,10,1,en_curso
689,229,11.0,mejorada,1,4,976731152530218924,2,3,11,8,10,7,3,11,1,en_curso
689,229,12.0,mejorada,1,4,976731152530218924,2,4,22,11,19,8,3,12,1,perdido
690,230,1.0,mejorada,1,2,1294404315222758923,0,0,0,10,0,0,2,1,1,en_curso
690,230,2.0,mejorada,1,2,1294404315222758923,0,0,0,5,0,0,2,2,1,en_curso
690,230,3.0,mejorada,1,2,1294404315222758923,0,1,0,3,0,5,2,3,1,en_curso
690,230,4.0,mejorada,1,2,1294404315222758923,0,1,0,3,0,5,2,4,1,en_curso
690,230,5.0,mejorada,1,2,1294404315222758923,1,3,3,11,3,7,2,5,1,en_curso
690,230,6.0,mejorada,1,2,1294404315222758923,3,3,3,10,3,8,2,6,1,en_curso
690,230,7.0,mejorada,1,2,1294404315222758923,3,3,3,9,3,8,2,7,1,en_curso
690,230,8.0,mejorada,1,2,1294404315222758923,5,3,5,12,5,8,2,8,1,en_curso
690,230,9.0,mejorada,1,2,1294404315222758923,5,3,8,9,7,8,0,9,1,en_curso
690,230,10.0,mejorada,1,2,1294404315222758923,5,3,11,9,8,8,2,10,1,en_curso
690,230,11.0,mejorada,1,2,1294404315222758923,5,3,11,7,8,8,1,11,1,en_curso
690,230,12.0,mejorada,1,2,1294404315222758923,5,3,16,9,11,8,1,12,1,en_curso
690,230,13.0,mejorada,1,2,1294404315222758923,5,4,16,5,11,8,2,13,1,perdido
691,230,1.0,mejorada,1,3,1294404315222758923,0,0,0,10,0,0,3,1,1,en_curso
691,230,2.0,mejorada,1,3,1294404315222758923,0,0,0,5,0,0,2,2,1,en_curso
691,230,3.0,mejorada,1,3,1294404315222758923,0,1,0,3,0,5,3,3,1,en_curso
691,230,4.0,mejorada,1,3,1294404315222758923,0,1,0,3,0,5,3,4,1,en_curso
691,230,5.0,mejorada,1,3,1294404315222758923,1,3,3,11,3,7,2,5,1,en_curso
691,230,6.0,mejorada,1,3,1294404315222758923,3,3,3,10,3,8,2,6,1,en_curso
691,230,7.0,mejorada,1,3,1294404315222758923,3,3,3,9,3,8,2,7,1,en_curso
691,230,8.0,mejorada,1,3,1294404315222758923,5,3,5,12,5,8,2,8,1,en_curso
691,230,9.0,mejorada,1,3,1294404315222758923,5,3,8,9,7,8,0,9,1,en_curso
691,230,10.0,mejorada,1,3,1294404315222758923,5,3,11,9,8,8,2,10,1,en_curso
691,230,11.0,mejorada,1,3,1294404315222758923,5,3,11,7,8,8,1,11,1,en_curso
691,230,12.0,mejorada,1,3,1294404315222758923,5,3,16,9,11,8,1,12,1,en_curso
691,230,13.0,mejorada,1,3,1294404315222758923,5,4,16,5,11,8,3,13,1,perdido
692,230,1.0,mejorada,1,4,1294404315222758923,0,0,0,10,0,0,4,1,1,en_curso
692,230,2.0,mejorada,1,4,1294404315222758923,0,0,0,6,0,1,3,2,1,en_curso
692,230,3.0,mejorada,1,4,1294404315222758923,0,1,0,6,0,6,4,3,1,en_curso
692,230,4.0,mejorada,1,4,1294404315222758923,0,2,0,7,0,7,3,4,1,en_curso
692,230,5.0,mejorada,1,4,1294404315222758923,1,3,2,19,2,7,2,5,1,en_curso
692,230,6.0,mejorada,1,4,1294404315222758923,2,4,10,15,10,7,0,6,1,perdido
693,231,1.0,mejorada,1,2,3865647293027420680,0,0,0,10,0,0,2,1,1,en_curso
693,231,2.0,mejorada,1,2,3865647293027420680,0,0,2,7,2,0,1,2,1,en_curso
693,231,3.0,mejorada,1,2,3865647293027420680,0,0,7,7,6,5,2,3,1,en_curso
693,231,4.0,mejorada,1,2,3865647293027420680,0,0,7,1,6,7,2,4,1,en_curso
693,231,5.0,mejorada,1,2,3865647293027420680,0,0,7,0,6,7,2,5,1,en_curso
693,231,6.0,mejorada,1,2,3865647293027420680,0,1,7,7,6,7,2,6,1,en_curso
693,231,7.0,mejorada,1,2,3865647293027420680,0,1,7,1,6,7,2,7,1,en_curso
693,231,8.0,mejorada,1,2,3865647293027420680,1,1,7,2,6,7,2,8,1,en_curso
693,231,9.0,mejorada,1,2,3865647293027420680,3,1,7,5,6,7,2,9,1,en_curso
693,231,10.0,mejorada,1,2,3865647293027420680,3,1,7,6,6,8,2,10,1,en_curso
693,231,11.0,mejorada,1,2,3865647293027420680,3,1,7,6,6,8,2,11,1,en_curso
693,231,12.0,mejorada,1,2,3865647293027420680,3,1,11,9,10,8,2,12,1,en_curso
693,231,13.0,mejorada,1,2,3865647293027420680,4,2,17,8,13,8,1,13,1,en_curso
693,231,14.0,mejorada,1,2,3865647293027420680,5,3,24,17,17,8,0,14,1,perdido
694,231,1.0,mejorada,1,3,3865647293027420680,0,0,0,10,0,0,3,1,1,en_curso
694,231,2.0,mejorada,1,3,3865647293027420680,0,0,2,8,2,0,2,2,1,en_curso
694,231,3.0,mejorada,1,3,3865647293027420680,0,0,7,8,6,5,3,3,1,en_curso
694,231,4.0,mejorada,1,3,3865647293027420680,1,1,10,9,9,6,3,4,1,en_curso
694,231,5.0,mejorada,1,3,3865647293027420680,1,1,12,8,9,6,3,5,1,en_curso
694,231,6.0,mejorada,1,3,3865647293027420680,2,1,12,7,9,6,3,6,1,en_curso
694,231,7.0,mejorada,1,3,3865647293027420680,3,1,12,6,9,6,3,7,1,en_curso
694,231,8.0,mejorada,1,3,3865647293027420680,3,1,12,5,9,6,3,8,1,en_curso
694,231,9.0,mejorada,1,3,3865647293027420680,4,2,14,6,10,6,3,9,1,en_curso
694,231,10.0,mejorada,1,3,3865647293027420680,7,3,17,10,12,7,3,10,1,ganado
695,231,1.0,mejorada,1,4,3865647293027420680,0,0,0,10,0,0,4,1,1,en_curso
695,231,2.0,mejorada,1,4,3865647293027420680,0,0,2,8,2,0,2,2,1,en_curso
695,231,3.0,mejorada,1,4,3865647293027420680,0,0,7,8,6,5,3,3,1,en_curso
695,231,4.0,mejorada,1,4,3865647293027420680,1,0,12,9,10,7,3,4,1,en_curso
695,231,5.0,mejorada,1,4,3865647293027420680,1,1,12,8,10,7,1,5,1,en_curso
695,231,6.0,mejorada,1,4,3865647293027420680,2,1,12,8,10,7,4,6,1,en_curso
695,231,7.0,mejorada,1,4,3865647293027420680,2,1,15,10,12,7,2,7,1,en_curso
695,231,8.0,mejorada,1,4,3865647293027420680,3,1,17,9,13,7,2,8,1,en_curso
695,231,9.0,mejorada,1,4,3865647293027420680,3,1,18,12,13,7,1,9,1,en_curso
695,231,10.0,mejorada,1,4,3865647293027420680,3,1,18,11,13,7,1,10,1,en_curso
695,231,11.0,mejorada,1,4,3865647293027420680,4,4,24,19,17,8,1,11,1,perdido
696,232,1.0,mejorada,1,2,8911916399578143358,0,0,0,10,0,0,2,1,1,en_curso
696,232,2.0,mejorada,1,2,8911916399578143358,0,0,0,6,0,0,1,2,1,en_curso
696,232,3.0,mejorada,1,2,8911916399578143358,0,0,3,2,3,3,2,3,1,en_curso
696,232,4.0,mejorada,1,2,8911916399578143358,0,0,3,1,3,4,2,4,1,en_curso
696,232,5.0,mejorada,1,2,8911916399578143358,0,0,3,2,3,4,2,5,1,en_curso
696,232,6.0,mejorada,1,2,8911916399578143358,0,0,3,0,3,4,2,6,1,en_curso
696,232,7.0,mejorada,1,2,8911916399578143358,2,0,3,0,3,4,2,7,1,en_curso
696,232,8.0,mejorada,1,2,8911916399578143358,2,0,3,7,3,5,2,8,1,en_curso
696,232,9.0,mejorada,1,2,8911916399578143358,2,0,7,5,4,6,2,9,1,en_curso
696,232,10.0,mejorada,1,2,8911916399578143358,2,0,11,3,8,6,2,10,1,en_curso
696,232,11.0,mejorada,1,2,8911916399578143358,3,0,11,1,8,6,2,11,1,en_curso
696,232,12.0,mejorada,1,2,8911916399578143358,3,0,13,12,10,7,2,12,1,en_curso
696,232,13.0,mejorada,1,2,8911916399578143358,3,0,13,14,10,7,1,13,1,en_curso
696,232,14.0,mejorada,1,2,8911916399578143358,3,0,20,15,13,7,1,14,1,en_curso
696,232,15.0,mejorada,1,2,8911916399578143358,3,0,20,12,13,7,1,15,1,en_curso
696,232,16.0,mejorada,1,2,8911916399578143358,4,0,22,10,15,7,1,16,1,en_curso
696,232,17.0,mejorada,1,2,8911916399578143358,4,0,25,9,18,7,0,17,1,perdido
697,232,1.0,mejorada,1,3,8911916399578143358,0,0,0,10,0,0,3,1,1,en_curso
697,232,2.0,mejorada,1,3,8911916399578143358,0,0,0,6,0,0,1,2,1,en_curso
697,232,3.0,mejorada,1,3,8911916399578143358,0,0,3,2,3,3,3,3,1,en_curso
697,232,4.0,mejorada,1,3,8911916399578143358,0,0,3,1,3,4,3,4,1,en_curso
697,232,5.0,mejorada,1,3,8911916399578143358,0,0,3,3,3,5,3,5,1,en_curso
697,232,6.0,mejorada,1,3,8911916399578143358,1,0,3,1,3,5,3,6,1,en_curso
697,232,7.0,mejorada,1,3,8911916399578143358,2,0,3,0,3,5,3,7,1,en_curso
697,232,8.0,mejorada,1,3,8911916399578143358,2,1,5,8,5,7,3,8,1,en_curso
697,232,9.0,mejorada,1,3,8911916399578143358,3,2,8,9,8,7,2,9,1,en_curso
697,232,10.0,mejorada,1,3,8911916399578143358,3,2,11,7,11,7,2,10,1,en_curso
697,232,11.0,mejorada,1,3,8911916399578143358,4,2,11,8,11,7,3,11,1,en_curso
697,232,12.0,mejorada,1,3,8911916399578143358,4,2,14,11,14,7,2,12,1,en_curso
697,232,13.0,mejorada,1,3,8911916399578143358,4,2,19,8,17,8,1,13,1,en_curso
697,232,14.0,mejorada,1,3,8911916399578143358,5,2,26,14,21,8,1,14,1,perdido
698,232,1.0,mejorada,1,4,8911916399578143358,0,0,0,10,0,0,4,1,1,en_curso
698,232,2.0,mejorada,1,4,8911916399578143358,0,0,0,7,0,1,2,2,1,en_curso
698,232,3.0,mejorada,1,4,8911916399578143358,0,0,4,7,4,4,4,3,1,en_curso
698,232,4.0,mejorada,1,4,8911916399578143358,0,0,4,5,4,5,4,4,1,en_curso
698,232,5.0,mejorada,1,4,8911916399578143358,0,0,4,9,4,5,3,5,1,en_curso
698,232,6.0,mejorada,1,4,8911916399578143358,0,0,6,6,6,6,1,6,1,en_curso
698,232,7.0,mejorada,1,4,8911916399578143358,0,0,6,4,6,6,4,7,1,en_curso
698,232,8.0,mejorada,1,4,8911916399578143358,0,0,6,9,6,7,4,8,1,en_curso
698,232,9.0,mejorada,1,4,8911916399578143358,0,0,6,15,6,7,4,9,1,en_curso
698,232,10.0,mejorada,1,4,8911916399578143358,2,0,10,12,10,7,4,10,1,en_curso
698,232,11.0,mejorada,1,4,8911916399578143358,3,1,12,25,11,7,2,11,1,en_curso
698,232,12.0,mejorada,1,4,8911916399578143358,4,2,24,24,19,7,1,12,1,perdido
699,233,1.0,mejorada,1,2,5497522218277438576,0,0,0,10,0,0,2,1,1,en_curso
699,233,2.0,mejorada,1,2,5497522218277438576,0,0,6,5,6,1,0,2,1,en_curso
699,233,3.0,mejorada,1,2,5497522218277438576,0,0,12,4,9,3,2,3,1,en_curso
699,233,4.0,mejorada,1,2,5497522218277438576,0,0,12,3,9,6,2,4,1,en_curso
699,233,5.0,mejorada,1,2,5497522218277438576,0,0,12,1,9,6,2,5,1,en_curso
699,233,6.0,mejorada,1,2,5497522218277438576,1,0,17,5,13,7,2,6,1,en_curso
699,233,7.0,mejorada,1,2,5497522218277438576,1,0,17,3,13,8,2,7,1,en_curso
699,233,8.0,mejorada,1,2,5497522218277438576,2,0,17,4,13,8,2,8,1,en_curso
699,233,9.0,mejorada,1,2,5497522218277438576,2,1,17,5,13,8,2,9,1,en_curso
699,233,10.0,mejorada,1,2,5497522218277438576,2,2,18,6,14,8,2,10,1,en_curso
699,233,11.0,mejorada,1,2,5497522218277438576,2,2,22,8,16,8,2,11,1,en_curso
699,233,12.0,mejorada,1,2,5497522218277438576,2,2,22,6,16,8,2,12,1,en_curso
699,233,13.0,mejorada,1,2,5497522218277438576,2,2,22,4,16,8,2,13,1,en_curso
699,233,14.0,mejorada,1,2,5497522218277438576,3,2,22,3,16,8,2,14,1,en_curso
699,233,15.0,mejorada,1,2,5497522218277438576,3,2,22,0,16,8,2,15,1,en_curso
699,233,16.0,mejorada,1,2,5497522218277438576,4,3,22,1,16,8,2,16,1,en_curso
699,233,17.0,mejorada,1,2,5497522218277438576,4,3,22,0,16,8,2,17,1,en_curso
699,233,18.0,mejorada,1,2,5497522218277438576,5,3,22,1,16,8,2,18,1,en_curso
699,233,19.0,mejorada,1,2,5497522218277438576,6,3,22,2,16,8,2,19,1,en_curso
699,233,20.0,mejorada,1,2,5497522218277438576,6,3,25,6,17,8,2,20,1,perdido
700,233,1.0,mejorada,1,3,5497522218277438576,0,0,0,10,0,0,3,1,1,en_curso
700,233,2.0,mejorada,1,3,5497522218277438576,0,0,6,6,6,1,1,2,1,en_curso
700,233,3.0,mejorada,1,3,5497522218277438576,0,0,10,5,8,3,3,3,1,en_curso
700,233,4.0,mejorada,1,3,5497522218277438576,0,0,10,3,8,5,3,4,1,en_curso
700,233,5.0,mejorada,1,3,5497522218277438576,1,0,12,5,8,6,3,5,1,en_curso
700,233,6.0,mejorada,1,3,5497522218277438576,2,1,14,12,9,6,2,6,1,en_curso
700,233,7.0,mejorada,1,3,5497522218277438576,2,3,24,18,16,7,1,7,1,perdido
701,233,1.0,mejorada,1,4,5497522218277438576,0,0,0,10,0,0,4,1,1,en_curso
701,233,2.0,mejorada,1,4,5497522218277438576,0,0,6,8,6,2,2,2,1,en_curso
701,233,3.0,mejorada,1,4,5497522218277438576,0,0,12,6,9,5,3,3,1,en_curso
701,233,4.0,mejorada,1,4,5497522218277438576,0,0,12,6,9,7,4,4,1,en_curso
701,233,5.0,mejorada,1,4,5497522218277438576,0,0,18,14,15,7,1,5,1,en_curso
701,233,6.0,mejorada,1,4,5497522218277438576,0,0,21,13,15,7,1,6,1,en_curso
701,233,7.0,mejorada,1,4,5497522218277438576,0,0,24,11,17,7,1,7,1,perdido
702,234,1.0,mejorada,1,2,8605620291843545556,0,0,0,10,0,0,2,1,1,en_curso
702,234,2.0,mejorada,1,2,8605620291843545556,0,0,6,6,4,0,1,2,1,en_curso
702,234,3.0,mejorada,1,2,8605620291843545556,0,0,6,3,4,3,2,3,1,en_curso
702,234,4.0,mejorada,1,2,8605620291843545556,0,0,6,1,4,5,2,4,1,en_curso
702,234,5.0,mejorada,1,2,8605620291843545556,0,1,6,5,4,7,2,5,1,en_curso
702,234,6.0,mejorada,1,2,8605620291843545556,1,1,6,5,4,8,2,6,1,en_curso
702,234,7.0,mejorada,1,2,8605620291843545556,1,1,6,2,4,8,2,7,1,en_curso
702,234,8.0,mejorada,1,2,8605620291843545556,2,1,6,2,4,8,2,8,1,en_curso
702,234,9.0,mejorada,1,2,8605620291843545556,4,1,6,4,4,8,2,9,1,en_curso
702,234,10.0,mejorada,1,2,8605620291843545556,4,1,6,5,4,8,2,10,1,en_curso
702,234,11.0,mejorada,1,2,8605620291843545556,4,1,9,8,7,8,1,11,1,en_curso
702,234,12.0,mejorada,1,2,8605620291843545556,4,1,9,7,7,8,2,12,1,en_curso
702,234,13.0,mejorada,1,2,8605620291843545556,4,1,9,3,7,8,2,13,1,en_curso
702,234,14.0,mejorada,1,2,8605620291843545556,5,1,9,5,7,8,2,14,1,en_curso
702,234,15.0,mejorada,1,2,8605620291843545556,5,1,9,3,7,8,2,15,1,en_curso
702,234,16.0,mejorada,1,2,8605620291843545556,7,1,9,5,7,8,2,16,1,ganado
703,234,1.0,mejorada,1,3,8605620291843545556,0,0,0,10,0,0,3,1,1,en_curso
703,234,2.0,mejorada,1,3,8605620291843545556,0,0,6,6,4,0,1,2,1,en_curso
703,234,3.0,mejorada,1,3,8605620291843545556,0,0,6,4,4,4,3,3,1,en_curso
703,234,4.0,mejorada,1,3,8605620291843545556,0,0,8,4,5,6,3,4,1,en_curso
703,234,5.0,mejorada,1,3,8605620291843545556,1,1,8,7,5,7,3,5,1,en_curso
703,234,6.0,mejorada,1,3,8605620291843545556,1,1,8,5,5,7,3,6,1,en_curso
703,234,7.0,mejorada,1,3,8605620291843545556,4,1,8,3,5,7,3,7,1,en_curso
703,234,8.0,mejorada,1,3,8605620291843545556,4,1,12,11,8,7,3,8,1,en_curso
703,234,9.0,mejorada,1,3,8605620291843545556,5,1,12,11,8,7,1,9,1,en_curso
703,234,10.0,mejorada,1,3,8605620291843545556,6,1,15,9,11,7,1,10,1,en_curso
703,234,11.0,mejorada,1,3,8605620291843545556,6,1,24,8,17,8,2,11,1,perdido
704,234,1.0,mejorada,1,4,8605620291843545556,0,0,0,10,0,0,4,1,1,en_curso
704,234,2.0,mejorada,1,4,8605620291843545556,0,0,6,6,4,0,1,2,1,en_curso
704,234,3.0,mejorada,1,4,8605620291843545556,0,0,6,5,4,2,4,3,1,en_curso
704,234,4.0,mejorada,1,4,8605620291843545556,0,0,6,5,4,6,4,4,1,en_curso
704,234,5.0,mejorada,1,4,8605620291843545556,0,1,10,11,6,7,2,5,1,en_curso
704,234,6.0,mejorada,1,4,8605620291843545556,0,1,10,8,6,7,3,6,1,en_curso
704,234,7.0,mejorada,1,4,8605620291843545556,1,1,10,5,6,7,4,7,1,en_curso
704,234,8.0,mejorada,1,4,8605620291843545556,2,2,12,10,7,7,4,8,1,en_curso
704,234,9.0,mejorada,1,4,8605620291843545556,5,3,14,14,9,7,2,9,1,en_curso
704,234,10.0,mejorada,1,4,8605620291843545556,5,3,15,13,10,7,0,10,1,en_curso
704,234,11.0,mejorada,1,4,8605620291843545556,5,3,24,13,18,8,0,11,1,perdido
705,235,1.0,mejorada,1,2,7418919976603579272,0,0,0,10,0,0,2,1,1,en_curso
705,235,2.0,mejorada,1,2,7418919976603579272,0,0,3,4,3,0,1,2,1,en_curso
705,235,3.0,mejorada,1,2,7418919976603579272,0,0,3,4,3,3,2,3,1,en_curso
705,235,4.0,mejorada,1,2,7418919976603579272,0,0,3,3,3,5,2,4,1,en_curso
705,235,5.0,mejorada,1,2,7418919976603579272,0,0,3,1,3,7,2,5,1,en_curso
705,235,6.0,mejorada,1,2,7418919976603579272,0,0,3,0,3,7,2,6,1,en_curso
705,235,7.0,mejorada,1,2,7418919976603579272,0,1,7,5,7,7,2,7,1,en_curso
705,235,8.0,mejorada,1,2,7418919976603579272,1,1,11,4,8,7,2,8,1,en_curso
705,235,9.0,mejorada,1,2,7418919976603579272,2,4,17,10,13,7,2,9,1,perdido
706,235,1.0,mejorada,1,3,7418919976603579272,0,0,0,10,0,0,3,1,1,en_curso
706,235,2.0,mejorada,1,3,7418919976603579272,0,0,3,5,3,0,2,2,1,en_curso
706,235,3.0,mejorada,1,3,7418919976603579272,0,0,3,5,3,3,3,3,1,en_curso
706,235,4.0,mejorada,1,3,7418919976603579272,0,0,3,5,3,6,3,4,1,en_curso
706,235,5.0,mejorada,1,3,7418919976603579272,0,0,3,2,3,7,3,5,1,en_curso
706,235,6.0,mejorada,1,3,7418919976603579272,0,0,3,3,3,7,3,6,1,en_curso
706,235,7.0,mejorada,1,3,7418919976603579272,1,1,9,10,9,7,3,7,1,en_curso
706,235,8.0,mejorada,1,3,7418919976603579272,1,1,10,13,9,7,2,8,1,en_curso
706,235,9.0,mejorada,1,3,7418919976603579272,3,2,10,11,9,7,2,9,1,en_curso
706,235,10.0,mejorada,1,3,7418919976603579272,3,3,15,10,13,7,1,10,1,en_curso
706,235,11.0,mejorada,1,3,7418919976603579272,3,4,17,7,15,7,1,11,1,perdido
707,235,1.0,mejorada,1,4,7418919976603579272,0,0,0,10,0,0,4,1,1,en_curso
707,235,2.0,mejorada,1,4,7418919976603579272,0,0,3,5,3,0,2,2,1,en_curso
707,235,3.0,mejorada,1,4,7418919976603579272,0,0,3,8,3,1,4,3,1,en_curso
707,235,4.0,mejorada,1,4,7418919976603579272,1,0,5,11,5,3,3,4,1,en_curso
707,235,5.0,mejorada,1,4,7418919976603579272,1,0,7,11,7,4,0,5,1,en_curso
707,235,6.0,mejorada,1,4,7418919976603579272,1,0,13,8,10,5,1,6,1,en_curso
707,235,7.0,mejorada,1,4,7418919976603579272,1,0,14,15,11,6,3,7,1,en_curso
707,235,8.0,mejorada,1,4,7418919976603579272,2,1,24,22,18,8,1,8,1,perdido
708,236,1.0,mejorada,1,2,4310834394325476573,0,0,0,10,0,0,2,1,1,en_curso
708,236,2.0,mejorada,1,2,4310834394325476573,0,0,0,7,0,1,2,2,1,en_curso
708,236,3.0,mejorada,1,2,4310834394325476573,0,0,0,3,0,5,2,3,1,en_curso
708,236,4.0,mejorada,1,2,4310834394325476573,0,0,2,3,2,5,2,4,1,en_curso
708,236,5.0,mejorada,1,2,4310834394325476573,1,0,2,1,2,6,2,5,1,en_curso
708,236,6.0,mejorada,1,2,4310834394325476573,1,1,2,0,2,6,2,6,1,en_curso
708,236,7.0,mejorada,1,2,4310834394325476573,4,1,2,0,2,6,2,7,1,en_curso
708,236,8.0,mejorada,1,2,4310834394325476573,4,1,2,2,2,6,2,8,1,en_curso
708,236,9.0,mejorada,1,2,4310834394325476573,4,1,2,2,2,6,2,9,1,en_curso
708,236,10.0,mejorada,1,2,4310834394325476573,6,1,2,2,2,6,2,10,1,en_curso
708,236,11.0,mejorada,1,2,4310834394325476573,7,1,2,2,2,7,2,11,1,ganado
709,236,1.0,mejorada,1,3,4310834394325476573,0,0,0,10,0,0,3,1,1,en_curso
709,236,2.0,mejorada,1,3,4310834394325476573,0,0,0,7,0,1,2,2,1,en_curso
709,236,3.0,mejorada,1,3,4310834394325476573,0,0,0,6,0,6,3,3,1,en_curso
709,236,4.0,mejorada,1,3,4310834394325476573,0,0,0,7,0,7,3,4,1,en_curso
709,236,5.0,mejorada,1,3,4310834394325476573,0,0,2,10,2,7,2,5,1,en_curso
709,236,6.0,mejorada,1,3,4310834394325476573,0,1,2,7,2,7,2,6,1,en_curso
709,236,7.0,mejorada,1,3,4310834394325476573,0,1,2,8,2,7,3,7,1,en_curso
709,236,8.0,mejorada,1,3,4310834394325476573,2,1,4,10,4,7,3,8,1,en_curso
709,236,9.0,mejorada,1,3,4310834394325476573,3,2,6,9,4,7,1,9,1,en_curso
709,236,10.0,mejorada,1,3,4310834394325476573,3,2,16,11,11,7,0,10,1,en_curso
709,236,11.0,mejorada,1,3,4310834394325476573,3,2,20,8,12,7,1,11,1,en_curso
709,236,12.0,mejorada,1,3,4310834394325476573,4,3,24,10,14,7,2,12,1,perdido
710,236,1.0,mejorada,1,4,4310834394325476573,0,0,0,10,0,0,4,1,1,en_curso
710,236,2.0,mejorada,1,4,4310834394325476573,0,0,0,7,0,1,2,2,1,en_curso
710,236,3.0,mejorada,1,4,4310834394325476573,0,0,0,7,0,6,4,3,1,en_curso
710,236,4.0,mejorada,1,4,4310834394325476573,0,0,2,8,2,6,4,4,1,en_curso
710,236,5.0,mejorada,1,4,4310834394325476573,0,0,2,7,2,6,4,5,1,en_curso
710,236,6.0,mejorada,1,4,4310834394325476573,0,0,6,16,6,6,3,6,1,en_curso
710,236,7.0,mejorada,1,4,4310834394325476573,0,0,11,16,8,6,3,7,1,en_curso
710,236,8.0,mejorada,1,4,4310834394325476573,0,1,14,15,11,6,2,8,1,en_curso
710,236,9.0,mejorada,1,4,4310834394325476573,2,1,17,17,13,6,2,9,1,en_curso
710,236,10.0,mejorada,1,4,4310834394325476573,3,2,27,12,17,6,0,10,1,perdido
711,237,1.0,mejorada,1,2,7238165253378328548,0,0,0,10,0,0,2,1,1,en_curso
711,237,2.0,mejorada,1,2,7238165253378328548,0,0,1,8,1,0,0,2,1,en_curso
711,237,3.0,mejorada,1,2,7238165253378328548,0,0,1,4,1,2,2,3,1,en_curso
711,237,4.0,mejorada,1,2,7238165253378328548,0,0,6,6,4,4,2,4,1,en_curso
711,237,5.0,mejorada,1,2,7238165253378328548,0,0,7,7,5,5,2,5,1,en_curso
711,237,6.0,mejorada,1,2,7238165253378328548,0,1,7,11,5,6,2,6,1,en_curso
711,237,7.0,mejorada,1,2,7238165253378328548,0,3,14,14,9,6,2,7,1,en_curso
711,237,8.0,mejorada,1,2,7238165253378328548,1,4,19,12,12,7,2,8,1,perdido
712,237,1.0,mejorada,1,3,7238165253378328548,0,0,0,10,0,0,3,1,1,en_curso
712,237,2.0,mejorada,1,3,7238165253378328548,0,0,1,8,1,0,0,2,1,en_curso
712,237,3.0,mejorada,1,3,7238165253378328548,0,0,1,4,1,3,3,3,1,en_curso
712,237,4.0,mejorada,1,3,7238165253378328548,0,0,6,6,4,6,3,4,1,en_curso
712,237,5.0,mejorada,1,3,7238165253378328548,0,0,6,5,4,6,3,5,1,en_curso
712,237,6.0,mejorada,1,3,7238165253378328548,0,1,6,3,4,6,3,6,1,en_curso
712,237,7.0,mejorada,1,3,7238165253378328548,0,1,6,2,4,6,3,7,1,en_curso
712,237,8.0,mejorada,1,3,7238165253378328548,2,1,6,2,4,7,3,8,1,en_curso
712,237,9.0,mejorada,1,3,7238165253378328548,4,1,6,0,4,7,3,9,1,en_curso
712,237,10.0,mejorada,1,3,7238165253378328548,4,1,6,2,4,7,3,10,1,en_curso
712,237,11.0,mejorada,1,3,7238165253378328548,5,1,6,4,4,7,3,11,1,en_curso
712,237,12.0,mejorada,1,3,7238165253378328548,5,1,6,13,4,7,3,12,1,en_curso
712,237,13.0,mejorada,1,3,7238165253378328548,7,1,12,15,9,7,2,13,1,ganado
713,237,1.0,mejorada,1,4,7238165253378328548,0,0,0,10,0,0,4,1,1,en_curso
713,237,2.0,mejorada,1,4,7238165253378328548,0,0,1,9,1,0,1,2,1,en_curso
713,237,3.0,mejorada,1,4,7238165253378328548,1,0,4,9,3,2,4,3,1,en_curso
713,237,4.0,mejorada,1,4,7238165253378328548,1,0,5,11,4,4,0,4,1,en_curso
713,237,5.0,mejorada,1,4,7238165253378328548,1,0,5,8,4,4,2,5,1,en_curso
713,237,6.0,mejorada,1,4,7238165253378328548,1,0,8,9,6,4,2,6,1,en_curso
713,237,7.0,mejorada,1,4,7238165253378328548,1,0,8,9,6,6,2,7,1,en_curso
713,237,8.0,mejorada,1,4,7238165253378328548,2,1,14,10,9,7,2,8,1,en_curso
713,237,9.0,mejorada,1,4,7238165253378328548,2,1,14,7,9,7,1,9,1,en_curso
713,237,10.0,mejorada,1,4,7238165253378328548,2,1,14,4,9,7,4,10,1,en_curso
713,237,11.0,mejorada,1,4,7238165253378328548,3,1,19,14,12,7,4,11,1,en_curso
713,237,12.0,mejorada,1,4,7238165253378328548,4,3,24,18,16,7,2,12,1,perdido
714,238,1.0,mejorada,1,2,164515294560768872,0,0,0,10,0,0,2,1,1,en_curso
714,238,2.0,mejorada,1,2,164515294560768872,0,0,0,4,0,0,1,2,1,en_curso
714,238,3.0,mejorada,1,2,164515294560768872,0,0,0,3,0,5,2,3,1,en_curso
714,238,4.0,mejorada,1,2,164515294560768872,0,0,0,0,0,5,2,4,1,en_curso
714,238,5.0,mejorada,1,2,164515294560768872,2,0,0,0,0,5,2,5,1,en_curso
714,238,6.0,mejorada,1,2,164515294560768872,2,4,4,9,2,6,2,6,1,perdido
715,238,1.0,mejorada,1,3,164515294560768872,0,0,0,10,0,0,3,1,1,en_curso
715,238,2.0,mejorada,1,3,164515294560768872,0,0,0,5,0,1,2,2,1,en_curso
715,238,3.0,mejorada,1,3,164515294560768872,0,0,0,5,0,5,3,3,1,en_curso
715,238,4.0,mejorada,1,3,164515294560768872,1,0,3,4,3,7,3,4,1,en_curso
715,238,5.0,mejorada,1,3,164515294560768872,1,1,10,8,7,7,3,5,1,en_curso
715,238,6.0,mejorada,1,3,164515294560768872,2,1,14,7,7,7,3,6,1,en_curso
715,238,7.0,mejorada,1,3,164515294560768872,2,1,15,11,8,7,3,7,1,en_curso
715,238,8.0,mejorada,1,3,164515294560768872,4,4,18,15,11,7,2,8,1,perdido
716,238,1.0,mejorada,1,4,164515294560768872,0,0,0,10,0,0,4,1,1,en_curso
716,238,2.0,mejorada,1,4,164515294560768872,0,0,0,5,0,1,2,2,1,en_curso
716,238,3.0,mejorada,1,4,164515294560768872,0,0,0,9,0,5,4,3,1,en_curso
716,238,4.0,mejorada,1,4,164515294560768872,1,0,2,10,2,5,1,4,1,en_curso
716,238,5.0,mejorada,1,4,164515294560768872,1,0,2,7,2,6,1,5,1,en_curso
716,238,6.0,mejorada,1,4,164515294560768872,1,2,4,10,4,7,4,6,1,en_curso
716,238,7.0,mejorada,1,4,164515294560768872,1,3,6,9,5,7,2,7,1,en_curso
716,238,8.0,mejorada,1,4,164515294560768872,1,3,8,10,6,7,2,8,1,en_curso
716,238,9.0,mejorada,1,4,164515294560768872,2,3,12,10,10,7,2,9,1,en_curso
716,238,10.0,mejorada,1,4,164515294560768872,2,3,19,11,11,7,1,10,1,en_curso
716,238,11.0,mejorada,1,4,164515294560768872,2,3,19,9,11,7,1,11,1,en_curso
716,238,12.0,mejorada,1,4,164515294560768872,2,3,24,10,15,8,3,12,1,perdido
717,239,1.0,mejorada,1,2,1006675687759647796,0,0,0,10,0,0,2,1,1,en_curso
717,239,2.0,mejorada,1,2,1006675687759647796,0,0,2,7,2,1,2,2,1,en_curso
717,239,3.0,mejorada,1,2,1006675687759647796,0,0,4,5,2,6,2,3,1,en_curso
717,239,4.0,mejorada,1,2,1006675687759647796,0,0,4,5,2,6,2,4,1,en_curso
717,239,5.0,mejorada,1,2,1006675687759647796,0,0,4,0,2,6,2,5,1,en_curso
717,239,6.0,mejorada,1,2,1006675687759647796,0,0,4,4,2,7,2,6,1,en_curso
717,239,7.0,mejorada,1,2,1006675687759647796,0,0,4,4,2,7,2,7,1,en_curso
717,239,8.0,mejorada,1,2,1006675687759647796,0,2,9,7,7,7,2,8,1,en_curso
717,239,9.0,mejorada,1,2,1006675687759647796,1,3,9,8,7,7,2,9,1,en_curso
717,239,10.0,mejorada,1,2,1006675687759647796,1,3,9,10,7,7,2,10,1,en_curso
717,239,11.0,mejorada,1,2,1006675687759647796,1,3,11,10,9,7,1,11,1,en_curso
717,239,12.0,mejorada,1,2,1006675687759647796,1,3,12,14,10,7,0,12,1,en_curso
717,239,13.0,mejorada,1,2,1006675687759647796,1,3,12,12,10,7,0,13,1,en_curso
717,239,14.0,mejorada,1,2,1006675687759647796,1,4,12,10,10,7,0,14,1,perdido
718,239,1.0,mejorada,1,3,1006675687759647796,0,0,0,10,0,0,3,1,1,en_curso
718,239,2.0,mejorada,1,3,1006675687759647796,0,0,2,7,2,1,2,2,1,en_curso
718,239,3.0,mejorada,1,3,1006675687759647796,0,0,4,6,2,6,3,3,1,en_curso
718,239,4.0,mejorada,1,3,1006675687759647796,0,0,4,7,2,6,3,4,1,en_curso
718,239,5.0,mejorada,1,3,1006675687759647796,1,0,7,11,5,6,3,5,1,en_curso
718,239,6.0,mejorada,1,3,1006675687759647796,1,3,12,14,9,7,1,6,1,en_curso
718,239,7.0,mejorada,1,3,1006675687759647796,1,4,14,11,9,7,0,7,1,perdido
719,239,1.0,mejorada,1,4,1006675687759647796,0,0,0,10,0,0,4,1,1,en_curso
719,239,2.0,mejorada,1,4,1006675687759647796,0,0,2,8,2,1,3,2,1,en_curso
719,239,3.0,mejorada,1,4,1006675687759647796,0,0,6,10,4,7,4,3,1,en_curso
719,239,4.0,mejorada,1,4,1006675687759647796,0,0,10,10,6,7,0,4,1,en_curso
719,239,5.0,mejorada,1,4,1006675687759647796,0,0,10,7,6,7,3,5,1,en_curso
719,239,6.0,mejorada,1,4,1006675687759647796,0,0,11,11,7,7,2,6,1,en_curso
719,239,7.0,mejorada,1,4,1006675687759647796,0,1,11,12,7,7,1,7,1,en_curso
719,239,8.0,mejorada,1,4,1006675687759647796,0,1,11,8,7,7,1,8,1,en_curso
719,239,9.0,mejorada,1,4,1006675687759647796,0,2,13,14,9,7,3,9,1,en_curso
719,239,10.0,mejorada,1,4,1006675687759647796,2,2,16,15,12,7,2,10,1,en_curso
719,239,11.0,mejorada,1,4,1006675687759647796,2,3,25,16,18,7,0,11,1,perdido
720,240,1.0,mejorada,1,2,7650128693076619938,0,0,0,10,0,0,2,1,1,en_curso
720,240,2.0,mejorada,1,2,7650128693076619938,0,0,0,8,0,0,2,2,1,en_curso
720,240,3.0,mejorada,1,2,7650128693076619938,0,0,2,8,2,4,2,3,1,en_curso
720,240,4.0,mejorada,1,2,7650128693076619938,0,0,2,2,2,5,2,4,1,en_curso
720,240,5.0,mejorada,1,2,7650128693076619938,0,0,2,4,2,6,2,5,1,en_curso
720,240,6.0,mejorada,1,2,7650128693076619938,1,0,2,3,2,6,2,6,1,en_curso
720,240,7.0,mejorada,1,2,7650128693076619938,2,1,2,3,2,6,2,7,1,en_curso
720,240,8.0,mejorada,1,2,7650128693076619938,2,1,2,5,2,6,2,8,1,en_curso
720,240,9.0,mejorada,1,2,7650128693076619938,2,1,2,2,2,6,2,9,1,en_curso
720,240,10.0,mejorada,1,2,7650128693076619938,2,2,4,10,4,6,1,10,1,en_curso
720,240,11.0,mejorada,1,2,7650128693076619938,3,2,9,10,6,7,1,11,1,en_curso
720,240,12.0,mejorada,1,2,7650128693076619938,3,2,9,12,6,7,2,12,1,en_curso
720,240,13.0,mejorada,1,2,7650128693076619938,3,2,9,10,6,7,2,13,1,en_curso
720,240,14.0,mejorada,1,2,7650128693076619938,5,2,17,15,13,8,2,14,1,en_curso
720,240,15.0,mejorada,1,2,7650128693076619938,5,3,19,12,14,8,0,15,1,en_curso
720,240,16.0,mejorada,1,2,7650128693076619938,5,4,19,9,14,8,0,16,1,perdido
721,240,1.0,mejorada,1,3,7650128693076619938,0,0,0,10,0,0,3,1,1,en_curso
721,240,2.0,mejorada,1,3,7650128693076619938,0,0,0,10,0,0,3,2,1,en_curso
721,240,3.0,mejorada,1,3,7650128693076619938,0,0,2,10,2,2,0,3,1,en_curso
721,240,4.0,mejorada,1,3,7650128693076619938,0,1,4,11,4,4,0,4,1,en_curso
721,240,5.0,mejorada,1,3,7650128693076619938,0,1,11,15,8,5,0,5,1,en_curso
721,240,6.0,mejorada,1,3,7650128693076619938,0,2,13,13,10,5,0,6,1,en_curso
721,240,7.0,mejorada,1,3,7650128693076619938,0,3,16,9,13,5,0,7,1,en_curso
721,240,8.0,mejorada,1,3,7650128693076619938,0,3,17,6,13,5,0,8,1,en_curso
721,240,9.0,mejorada,1,3,7650128693076619938,0,3,25,14,18,7,0,9,1,perdido
722,240,1.0,mejorada,1,4,7650128693076619938,0,0,0,10,0,0,4,1,1,en_curso
722,240,2.0,mejorada,1,4,7650128693076619938,0,0,0,9,0,1,3,2,1,en_curso
722,240,3.0,mejorada,1,4,7650128693076619938,0,0,2,9,2,3,2,3,1,en_curso
722,240,4.0,mejorada,1,4,7650128693076619938,0,1,2,8,2,5,3,4,1,en_curso
722,240,5.0,mejorada,1,4,7650128693076619938,0,3,3,11,3,5,1,5,1,en_curso
722,240,6.0,mejorada,1,4,7650128693076619938,0,3,11,11,11,5,0,6,1,en_curso
722,240,7.0,mejorada,1,4,7650128693076619938,0,3,17,13,12,6,0,7,1,en_curso
722,240,8.0,mejorada,1,4,7650128693076619938,0,3,24,13,17,7,0,8,1,perdido
723,241,1.0,mejorada,1,2,7349340450946339022,0,0,0,10,0,0,2,1,1,en_curso
723,241,2.0,mejorada,1,2,7349340450946339022,0,0,0,5,0,1,2,2,1,en_curso
723,241,3.0,mejorada,1,2,7349340450946339022,0,0,3,4,3,6,2,3,1,en_curso
723,241,4.0,mejorada,1,2,7349340450946339022,0,1,5,3,5,7,2,4,1,en_curso
723,241,5.0,mejorada,1,2,7349340450946339022,0,1,5,4,5,7,2,5,1,en_curso
723,241,6.0,mejorada,1,2,7349340450946339022,1,1,5,3,5,7,2,6,1,en_curso
723,241,7.0,mejorada,1,2,7349340450946339022,1,1,5,2,5,7,2,7,1,en_curso
723,241,8.0,mejorada,1,2,7349340450946339022,2,1,5,1,5,7,2,8,1,en_curso
723,241,9.0,mejorada,1,2,7349340450946339022,2,1,5,0,5,7,2,9,1,en_curso
723,241,10.0,mejorada,1,2,7349340450946339022,3,1,5,1,5,7,2,10,1,en_curso
723,241,11.0,mejorada,1,2,7349340450946339022,3,1,5,0,5,7,2,11,1,en_curso
723,241,12.0,mejorada,1,2,7349340450946339022,4,1,5,4,5,7,2,12,1,en_curso
723,241,13.0,mejorada,1,2,7349340450946339022,4,1,5,0,5,7,2,13,1,en_curso
723,241,14.0,mejorada,1,2,7349340450946339022,4,1,5,1,5,7,2,14,1,en_curso
723,241,15.0,mejorada,1,2,7349340450946339022,4,1,5,0,5,7,2,15,1,en_curso
723,241,16.0,mejorada,1,2,7349340450946339022,4,1,5,1,5,7,2,16,1,en_curso
723,241,17.0,mejorada,1,2,7349340450946339022,5,1,5,0,5,7,2,17,1,en_curso
723,241,18.0,mejorada,1,2,7349340450946339022,5,1,5,7,5,7,2,18,1,en_curso
723,241,19.0,mejorada,1,2,7349340450946339022,6,2,5,6,5,7,2,19,1,en_curso
723,241,20.0,mejorada,1,2,7349340450946339022,7,3,7,10,6,7,2,20,1,ganado
724,241,1.0,mejorada,1,3,7349340450946339022,0,0,0,10,0,0,3,1,1,en_curso
724,241,2.0,mejorada,1,3,7349340450946339022,0,0,0,5,0,1,2,2,1,en_curso
724,241,3.0,mejorada,1,3,7349340450946339022,0,0,3,4,3,6,3,3,1,en_curso
724,241,4.0,mejorada,1,3,7349340450946339022,0,1,7,7,7,7,3,4,1,en_curso
724,241,5.0,mejorada,1,3,7349340450946339022,0,1,7,5,7,7,3,5,1,en_curso
724,241,6.0,mejorada,1,3,7349340450946339022,1,2,9,10,8,7,3,6,1,en_curso
724,241,7.0,mejorada,1,3,7349340450946339022,1,3,9,9,8,7,3,7,1,en_curso
724,241,8.0,mejorada,1,3,7349340450946339022,1,3,10,10,8,7,2,8,1,en_curso
724,241,9.0,mejorada,1,3,7349340450946339022,2,3,11,9,8,7,1,9,1,en_curso
724,241,10.0,mejorada,1,3,7349340450946339022,3,4,11,7,8,7,1,10,1,perdido
725,241,1.0,mejorada,1,4,7349340450946339022,0,0,0,10,0,0,4,1,1,en_curso
725,241,2.0,mejorada,1,4,7349340450946339022,0,0,0,6,0,1,3,2,1,en_curso
725,241,3.0,mejorada,1,4,7349340450946339022,0,0,3,7,3,7,4,3,1,en_curso
725,241,4.0,mejorada,1,4,7349340450946339022,0,1,6,11,6,7,1,4,1,en_curso
725,241,5.0,mejorada,1,4,7349340450946339022,0,2,6,8,6,7,2,5,1,en_curso
725,241,6.0,mejorada,1,4,7349340450946339022,0,2,9,10,9,7,3,6,1,en_curso
725,241,7.0,mejorada,1,4,7349340450946339022,0,2,11,11,10,7,2,7,1,en_curso
725,241,8.0,mejorada,1,4,7349340450946339022,2,2,14,11,11,7,2,8,1,en_curso
725,241,9.0,mejorada,1,4,7349340450946339022,2,2,14,7,11,7,0,9,1,en_curso
725,241,10.0,mejorada,1,4,7349340450946339022,2,2,15,9,12,7,1,10,1,en_curso
725,241,11.0,mejorada,1,4,7349340450946339022,2,2,17,11,14,7,4,11,1,en_curso
725,241,12.0,mejorada,1,4,7349340450946339022,2,2,20,9,16,7,3,12,1,en_curso
725,241,13.0,mejorada,1,4,7349340450946339022,3,3,26,12,20,7,2,13,1,perdido
726,242,1.0,mejorada,1,2,2145732114086352626,0,0,0,10,0,0,2,1,1,en_curso
726,242,2.0,mejorada,1,2,2145732114086352626,0,0,2,8,2,0,1,2,1,en_curso
726,242,3.0,mejorada,1,2,2145732114086352626,0,0,5,5,4,3,2,3,1,en_curso
726,242,4.0,mejorada,1,2,2145732114086352626,0,0,8,8,5,6,2,4,1,en_curso
726,242,5.0,mejorada,1,2,2145732114086352626,0,0,8,5,5,6,2,5,1,en_curso
726,242,6.0,mejorada,1,2,2145732114086352626,0,0,8,7,5,7,2,6,1,en_curso
726,242,7.0,mejorada,1,2,2145732114086352626,1,0,9,5,5,7,2,7,1,en_curso
726,242,8.0,mejorada,1,2,2145732114086352626,2,0,9,6,5,7,2,8,1,en_curso
726,242,9.0,mejorada,1,2,2145732114086352626,4,1,9,6,5,7,2,9,1,en_curso
726,242,10.0,mejorada,1,2,2145732114086352626,4,2,9,9,5,7,2,10,1,en_curso
726,242,11.0,mejorada,1,2,2145732114086352626,4,2,17,11,11,7,2,11,1,en_curso
726,242,12.0,mejorada,1,2,2145732114086352626,5,2,17,10,11,7,2,12,1,en_curso
726,242,13.0,mejorada,1,2,2145732114086352626,5,3,24,21,15,8,1,13,1,perdido
727,242,1.0,mejorada,1,3,2145732114086352626,0,0,0,10,0,0,3,1,1,en_curso
727,242,2.0,mejorada,1,3,2145732114086352626,0,0,2,8,2,0,1,2,1,en_curso
727,242,3.0,mejorada,1,3,2145732114086352626,0,0,7,7,4,3,2,3,1,en_curso
727,242,4.0,mejorada,1,3,2145732114086352626,0,0,7,6,4,4,3,4,1,en_curso
727,242,5.0,mejorada,1,3,2145732114086352626,0,0,9,7,6,6,3,5,1,en_curso
727,242,6.0,mejorada,1,3,2145732114086352626,1,0,9,7,6,6,3,6,1,en_curso
727,242,7.0,mejorada,1,3,2145732114086352626,1,0,9,8,6,6,2,7,1,en_curso
727,242,8.0,mejorada,1,3,2145732114086352626,2,0,9,6,6,6,3,8,1,en_curso
727,242,9.0,mejorada,1,3,2145732114086352626,3,0,9,5,6,6,3,9,1,en_curso
727,242,10.0,mejorada,1,3,2145732114086352626,3,1,14,10,9,7,2,10,1,en_curso
727,242,11.0,mejorada,1,3,2145732114086352626,4,1,18,9,12,7,1,11,1,en_curso
727,242,12.0,mejorada,1,3,2145732114086352626,4,1,18,7,12,8,2,12,1,en_curso
727,242,13.0,mejorada,1,3,2145732114086352626,4,1,20,9,14,8,2,13,1,en_curso
727,242,14.0,mejorada,1,3,2145732114086352626,5,2,24,9,17,8,3,14,1,perdido
728,242,1.0,mejorada,1,4,2145732114086352626,0,0,0,10,0,0,4,1,1,en_curso
728,242,2.0,mejorada,1,4,2145732114086352626,0,0,3,11,3,0,1,2,1,en_curso
728,242,3.0,mejorada,1,4,2145732114086352626,0,0,8,7,5,2,0,3,1,en_curso
728,242,4.0,mejorada,1,4,2145732114086352626,0,0,8,9,5,2,3,4,1,en_curso
728,242,5.0,mejorada,1,4,2145732114086352626,0,0,8,7,5,5,2,5,1,en_curso
728,242,6.0,mejorada,1,4,2145732114086352626,1,0,9,9,6,6,3,6,1,en_curso
728,242,7.0,mejorada,1,4,2145732114086352626,2,0,10,15,7,6,2,7,1,en_curso
728,242,8.0,mejorada,1,4,2145732114086352626,2,1,16,13,9,6,1,8,1,en_curso
728,242,9.0,mejorada,1,4,2145732114086352626,2,1,19,13,12,6,0,9,1,en_curso
728,242,10.0,mejorada,1,4,2145732114086352626,2,2,19,13,12,6,0,10,1,en_curso
728,242,11.0,mejorada,1,4,2145732114086352626,2,3,27,12,18,6,0,11,1,perdido
729,243,1.0,mejorada,1,2,4895485399944168328,0,0,0,10,0,0,2,1,1,en_curso
729,243,2.0,mejorada,1,2,4895485399944168328,0,0,0,8,0,0,0,2,1,en_curso
729,243,3.0,mejorada,1,2,4895485399944168328,0,0,1,4,1,3,2,3,1,en_curso
729,243,4.0,mejorada,1,2,4895485399944168328,0,0,1,3,1,3,2,4,1,en_curso
729,243,5.0,mejorada,1,2,4895485399944168328,2,0,1,1,1,3,2,5,1,en_curso
729,243,6.0,mejorada,1,2,4895485399944168328,2,0,1,0,1,7,2,6,1,en_curso
729,243,7.0,mejorada,1,2,4895485399944168328,2,0,1,0,1,7,2,7,1,en_curso
729,243,8.0,mejorada,1,2,4895485399944168328,2,0,1,0,1,7,2,8,1,en_curso
729,243,9.0,mejorada,1,2,4895485399944168328,4,0,1,1,1,7,2,9,1,en_curso
729,243,10.0,mejorada,1,2,4895485399944168328,5,0,1,4,1,7,2,10,1,en_curso
729,243,11.0,mejorada,1,2,4895485399944168328,5,0,1,4,1,7,2,11,1,en_curso
729,243,12.0,mejorada,1,2,4895485399944168328,5,0,1,1,1,7,2,12,1,en_curso
729,243,13.0,mejorada,1,2,4895485399944168328,6,0,1,2,1,7,2,13,1,en_curso
729,243,14.0,mejorada,1,2,4895485399944168328,6,1,1,6,1,7,2,14,1,en_curso
729,243,15.0,mejorada,1,2,4895485399944168328,7,1,4,7,4,7,2,15,1,ganado
730,243,1.0,mejorada,1,3,4895485399944168328,0,0,0,10,0,0,3,1,1,en_curso
730,243,2.0,mejorada,1,3,4895485399944168328,0,0,0,8,0,0,0,2,1,en_curso
730,243,3.0,mejorada,1,3,4895485399944168328,0,0,1,5,1,3,3,3,1,en_curso
730,243,4.0,mejorada,1,3,4895485399944168328,0,0,1,5,1,3,3,4,1,en_curso
730,243,5.0,mejorada,1,3,4895485399944168328,2,0,1,7,1,5,3,5,1,en_curso
730,243,6.0,mejorada,1,3,4895485399944168328,2,0,4,9,3,6,3,6,1,en_curso
730,243,7.0,mejorada,1,3,4895485399944168328,2,0,4,6,3,7,2,7,1,en_curso
730,243,8.0,mejorada,1,3,4895485399944168328,2,2,4,9,3,7,2,8,1,en_curso
730,243,9.0,mejorada,1,3,4895485399944168328,2,2,4,9,3,7,2,9,1,en_curso
730,243,10.0,mejorada,1,3,4895485399944168328,3,2,4,11,3,7,1,10,1,en_curso
730,243,11.0,mejorada,1,3,4895485399944168328,3,2,10,17,9,7,0,11,1,en_curso
730,243,12.0,mejorada,1,3,4895485399944168328,3,2,16,14,11,7,0,12,1,en_curso
730,243,13.0,mejorada,1,3,4895485399944168328,3,2,20,10,11,7,0,13,1,en_curso
730,243,14.0,mejorada,1,3,4895485399944168328,3,2,24,6,15,8,0,14,1,perdido
731,243,1.0,mejorada,1,4,4895485399944168328,0,0,0,10,0,0,4,1,1,en_curso
731,243,2.0,mejorada,1,4,4895485399944168328,0,0,0,8,0,0,0,2,1,en_curso
731,243,3.0,mejorada,1,4,4895485399944168328,0,0,1,7,1,3,3,3,1,en_curso
731,243,4.0,mejorada,1,4,4895485399944168328,0,0,1,5,1,3,3,4,1,en_curso
731,243,5.0,mejorada,1,4,4895485399944168328,2,0,1,7,1,4,4,5,1,en_curso
731,243,6.0,mejorada,1,4,4895485399944168328,2,0,2,11,2,5,1,6,1,en_curso
731,243,7.0,mejorada,1,4,4895485399944168328,2,0,2,9,2,5,1,7,1,en_curso
731,243,8.0,mejorada,1,4,4895485399944168328,2,0,2,7,2,6,2,8,1,en_curso
731,243,9.0,mejorada,1,4,4895485399944168328,2,1,6,15,6,7,3,9,1,en_curso
731,243,10.0,mejorada,1,4,4895485399944168328,3,1,15,13,12,7,2,10,1,en_curso
731,243,11.0,mejorada,1,4,4895485399944168328,4,1,18,9,13,7,2,11,1,en_curso
731,243,12.0,mejorada,1,4,4895485399944168328,4,1,19,12,13,7,3,12,1,en_curso
731,243,13.0,mejorada,1,4,4895485399944168328,6,1,23,15,16,7,2,13,1,en_curso
731,243,14.0,mejorada,1,4,4895485399944168328,6,2,25,12,16,7,0,14,1,perdido
732,244,1.0,mejorada,1,2,5589509374536079274,0,0,0,10,0,0,2,1,1,en_curso
732,244,2.0,mejorada,1,2,5589509374536079274,0,0,4,9,4,2,1,2,1,en_curso
732,244,3.0,mejorada,1,2,5589509374536079274,0,0,7,7,6,3,0,3,1,en_curso
732,244,4.0,mejorada,1,2,5589509374536079274,0,0,7,4,6,5,2,4,1,en_curso
732,244,5.0,mejorada,1,2,5589509374536079274,0,0,9,4,8,7,2,5,1,en_curso
732,244,6.0,mejorada,1,2,5589509374536079274,0,0,10,9,9,8,2,6,1,en_curso
732,244,7.0,mejorada,1,2,5589509374536079274,0,0,16,8,12,8,1,7,1,en_curso
732,244,8.0,mejorada,1,2,5589509374536079274,0,0,16,5,12,8,2,8,1,en_curso
732,244,9.0,mejorada,1,2,5589509374536079274,0,0,18,12,12,8,2,9,1,en_curso
732,244,10.0,mejorada,1,2,5589509374536079274,1,2,26,17,20,8,1,10,1,perdido
733,244,1.0,mejorada,1,3,5589509374536079274,0,0,0,10,0,0,3,1,1,en_curso
733,244,2.0,mejorada,1,3,5589509374536079274,0,0,4,9,4,2,1,2,1,en_curso
733,244,3.0,mejorada,1,3,5589509374536079274,0,0,7,7,6,3,1,3,1,en_curso
733,244,4.0,mejorada,1,3,5589509374536079274,0,0,7,4,6,5,3,4,1,en_curso
733,244,5.0,mejorada,1,3,5589509374536079274,0,0,7,6,6,8,3,5,1,en_curso
733,244,6.0,mejorada,1,3,5589509374536079274,0,0,7,3,6,8,3,6,1,en_curso
733,244,7.0,mejorada,1,3,5589509374536079274,1,1,12,8,10,8,3,7,1,en_curso
733,244,8.0,mejorada,1,3,5589509374536079274,1,2,14,11,12,8,2,8,1,en_curso
733,244,9.0,mejorada,1,3,5589509374536079274,1,2,17,11,14,8,2,9,1,en_curso
733,244,10.0,mejorada,1,3,5589509374536079274,2,4,26,12,21,8,1,10,1,perdido
734,244,1.0,mejorada,1,4,5589509374536079274,0,0,0,10,0,0,4,1,1,en_curso
734,244,2.0,mejorada,1,4,5589509374536079274,0,0,4,8,4,1,1,2,1,en_curso
734,244,3.0,mejorada,1,4,5589509374536079274,0,0,12,9,10,4,3,3,1,en_curso
734,244,4.0,mejorada,1,4,5589509374536079274,0,0,12,6,10,7,3,4,1,en_curso
734,244,5.0,mejorada,1,4,5589509374536079274,0,1,15,11,11,7,4,5,1,en_curso
734,244,6.0,mejorada,1,4,5589509374536079274,0,2,15,12,11,7,2,6,1,en_curso
734,244,7.0,mejorada,1,4,5589509374536079274,1,2,19,19,14,8,2,7,1,en_curso
734,244,8.0,mejorada,1,4,5589509374536079274,1,4,21,17,16,8,1,8,1,perdido
735,245,1.0,mejorada,1,2,8003479201547280640,0,0,0,10,0,0,2,1,1,en_curso
735,245,2.0,mejorada,1,2,8003479201547280640,0,0,4,8,4,0,0,2,1,en_curso
735,245,3.0,mejorada,1,2,8003479201547280640,0,0,4,7,4,3,2,3,1,en_curso
735,245,4.0,mejorada,1,2,8003479201547280640,0,0,6,5,5,5,2,4,1,en_curso
735,245,5.0,mejorada,1,2,8003479201547280640,1,0,9,4,7,6,2,5,1,en_curso
735,245,6.0,mejorada,1,2,8003479201547280640,1,3,9,7,7,7,2,6,1,en_curso
735,245,7.0,mejorada,1,2,8003479201547280640,1,3,9,9,7,7,1,7,1,en_curso
735,245,8.0,mejorada,1,2,8003479201547280640,1,3,9,7,7,7,2,8,1,en_curso
735,245,9.0,mejorada,1,2,8003479201547280640,2,4,10,7,8,7,2,9,1,perdido
736,245,1.0,mejorada,1,3,8003479201547280640,0,0,0,10,0,0,3,1,1,en_curso
736,245,2.0,mejorada,1,3,8003479201547280640,0,0,4,9,4,0,1,2,1,en_curso
736,245,3.0,mejorada,1,3,8003479201547280640,0,0,4,8,4,3,2,3,1,en_curso
736,245,4.0,mejorada,1,3,8003479201547280640,1,0,4,7,4,6,3,4,1,en_curso
736,245,5.0,mejorada,1,3,8003479201547280640,1,0,4,5,4,7,3,5,1,en_curso
736,245,6.0,mejorada,1,3,8003479201547280640,1,1,4,8,4,7,3,6,1,en_curso
736,245,7.0,mejorada,1,3,8003479201547280640,2,1,4,7,4,8,3,7,1,en_curso
736,245,8.0,mejorada,1,3,8003479201547280640,4,2,4,4,4,8,3,8,1,en_curso
736,245,9.0,mejorada,1,3,8003479201547280640,5,2,4,4,4,8,3,9,1,en_curso
736,245,10.0,mejorada,1,3,8003479201547280640,6,2,4,8,4,8,2,10,1,en_curso
736,245,11.0,mejorada,1,3,8003479201547280640,7,2,4,5,4,8,3,11,1,ganado
737,245,1.0,mejorada,1,4,8003479201547280640,0,0,0,10,0,0,4,1,1,en_curso
737,245,2.0,mejorada,1,4,8003479201547280640,0,0,4,9,4,0,1,2,1,en_curso
737,245,3.0,mejorada,1,4,8003479201547280640,0,0,4,9,4,2,3,3,1,en_curso
737,245,4.0,mejorada,1,4,8003479201547280640,1,0,4,9,4,5,3,4,1,en_curso
737,245,5.0,mejorada,1,4,8003479201547280640,1,0,7,6,6,6,2,5,1,en_curso
737,245,6.0,mejorada,1,4,8003479201547280640,1,1,7,7,6,7,4,6,1,en_curso
737,245,7.0,mejorada,1,4,8003479201547280640,1,1,7,12,6,7,2,7,1,en_curso
737,245,8.0,mejorada,1,4,8003479201547280640,1,1,13,8,11,7,2,8,1,en_curso
737,245,9.0,mejorada,1,4,8003479201547280640,2,1,13,10,11,7,4,9,1,en_curso
737,245,10.0,mejorada,1,4,8003479201547280640,4,1,24,12,18,7,1,10,1,perdido
738,246,1.0,mejorada,1,2,5562681690224976758,0,0,0,10,0,0,2,1,1,en_curso
738,246,2.0,mejorada,1,2,5562681690224976758,0,0,5,8,4,1,2,2,1,en_curso
738,246,3.0,mejorada,1,2,5562681690224976758,0,0,5,8,4,4,2,3,1,en_curso
738,246,4.0,mejorada,1,2,5562681690224976758,0,0,5,9,4,5,2,4,1,en_curso
738,246,5.0,mejorada,1,2,5562681690224976758,0,0,8,8,5,5,0,5,1,en_curso
738,246,6.0,mejorada,1,2,5562681690224976758,0,0,8,8,5,5,2,6,1,en_curso
738,246,7.0,mejorada,1,2,5562681690224976758,1,0,8,5,5,6,2,7,1,en_curso
738,246,8.0,mejorada,1,2,5562681690224976758,1,0,8,8,5,6,2,8,1,en_curso
738,246,9.0,mejorada,1,2,5562681690224976758,1,0,11,8,8,7,2,9,1,en_curso
738,246,10.0,mejorada,1,2,5562681690224976758,1,0,11,11,8,7,2,10,1,en_curso
738,246,11.0,mejorada,1,2,5562681690224976758,3,1,14,11,11,7,2,11,1,en_curso
738,246,12.0,mejorada,1,2,5562681690224976758,3,2,16,11,13,7,0,12,1,en_curso
738,246,13.0,mejorada,1,2,5562681690224976758,3,2,25,13,17,8,0,13,1,perdido
739,246,1.0,mejorada,1,3,5562681690224976758,0,0,0,10,0,0,3,1,1,en_curso
739,246,2.0,mejorada,1,3,5562681690224976758,0,0,5,8,4,1,2,2,1,en_curso
739,246,3.0,mejorada,1,3,5562681690224976758,0,0,5,8,4,4,2,3,1,en_curso
739,246,4.0,mejorada,1,3,5562681690224976758,0,0,5,11,4,5,2,4,1,en_curso
739,246,5.0,mejorada,1,3,5562681690224976758,0,0,11,12,8,5,0,5,1,en_curso
739,246,6.0,mejorada,1,3,5562681690224976758,0,0,15,12,9,5,0,6,1,en_curso
739,246,7.0,mejorada,1,3,5562681690224976758,0,0,15,10,9,5,0,7,1,en_curso
739,246,8.0,mejorada,1,3,5562681690224976758,0,0,18,8,12,6,0,8,1,en_curso
739,246,9.0,mejorada,1,3,5562681690224976758,0,0,18,7,12,6,3,9,1,en_curso
739,246,10.0,mejorada,1,3,5562681690224976758,1,0,21,7,14,6,3,10,1,en_curso
739,246,11.0,mejorada,1,3,5562681690224976758,3,0,25,10,17,7,2,11,1,perdido
740,246,1.0,mejorada,1,4,5562681690224976758,0,0,0,10,0,0,4,1,1,en_curso
740,246,2.0,mejorada,1,4,5562681690224976758,0,0,5,8,4,1,2,2,1,en_curso
740,246,3.0,mejorada,1,4,5562681690224976758,0,0,5,8,4,4,2,3,1,en_curso
740,246,4.0,mejorada,1,4,5562681690224976758,0,0,6,11,5,5,3,4,1,en_curso
740,246,5.0,mejorada,1,4,5562681690224976758,0,0,14,13,11,5,0,5,1,en_curso
740,246,6.0,mejorada,1,4,5562681690224976758,0,0,16,13,11,5,0,6,1,en_curso
740,246,7.0,mejorada,1,4,5562681690224976758,0,0,16,8,11,5,0,7,1,en_curso
740,246,8.0,mejorada,1,4,5562681690224976758,0,1,17,10,12,5,1,8,1,en_curso
740,246,9.0,mejorada,1,4,5562681690224976758,0,2,17,8,12,5,4,9,1,en_curso
740,246,10.0,mejorada,1,4,5562681690224976758,1,2,17,8,12,5,4,10,1,en_curso
740,246,11.0,mejorada,1,4,5562681690224976758,2,2,20,11,15,5,2,11,1,en_curso
740,246,12.0,mejorada,1,4,5562681690224976758,2,2,25,13,20,6,0,12,1,perdido
741,247,1.0,mejorada,1,2,3805301075240156879,0,0,0,10,0,0,2,1,1,en_curso
741,247,2.0,mejorada,1,2,3805301075240156879,0,0,4,9,4,0,0,2,1,en_curso
741,247,3.0,mejorada,1,2,3805301075240156879,0,0,4,4,4,2,2,3,1,en_curso
741,247,4.0,mejorada,1,2,3805301075240156879,1,0,4,3,4,4,2,4,1,en_curso
741,247,5.0,mejorada,1,2,3805301075240156879,1,0,4,2,4,6,2,5,1,en_curso
741,247,6.0,mejorada,1,2,3805301075240156879,1,0,4,1,4,7,2,6,1,en_curso
741,247,7.0,mejorada,1,2,3805301075240156879,1,0,4,3,4,7,2,7,1,en_curso
741,247,8.0,mejorada,1,2,3805301075240156879,2,0,4,3,4,7,2,8,1,en_curso
741,247,9.0,mejorada,1,2,3805301075240156879,2,0,4,5,4,8,2,9,1,en_curso
741,247,10.0,mejorada,1,2,3805301075240156879,2,0,4,3,4,8,2,10,1,en_curso
741,247,11.0,mejorada,1,2,3805301075240156879,3,0,8,11,7,8,2,11,1,en_curso
741,247,12.0,mejorada,1,2,3805301075240156879,3,0,8,7,7,8,1,12,1,en_curso
741,247,13.0,mejorada,1,2,3805301075240156879,4,0,10,9,9,8,2,13,1,en_curso
741,247,14.0,mejorada,1,2,3805301075240156879,4,0,17,7,14,8,1,14,1,en_curso
741,247,15.0,mejorada,1,2,3805301075240156879,6,1,19,8,14,8,2,15,1,en_curso
741,247,16.0,mejorada,1,2,3805301075240156879,6,1,19,3,14,8,2,16,1,en_curso
741,247,17.0,mejorada,1,2,3805301075240156879,7,1,21,4,16,8,2,17,1,ganado
742,247,1.0,mejorada,1,3,3805301075240156879,0,0,0,10,0,0,3,1,1,en_curso
742,247,2.0,mejorada,1,3,3805301075240156879,0,0,4,9,4,0,0,2,1,en_curso
742,247,3.0,mejorada,1,3,3805301075240156879,0,0,4,4,4,2,2,3,1,en_curso
742,247,4.0,mejorada,1,3,3805301075240156879,1,0,4,5,4,4,3,4,1,en_curso
742,247,5.0,mejorada,1,3,3805301075240156879,1,0,4,6,4,6,3,5,1,en_curso
742,247,6.0,mejorada,1,3,3805301075240156879,1,0,6,3,6,7,3,6,1,en_curso
742,247,7.0,mejorada,1,3,3805301075240156879,1,0,6,1,6,7,3,7,1,en_curso
742,247,8.0,mejorada,1,3,3805301075240156879,2,0,6,4,6,7,3,8,1,en_curso
742,247,9.0,mejorada,1,3,3805301075240156879,2,0,11,9,10,8,3,9,1,en_curso
742,247,10.0,mejorada,1,3,3805301075240156879,2,0,11,8,10,8,3,10,1,en_curso
742,247,11.0,mejorada,1,3,3805301075240156879,4,0,11,8,10,8,3,11,1,en_curso
742,247,12.0,mejorada,1,3,3805301075240156879,4,2,13,15,11,8,3,12,1,en_curso
742,247,13.0,mejorada,1,3,3805301075240156879,4,2,16,13,13,8,0,13,1,en_curso
742,247,14.0,mejorada,1,3,3805301075240156879,4,4,20,15,15,8,0,14,1,perdido
743,247,1.0,mejorada,1,4,3805301075240156879,0,0,0,10,0,0,4,1,1,en_curso
743,247,2.0,mejorada,1,4,3805301075240156879,0,0,4,9,4,0,0,2,1,en_curso
743,247,3.0,mejorada,1,4,3805301075240156879,0,0,4,7,4,2,3,3,1,en_curso
743,247,4.0,mejorada,1,4,3805301075240156879,0,1,7,10,6,4,3,4,1,en_curso
743,247,5.0,mejorada,1,4,3805301075240156879,0,1,11,10,7,7,1,5,1,en_curso
743,247,6.0,mejorada,1,4,3805301075240156879,0,1,11,8,7,7,1,6,1,en_curso
743,247,7.0,mejorada,1,4,3805301075240156879,1,1,13,10,9,7,3,7,1,en_curso
743,247,8.0,mejorada,1,4,3805301075240156879,2,1,16,12,11,7,1,8,1,en_curso
743,247,9.0,mejorada,1,4,3805301075240156879,2,2,17,14,12,7,0,9,1,en_curso
743,247,10.0,mejorada,1,4,3805301075240156879,2,3,26,15,18,7,0,10,1,perdido
744,248,1.0,mejorada,1,2,3451238642599062930,0,0,0,10,0,0,2,1,1,en_curso
744,248,2.0,mejorada,1,2,3451238642599062930,0,0,4,7,4,0,0,2,1,en_curso
744,248,3.0,mejorada,1,2,3451238642599062930,0,0,4,4,4,3,2,3,1,en_curso
744,248,4.0,mejorada,1,2,3451238642599062930,0,0,4,5,4,5,2,4,1,en_curso
744,248,5.0,mejorada,1,2,3451238642599062930,0,1,4,3,4,6,2,5,1,en_curso
744,248,6.0,mejorada,1,2,3451238642599062930,0,2,5,6,5,6,2,6,1,en_curso
744,248,7.0,mejorada,1,2,3451238642599062930,0,2,7,2,7,6,2,7,1,en_curso
744,248,8.0,mejorada,1,2,3451238642599062930,0,4,10,5,10,6,2,8,1,perdido
745,248,1.0,mejorada,1,3,3451238642599062930,0,0,0,10,0,0,3,1,1,en_curso
745,248,2.0,mejorada,1,3,3451238642599062930,0,0,4,7,4,0,0,2,1,en_curso
745,248,3.0,mejorada,1,3,3451238642599062930,0,0,4,4,4,3,3,3,1,en_curso
745,248,4.0,mejorada,1,3,3451238642599062930,0,0,4,5,4,6,3,4,1,en_curso
745,248,5.0,mejorada,1,3,3451238642599062930,2,0,5,11,5,7,3,5,1,en_curso
745,248,6.0,mejorada,1,3,3451238642599062930,2,0,5,10,5,7,2,6,1,en_curso
745,248,7.0,mejorada,1,3,3451238642599062930,2,0,5,8,5,7,2,7,1,en_curso
745,248,8.0,mejorada,1,3,3451238642599062930,4,0,7,6,6,7,3,8,1,en_curso
745,248,9.0,mejorada,1,3,3451238642599062930,7,0,10,1,8,8,3,9,1,ganado
746,248,1.0,mejorada,1,4,3451238642599062930,0,0,0,10,0,0,4,1,1,en_curso
746,248,2.0,mejorada,1,4,3451238642599062930,0,0,4,7,4,0,0,2,1,en_curso
746,248,3.0,mejorada,1,4,3451238642599062930,0,0,4,7,4,2,4,3,1,en_curso
746,248,4.0,mejorada,1,4,3451238642599062930,0,0,4,8,4,3,4,4,1,en_curso
746,248,5.0,mejorada,1,4,3451238642599062930,1,0,6,14,6,4,3,5,1,en_curso
746,248,6.0,mejorada,1,4,3451238642599062930,2,0,9,14,9,5,2,6,1,en_curso
746,248,7.0,mejorada,1,4,3451238642599062930,4,0,12,13,11,5,2,7,1,en_curso
746,248,8.0,mejorada,1,4,3451238642599062930,4,1,14,11,13,5,0,8,1,en_curso
746,248,9.0,mejorada,1,4,3451238642599062930,4,2,17,9,13,6,0,9,1,en_curso
746,248,10.0,mejorada,1,4,3451238642599062930,4,2,17,8,13,7,4,10,1,en_curso
746,248,11.0,mejorada,1,4,3451238642599062930,5,2,17,7,13,7,4,11,1,en_curso
746,248,12.0,mejorada,1,4,3451238642599062930,7,2,17,6,13,7,4,12,1,ganado
747,249,1.0,mejorada,1,2,3928068926454801528,0,0,0,10,0,0,2,1,1,en_curso
747,249,2.0,mejorada,1,2,3928068926454801528,0,0,0,8,0,0,2,2,1,en_curso
747,249,3.0,mejorada,1,2,3928068926454801528,0,0,0,5,0,5,2,3,1,en_curso
747,249,4.0,mejorada,1,2,3928068926454801528,0,1,4,8,4,5,2,4,1,en_curso
747,249,5.0,mejorada,1,2,3928068926454801528,0,1,5,8,5,6,2,5,1,en_curso
747,249,6.0,mejorada,1,2,3928068926454801528,1,2,9,12,7,6,2,6,1,en_curso
747,249,7.0,mejorada,1,2,3928068926454801528,2,2,11,14,9,6,1,7,1,en_curso
747,249,8.0,mejorada,1,2,3928068926454801528,2,3,12,15,10,6,0,8,1,en_curso
747,249,9.0,mejorada,1,2,3928068926454801528,2,3,18,11,14,7,0,9,1,en_curso
747,249,10.0,mejorada,1,2,3928068926454801528,2,3,21,7,16,7,0,10,1,en_curso
747,249,11.0,mejorada,1,2,3928068926454801528,3,3,21,5,16,7,2,11,1,en_curso
747,249,12.0,mejorada,1,2,3928068926454801528,5,3,21,3,16,7,2,12,1,en_curso
747,249,13.0,mejorada,1,2,3928068926454801528,5,3,21,1,16,7,2,13,1,en_curso
747,249,14.0,mejorada,1,2,3928068926454801528,5,3,21,0,16,7,2,14,1,en_curso
747,249,15.0,mejorada,1,2,3928068926454801528,5,3,21,4,16,7,2,15,1,en_curso
747,249,16.0,mejorada,1,2,3928068926454801528,7,3,21,7,16,8,2,16,1,ganado
748,249,1.0,mejorada,1,3,3928068926454801528,0,0,0,10,0,0,3,1,1,en_curso
748,249,2.0,mejorada,1,3,3928068926454801528,0,0,0,8,0,0,2,2,1,en_curso
748,249,3.0,mejorada,1,3,3928068926454801528,0,0,0,7,0,6,3,3,1,en_curso
748,249,4.0,mejorada,1,3,3928068926454801528,0,0,0,3,0,6,3,4,1,en_curso
748,249,5.0,mejorada,1,3,3928068926454801528,0,2,2,8,1,6,3,5,1,en_curso
748,249,6.0,mejorada,1,3,3928068926454801528,1,2,2,7,1,6,3,6,1,en_curso
748,249,7.0,mejorada,1,3,3928068926454801528,1,2,2,10,1,7,3,7,1,en_curso
748,249,8.0,mejorada,1,3,3928068926454801528,2,4,11,13,9,7,3,8,1,perdido
749,249,1.0,mejorada,1,4,3928068926454801528,0,0,0,10,0,0,4,1,1,en_curso
749,249,2.0,mejorada,1,4,3928068926454801528,0,0,0,8,0,0,2,2,1,en_curso
749,249,3.0,mejorada,1,4,3928068926454801528,0,0,0,8,0,5,4,3,1,en_curso
749,249,4.0,mejorada,1,4,3928068926454801528,0,0,4,9,4,5,3,4,1,en_curso
749,249,5.0,mejorada,1,4,3928068926454801528,0,0,6,13,6,5,2,5,1,en_curso
749,249,6.0,mejorada,1,4,3928068926454801528,0,0,7,14,7,5,2,6,1,en_curso
749,249,7.0,mejorada,1,4,3928068926454801528,0,2,7,12,7,7,2,7,1,en_curso
749,249,8.0,mejorada,1,4,3928068926454801528,1,2,7,8,7,7,1,8,1,en_curso
749,249,9.0,mejorada,1,4,3928068926454801528,1,2,7,11,7,7,0,9,1,en_curso
749,249,10.0,mejorada,1,4,3928068926454801528,1,2,9,8,9,7,1,10,1,en_curso
749,249,11.0,mejorada,1,4,3928068926454801528,2,2,11,10,9,7,1,11,1,en_curso
749,249,12.0,mejorada,1,4,3928068926454801528,3,2,11,8,9,7,3,12,1,en_curso
749,249,13.0,mejorada,1,4,3928068926454801528,4,3,11,11,9,7,3,13,1,en_curso
749,249,14.0,mejorada,1,4,3928068926454801528,5,4,17,9,14,7,3,14,1,perdido
750,250,1.0,mejorada,1,2,6013002391292390018,0,0,0,10,0,0,2,1,1,en_curso
750,250,2.0,mejorada,1,2,6013002391292390018,0,0,2,5,2,0,0,2,1,en_curso
750,250,3.0,mejorada,1,2,6013002391292390018,0,0,2,3,2,3,2,3,1,en_curso
750,250,4.0,mejorada,1,2,6013002391292390018,0,1,4,5,4,3,2,4,1,en_curso
750,250,5.0,mejorada,1,2,6013002391292390018,0,2,5,8,5,4,2,5,1,en_curso
750,250,6.0,mejorada,1,2,6013002391292390018,0,2,11,12,10,6,2,6,1,en_curso
750,250,7.0,mejorada,1,2,6013002391292390018,1,3,14,16,10,6,2,7,1,en_curso
750,250,8.0,mejorada,1,2,6013002391292390018,1,4,17,15,11,7,1,8,1,perdido
751,250,1.0,mejorada,1,3,6013002391292390018,0,0,0,10,0,0,3,1,1,en_curso
751,250,2.0,mejorada,1,3,6013002391292390018,0,0,2,5,2,0,0,2,1,en_curso
751,250,3.0,mejorada,1,3,6013002391292390018,0,0,2,3,2,3,3,3,1,en_curso
751,250,4.0,mejorada,1,3,6013002391292390018,0,1,4,5,4,4,3,4,1,en_curso
751,250,5.0,mejorada,1,3,6013002391292390018,0,2,5,11,5,6,3,5,1,en_curso
751,250,6.0,mejorada,1,3,6013002391292390018,0,2,7,10,6,7,1,6,1,en_curso
751,250,7.0,mejorada,1,3,6013002391292390018,1,2,9,12,7,7,1,7,1,en_curso
751,250,8.0,mejorada,1,3,6013002391292390018,1,2,13,14,11,7,0,8,1,en_curso
751,250,9.0,mejorada,1,3,6013002391292390018,1,3,15,10,13,7,0,9,1,en_curso
751,250,10.0,mejorada,1,3,6013002391292390018,1,3,18,7,16,7,2,10,1,en_curso
751,250,11.0,mejorada,1,3,6013002391292390018,2,3,26,10,23,7,1,11,1,perdido
752,250,1.0,mejorada,1,4,6013002391292390018,0,0,0,10,0,0,4,1,1,en_curso
752,250,2.0,mejorada,1,4,6013002391292390018,0,0,2,5,2,0,0,2,1,en_curso
752,250,3.0,mejorada,1,4,6013002391292390018,0,0,2,5,2,3,4,3,1,en_curso
752,250,4.0,mejorada,1,4,6013002391292390018,2,1,5,11,4,4,2,4,1,en_curso
752,250,5.0,mejorada,1,4,6013002391292390018,2,1,6,10,5,6,1,5,1,en_curso
752,250,6.0,mejorada,1,4,6013002391292390018,2,1,9,7,8,6,1,6,1,en_curso
752,250,7.0,mejorada,1,4,6013002391292390018,2,1,14,8,9,7,2,7,1,en_curso
752,250,8.0,mejorada,1,4,6013002391292390018,2,1,15,11,9,7,1,8,1,en_curso
752,250,9.0,mejorada,1,4,6013002391292390018,2,2,17,10,11,7,1,9,1,en_curso
752,250,10.0,mejorada,1,4,6013002391292390018,2,4,18,9,12,7,2,10,1,perdido
753,251,1.0,mejorada,1,2,8001188835137877718,0,0,0,10,0,0,2,1,1,en_curso
753,251,2.0,mejorada,1,2,8001188835137877718,0,0,2,8,2,0,1,2,1,en_curso
753,251,3.0,mejorada,1,2,8001188835137877718,0,0,2,5,2,2,2,3,1,en_curso
753,251,4.0,mejorada,1,2,8001188835137877718,0,0,2,2,2,5,2,4,1,en_curso
753,251,5.0,mejorada,1,2,8001188835137877718,0,0,4,6,4,5,2,5,1,en_curso
753,251,6.0,mejorada,1,2,8001188835137877718,1,0,4,4,4,5,2,6,1,en_curso
753,251,7.0,mejorada,1,2,8001188835137877718,1,1,6,4,6,6,2,7,1,en_curso
753,251,8.0,mejorada,1,2,8001188835137877718,2,1,6,5,6,7,2,8,1,en_curso
753,251,9.0,mejorada,1,2,8001188835137877718,2,1,9,2,8,7,2,9,1,en_curso
753,251,10.0,mejorada,1,2,8001188835137877718,3,3,9,6,8,7,2,10,1,en_curso
753,251,11.0,mejorada,1,2,8001188835137877718,4,3,9,6,8,7,2,11,1,en_curso
753,251,12.0,mejorada,1,2,8001188835137877718,5,4,12,12,11,8,2,12,1,perdido
754,251,1.0,mejorada,1,3,8001188835137877718,0,0,0,10,0,0,3,1,1,en_curso
754,251,2.0,mejorada,1,3,8001188835137877718,0,0,2,8,2,0,1,2,1,en_curso
754,251,3.0,mejorada,1,3,8001188835137877718,0,0,2,7,2,2,3,3,1,en_curso
754,251,4.0,mejorada,1,3,8001188835137877718,1,0,2,3,2,5,3,4,1,en_curso
754,251,5.0,mejorada,1,3,8001188835137877718,1,0,3,9,3,6,3,5,1,en_curso
754,251,6.0,mejorada,1,3,8001188835137877718,1,1,9,16,8,6,1,6,1,en_curso
754,251,7.0,mejorada,1,3,8001188835137877718,2,1,14,15,13,6,1,7,1,en_curso
754,251,8.0,mejorada,1,3,8001188835137877718,2,1,16,14,13,6,0,8,1,en_curso
754,251,9.0,mejorada,1,3,8001188835137877718,2,1,16,8,13,7,1,9,1,en_curso
754,251,10.0,mejorada,1,3,8001188835137877718,2,1,20,6,17,8,2,10,1,en_curso
754,251,11.0,mejorada,1,3,8001188835137877718,3,1,26,10,17,8,3,11,1,perdido
755,251,1.0,mejorada,1,4,8001188835137877718,0,0,0,10,0,0,4,1,1,en_curso
755,251,2.0,mejorada,1,4,8001188835137877718,0,0,2,8,2,1,2,2,1,en_curso
755,251,3.0,mejorada,1,4,8001188835137877718,0,0,8,11,5,4,1,3,1,en_curso
755,251,4.0,mejorada,1,4,8001188835137877718,0,0,8,8,5,6,2,4,1,en_curso
755,251,5.0,mejorada,1,4,8001188835137877718,0,1,8,9,5,6,3,5,1,en_curso
755,251,6.0,mejorada,1,4,8001188835137877718,0,2,8,9,5,6,3,6,1,en_curso
755,251,7.0,mejorada,1,4,8001188835137877718,0,3,10,10,5,7,1,7,1,en_curso
755,251,8.0,mejorada,1,4,8001188835137877718,0,3,13,7,8,7,2,8,1,en_curso
755,251,9.0,mejorada,1,4,8001188835137877718,2,3,16,9,11,7,4,9,1,en_curso
755,251,10.0,mejorada,1,4,8001188835137877718,2,3,19,10,14,7,2,10,1,en_curso
755,251,11.0,mejorada,1,4,8001188835137877718,2,3,19,10,14,7,1,11,1,en_curso
755,251,12.0,mejorada,1,4,8001188835137877718,2,3,19,8,14,7,2,12,1,en_curso
755,251,13.0,mejorada,1,4,8001188835137877718,5,4,19,10,14,8,3,13,1,perdido
756,252,1.0,mejorada,1,2,4186459809758113773,0,0,0,10,0,0,2,1,1,en_curso
756,252,2.0,mejorada,1,2,4186459809758113773,0,0,4,9,4,1,2,2,1,en_curso
756,252,3.0,mejorada,1,2,4186459809758113773,0,0,4,6,4,6,2,3,1,en_curso
756,252,4.0,mejorada,1,2,4186459809758113773,0,0,7,4,5,6,2,4,1,en_curso
756,252,5.0,mejorada,1,2,4186459809758113773,0,0,7,2,5,6,2,5,1,en_curso
756,252,6.0,mejorada,1,2,4186459809758113773,0,0,7,3,5,7,2,6,1,en_curso
756,252,7.0,mejorada,1,2,4186459809758113773,0,0,11,11,9,7,2,7,1,en_curso
756,252,8.0,mejorada,1,2,4186459809758113773,2,1,11,9,9,7,2,8,1,en_curso
756,252,9.0,mejorada,1,2,4186459809758113773,2,2,14,7,12,7,0,9,1,en_curso
756,252,10.0,mejorada,1,2,4186459809758113773,3,2,24,12,17,7,1,10,1,perdido
757,252,1.0,mejorada,1,3,4186459809758113773,0,0,0,10,0,0,3,1,1,en_curso
757,252,2.0,mejorada,1,3,4186459809758113773,0,0,4,9,4,1,2,2,1,en_curso
757,252,3.0,mejorada,1,3,4186459809758113773,0,0,4,6,4,6,3,3,1,en_curso
757,252,4.0,mejorada,1,3,4186459809758113773,0,1,9,8,6,7,3,4,1,en_curso
757,252,5.0,mejorada,1,3,4186459809758113773,2,2,11,11,6,7,3,5,1,en_curso
757,252,6.0,mejorada,1,3,4186459809758113773,2,2,13,11,8,8,2,6,1,en_curso
757,252,7.0,mejorada,1,3,4186459809758113773,2,2,16,14,10,8,2,7,1,en_curso
757,252,8.0,mejorada,1,3,4186459809758113773,4,2,16,13,10,8,2,8,1,en_curso
757,252,9.0,mejorada,1,3,4186459809758113773,4,3,24,8,17,8,0,9,1,perdido
758,252,1.0,mejorada,1,4,4186459809758113773,0,0,0,10,0,0,4,1,1,en_curso
758,252,2.0,mejorada,1,4,4186459809758113773,0,0,4,10,4,1,3,2,1,en_curso
758,252,3.0,mejorada,1,4,4186459809758113773,0,0,4,6,4,3,2,3,1,en_curso
758,252,4.0,mejorada,1,4,4186459809758113773,0,0,6,6,4,3,4,4,1,en_curso
758,252,5.0,mejorada,1,4,4186459809758113773,1,1,7,8,5,6,4,5,1,en_curso
758,252,6.0,mejorada,1,4,4186459809758113773,3,1,11,16,9,6,2,6,1,en_curso
758,252,7.0,mejorada,1,4,4186459809758113773,3,1,14,12,10,7,0,7,1,en_curso
758,252,8.0,mejorada,1,4,4186459809758113773,3,4,16,14,12,7,0,8,1,perdido
759,253,1.0,mejorada,1,2,2285916494551865702,0,0,0,10,0,0,2,1,1,en_curso
759,253,2.0,mejorada,1,2,2285916494551865702,0,0,3,8,3,2,2,2,1,en_curso
759,253,3.0,mejorada,1,2,2285916494551865702,0,0,6,6,6,6,2,3,1,en_curso
759,253,4.0,mejorada,1,2,2285916494551865702,0,0,6,3,6,6,2,4,1,en_curso
759,253,5.0,mejorada,1,2,2285916494551865702,0,0,6,6,6,7,2,5,1,en_curso
759,253,6.0,mejorada,1,2,2285916494551865702,0,0,6,7,6,7,2,6,1,en_curso
759,253,7.0,mejorada,1,2,2285916494551865702,0,0,6,8,6,7,2,7,1,en_curso
759,253,8.0,mejorada,1,2,2285916494551865702,2,1,8,12,8,7,2,8,1,en_curso
759,253,9.0,mejorada,1,2,2285916494551865702,3,2,11,13,11,7,1,9,1,en_curso
759,253,10.0,mejorada,1,2,2285916494551865702,3,2,19,12,19,7,0,10,1,en_curso
759,253,11.0,mejorada,1,2,2285916494551865702,3,2,25,13,20,7,0,11,1,perdido
760,253,1.0,mejorada,1,3,2285916494551865702,0,0,0,10,0,0,3,1,1,en_curso
760,253,2.0,mejorada,1,3,2285916494551865702,0,0,3,8,3,2,2,2,1,en_curso
760,253,3.0,mejorada,1,3,2285916494551865702,0,0,6,6,6,6,2,3,1,en_curso
760,253,4.0,mejorada,1,3,2285916494551865702,0,0,6,4,6,6,3,4,1,en_curso
760,253,5.0,mejorada,1,3,2285916494551865702,0,0,9,6,6,7,3,5,1,en_curso
760,253,6.0,mejorada,1,3,2285916494551865702,0,0,10,9,7,7,3,6,1,en_curso
760,253,7.0,mejorada,1,3,2285916494551865702,1,0,10,10,7,7,2,7,1,en_curso
760,253,8.0,mejorada,1,3,2285916494551865702,2,1,12,13,9,7,1,8,1,en_curso
760,253,9.0,mejorada,1,3,2285916494551865702,2,1,25,14,18,8,0,9,1,perdido
761,253,1.0,mejorada,1,4,2285916494551865702,0,0,0,10,0,0,4,1,1,en_curso
761,253,2.0,mejorada,1,4,2285916494551865702,0,0,3,8,3,2,2,2,1,en_curso
761,253,3.0,mejorada,1,4,2285916494551865702,0,0,6,6,6,6,2,3,1,en_curso
761,253,4.0,mejorada,1,4,2285916494551865702,0,0,6,5,6,6,4,4,1,en_curso
761,253,5.0,mejorada,1,4,2285916494551865702,1,0,9,10,9,7,4,5,1,en_curso
761,253,6.0,mejorada,1,4,2285916494551865702,1,0,11,8,9,7,3,6,1,en_curso
761,253,7.0,mejorada,1,4,2285916494551865702,1,4,17,16,13,7,0,7,1,perdido
762,254,1.0,mejorada,1,2,2182825021047865272,0,0,0,10,0,0,2,1,1,en_curso
762,254,2.0,mejorada,1,2,2182825021047865272,0,0,2,6,2,0,1,2,1,en_curso
762,254,3.0,mejorada,1,2,2182825021047865272,0,1,5,5,5,4,2,3,1,en_curso
762,254,4.0,mejorada,1,2,2182825021047865272,1,1,5,5,5,5,2,4,1,en_curso
762,254,5.0,mejorada,1,2,2182825021047865272,2,1,5,3,5,6,2,5,1,en_curso
762,254,6.0,mejorada,1,2,2182825021047865272,2,1,5,1,5,7,2,6,1,en_curso
762,254,7.0,mejorada,1,2,2182825021047865272,2,2,5,1,5,7,2,7,1,en_curso
762,254,8.0,mejorada,1,2,2182825021047865272,4,2,5,4,5,7,2,8,1,en_curso
762,254,9.0,mejorada,1,2,2182825021047865272,4,4,9,5,8,7,2,9,1,perdido
763,254,1.0,mejorada,1,3,2182825021047865272,0,0,0,10,0,0,3,1,1,en_curso
763,254,2.0,mejorada,1,3,2182825021047865272,0,0,2,6,2,0,1,2,1,en_curso
763,254,3.0,mejorada,1,3,2182825021047865272,0,0,5,4,5,5,3,3,1,en_curso
763,254,4.0,mejorada,1,3,2182825021047865272,1,0,8,2,6,6,3,4,1,en_curso
763,254,5.0,mejorada,1,3,2182825021047865272,2,1,9,8,6,6,3,5,1,en_curso
763,254,6.0,mejorada,1,3,2182825021047865272,3,1,9,5,6,6,3,6,1,en_curso
763,254,7.0,mejorada,1,3,2182825021047865272,7,1,18,12,13,6,3,7,1,ganado
764,254,1.0,mejorada,1,4,2182825021047865272,0,0,0,10,0,0,4,1,1,en_curso
764,254,2.0,mejorada,1,4,2182825021047865272,0,0,2,6,2,0,1,2,1,en_curso
764,254,3.0,mejorada,1,4,2182825021047865272,1,1,7,8,7,4,4,3,1,en_curso
764,254,4.0,mejorada,1,4,2182825021047865272,1,1,7,7,7,6,4,4,1,en_curso
764,254,5.0,mejorada,1,4,2182825021047865272,2,2,8,10,8,6,3,5,1,en_curso
764,254,6.0,mejorada,1,4,2182825021047865272,2,4,14,21,13,7,1,6,1,perdido
765,255,1.0,mejorada,1,2,6880767251491745953,0,0,0,10,0,0,2,1,1,en_curso
765,255,2.0,mejorada,1,2,6880767251491745953,0,0,1,8,1,1,2,2,1,en_curso
765,255,3.0,mejorada,1,2,6880767251491745953,0,1,1,9,1,6,1,3,1,en_curso
765,255,4.0,mejorada,1,2,6880767251491745953,0,1,4,9,3,6,2,4,1,en_curso
765,255,5.0,mejorada,1,2,6880767251491745953,0,1,7,11,6,7,0,5,1,en_curso
765,255,6.0,mejorada,1,2,6880767251491745953,0,1,10,9,9,8,0,6,1,en_curso
765,255,7.0,mejorada,1,2,6880767251491745953,0,1,10,9,9,8,2,7,1,en_curso
765,255,8.0,mejorada,1,2,6880767251491745953,0,2,11,6,10,8,2,8,1,en_curso
765,255,9.0,mejorada,1,2,6880767251491745953,0,3,11,7,10,8,2,9,1,en_curso
765,255,10.0,mejorada,1,2,6880767251491745953,0,4,15,18,13,8,2,10,1,perdido
766,255,1.0,mejorada,1,3,6880767251491745953,0,0,0,10,0,0,3,1,1,en_curso
766,255,2.0,mejorada,1,3,6880767251491745953,0,0,1,9,1,1,3,2,1,en_curso
766,255,3.0,mejorada,1,3,6880767251491745953,0,1,2,11,2,4,0,3,1,en_curso
766,255,4.0,mejorada,1,3,6880767251491745953,0,1,4,6,3,5,1,4,1,en_curso
766,255,5.0,mejorada,1,3,6880767251491745953,0,3,9,9,8,7,3,5,1,en_curso
766,255,6.0,mejorada,1,3,6880767251491745953,0,3,15,8,9,8,1,6,1,en_curso
766,255,7.0,mejorada,1,3,6880767251491745953,0,3,15,9,9,8,3,7,1,en_curso
766,255,8.0,mejorada,1,3,6880767251491745953,2,4,17,13,11,8,1,8,1,perdido
767,255,1.0,mejorada,1,4,6880767251491745953,0,0,0,10,0,0,4,1,1,en_curso
767,255,2.0,mejorada,1,4,6880767251491745953,0,0,1,9,1,1,3,2,1,en_curso
767,255,3.0,mejorada,1,4,6880767251491745953,0,1,2,11,2,4,0,3,1,en_curso
767,255,4.0,mejorada,1,4,6880767251491745953,0,1,4,8,3,5,2,4,1,en_curso
767,255,5.0,mejorada,1,4,6880767251491745953,0,4,8,13,5,8,2,5,1,perdido
768,256,1.0,mejorada,1,2,7531517498733178494,0,0,0,10,0,0,2,1,1,en_curso
768,256,2.0,mejorada,1,2,7531517498733178494,0,0,0,7,0,0,2,2,1,en_curso
768,256,3.0,mejorada,1,2,7531517498733178494,0,0,0,10,0,3,2,3,1,en_curso
768,256,4.0,mejorada,1,2,7531517498733178494,0,0,0,6,0,5,2,4,1,en_curso
768,256,5.0,mejorada,1,2,7531517498733178494,2,0,0,4,0,5,2,5,1,en_curso
768,256,6.0,mejorada,1,2,7531517498733178494,2,0,0,4,0,5,2,6,1,en_curso
768,256,7.0,mejorada,1,2,7531517498733178494,2,0,0,6,0,6,2,7,1,en_curso
768,256,8.0,mejorada,1,2,7531517498733178494,3,2,3,6,3,6,2,8,1,en_curso
768,256,9.0,mejorada,1,2,7531517498733178494,3,2,3,7,3,7,2,9,1,en_curso
768,256,10.0,mejorada,1,2,7531517498733178494,6,2,5,9,5,7,2,10,1,en_curso
768,256,11.0,mejorada,1,2,7531517498733178494,6,2,11,7,7,7,0,11,1,en_curso
768,256,12.0,mejorada,1,2,7531517498733178494,6,2,11,1,7,7,2,12,1,en_curso
768,256,13.0,mejorada,1,2,7531517498733178494,7,2,20,14,13,7,2,13,1,ganado
769,256,1.0,mejorada,1,3,7531517498733178494,0,0,0,10,0,0,3,1,1,en_curso
769,256,2.0,mejorada,1,3,7531517498733178494,0,0,0,7,0,0,2,2,1,en_curso
769,256,3.0,mejorada,1,3,7531517498733178494,0,0,0,12,0,3,3,3,1,en_curso
769,256,4.0,mejorada,1,3,7531517498733178494,0,0,2,10,2,5,1,4,1,en_curso
769,256,5.0,mejorada,1,3,7531517498733178494,2,0,5,7,4,6,3,5,1,en_curso
769,256,6.0,mejorada,1,3,7531517498733178494,2,0,6,10,4,6,2,6,1,en_curso
769,256,7.0,mejorada,1,3,7531517498733178494,3,1,6,11,4,6,1,7,1,en_curso
769,256,8.0,mejorada,1,3,7531517498733178494,3,1,6,8,4,6,0,8,1,en_curso
769,256,9.0,mejorada,1,3,7531517498733178494,3,1,10,9,8,6,3,9,1,en_curso
769,256,10.0,mejorada,1,3,7531517498733178494,3,1,11,8,8,6,1,10,1,en_curso
769,256,11.0,mejorada,1,3,7531517498733178494,3,1,14,8,8,6,3,11,1,en_curso
769,256,12.0,mejorada,1,3,7531517498733178494,3,1,14,9,8,6,3,12,1,en_curso
769,256,13.0,mejorada,1,3,7531517498733178494,5,2,14,13,8,6,2,13,1,en_curso
769,256,14.0,mejorada,1,3,7531517498733178494,5,2,14,11,8,6,0,14,1,en_curso
769,256,15.0,mejorada,1,3,7531517498733178494,5,2,24,9,14,7,1,15,1,perdido
770,256,1.0,mejorada,1,4,7531517498733178494,0,0,0,10,0,0,4,1,1,en_curso
770,256,2.0,mejorada,1,4,7531517498733178494,0,0,0,7,0,0,2,2,1,en_curso
770,256,3.0,mejorada,1,4,7531517498733178494,0,0,1,13,1,2,2,3,1,en_curso
770,256,4.0,mejorada,1,4,7531517498733178494,0,0,1,8,1,3,1,4,1,en_curso
770,256,5.0,mejorada,1,4,7531517498733178494,2,0,1,6,1,4,3,5,1,en_curso
770,256,6.0,mejorada,1,4,7531517498733178494,2,0,1,7,1,4,4,6,1,en_curso
770,256,7.0,mejorada,1,4,7531517498733178494,2,1,1,13,1,5,4,7,1,en_curso
770,256,8.0,mejorada,1,4,7531517498733178494,2,1,5,10,5,5,1,8,1,en_curso
770,256,9.0,mejorada,1,4,7531517498733178494,3,2,8,11,8,5,1,9,1,en_curso
770,256,10.0,mejorada,1,4,7531517498733178494,3,4,12,12,11,6,2,10,1,perdido
771,257,1.0,mejorada,1,2,971018897820300926,0,0,0,10,0,0,2,1,1,en_curso
771,257,2.0,mejorada,1,2,971018897820300926,0,0,5,8,5,1,2,2,1,en_curso
771,257,3.0,mejorada,1,2,971018897820300926,0,0,8,9,7,4,1,3,1,en_curso
771,257,4.0,mejorada,1,2,971018897820300926,0,0,8,6,7,5,2,4,1,en_curso
771,257,5.0,mejorada,1,2,971018897820300926,0,0,8,5,7,5,2,5,1,en_curso
771,257,6.0,mejorada,1,2,971018897820300926,1,0,8,3,7,5,2,6,1,en_curso
771,257,7.0,mejorada,1,2,971018897820300926,1,0,12,12,10,6,2,7,1,en_curso
771,257,8.0,mejorada,1,2,971018897820300926,1,0,12,11,10,6,1,8,1,en_curso
771,257,9.0,mejorada,1,2,971018897820300926,1,0,16,12,13,6,1,9,1,en_curso
771,257,10.0,mejorada,1,2,971018897820300926,2,0,16,10,13,6,1,10,1,en_curso
771,257,11.0,mejorada,1,2,971018897820300926,2,0,19,9,14,6,1,11,1,en_curso
771,257,12.0,mejorada,1,2,971018897820300926,2,0,19,4,14,6,2,12,1,en_curso
771,257,13.0,mejorada,1,2,971018897820300926,2,0,19,4,14,6,2,13,1,en_curso
771,257,14.0,mejorada,1,2,971018897820300926,3,0,19,1,14,7,2,14,1,en_curso
771,257,15.0,mejorada,1,2,971018897820300926,3,0,19,11,14,7,1,15,1,en_curso
771,257,16.0,mejorada,1,2,971018897820300926,3,0,19,9,14,7,0,16,1,en_curso
771,257,17.0,mejorada,1,2,971018897820300926,3,0,24,7,17,8,0,17,1,perdido
772,257,1.0,mejorada,1,3,971018897820300926,0,0,0,10,0,0,3,1,1,en_curso
772,257,2.0,mejorada,1,3,971018897820300926,0,0,5,9,5,1,3,2,1,en_curso
772,257,3.0,mejorada,1,3,971018897820300926,0,0,10,13,9,2,0,3,1,en_curso
772,257,4.0,mejorada,1,3,971018897820300926,0,0,13,9,11,2,0,4,1,en_curso
772,257,5.0,mejorada,1,3,971018897820300926,0,0,13,7,11,3,3,5,1,en_curso
772,257,6.0,mejorada,1,3,971018897820300926,1,1,17,11,11,6,1,6,1,en_curso
772,257,7.0,mejorada,1,3,971018897820300926,1,3,22,14,13,6,0,7,1,en_curso
772,257,8.0,mejorada,1,3,971018897820300926,1,3,26,18,17,6,0,8,1,perdido
773,257,1.0,mejorada,1,4,971018897820300926,0,0,0,10,0,0,4,1,1,en_curso
773,257,2.0,mejorada,1,4,971018897820300926,0,0,5,9,5,1,3,2,1,en_curso
773,257,3.0,mejorada,1,4,971018897820300926,0,0,10,13,9,2,0,3,1,en_curso
773,257,4.0,mejorada,1,4,971018897820300926,0,0,13,9,11,2,0,4,1,en_curso
773,257,5.0,mejorada,1,4,971018897820300926,0,0,13,9,11,3,3,5,1,en_curso
773,257,6.0,mejorada,1,4,971018897820300926,1,1,17,11,11,5,1,6,1,en_curso
773,257,7.0,mejorada,1,4,971018897820300926,1,2,24,13,15,6,0,7,1,perdido
774,258,1.0,mejorada,1,2,613897100045407464,0,0,0,10,0,0,2,1,1,en_curso
774,258,2.0,mejorada,1,2,613897100045407464,0,0,2,6,2,1,1,2,1,en_curso
774,258,3.0,mejorada,1,2,613897100045407464,0,0,2,6,2,5,2,3,1,en_curso
774,258,4.0,mejorada,1,2,613897100045407464,0,0,5,7,3,7,2,4,1,en_curso
774,258,5.0,mejorada,1,2,613897100045407464,1,0,5,8,3,7,2,5,1,en_curso
774,258,6.0,mejorada,1,2,613897100045407464,2,1,7,9,5,7,2,6,1,en_curso
774,258,7.0,mejorada,1,2,613897100045407464,2,1,9,8,7,7,1,7,1,en_curso
774,258,8.0,mejorada,1,2,613897100045407464,2,1,12,10,10,7,2,8,1,en_curso
774,258,9.0,mejorada,1,2,613897100045407464,2,1,14,9,12,7,1,9,1,en_curso
774,258,10.0,mejorada,1,2,613897100045407464,2,1,17,6,14,7,1,10,1,en_curso
774,258,11.0,mejorada,1,2,613897100045407464,3,1,19,7,14,7,2,11,1,en_curso
774,258,12.0,mejorada,1,2,613897100045407464,3,2,24,12,19,7,1,12,1,perdido
775,258,1.0,mejorada,1,3,613897100045407464,0,0,0,10,0,0,3,1,1,en_curso
775,258,2.0,mejorada,1,3,613897100045407464,0,0,2,6,2,1,1,2,1,en_curso
775,258,3.0,mejorada,1,3,613897100045407464,0,0,2,6,2,5,3,3,1,en_curso
775,258,4.0,mejorada,1,3,613897100045407464,0,0,2,5,2,7,3,4,1,en_curso
775,258,5.0,mejorada,1,3,613897100045407464,1,0,2,5,2,7,3,5,1,en_curso
775,258,6.0,mejorada,1,3,613897100045407464,1,0,2,6,2,7,3,6,1,en_curso
775,258,7.0,mejorada,1,3,613897100045407464,2,1,3,12,3,7,3,7,1,en_curso
775,258,8.0,mejorada,1,3,613897100045407464,3,1,10,13,10,7,2,8,1,en_curso
775,258,9.0,mejorada,1,3,613897100045407464,4,1,16,16,12,7,1,9,1,en_curso
775,258,10.0,mejorada,1,3,613897100045407464,4,1,16,13,12,7,0,10,1,en_curso
775,258,11.0,mejorada,1,3,613897100045407464,4,1,20,15,14,7,0,11,1,en_curso
775,258,12.0,mejorada,1,3,613897100045407464,4,1,22,11,14,7,0,12,1,en_curso
775,258,13.0,mejorada,1,3,613897100045407464,4,1,24,7,16,7,3,13,1,perdido
776,258,1.0,mejorada,1,4,613897100045407464,0,0,0,10,0,0,4,1,1,en_curso
776,258,2.0,mejorada,1,4,613897100045407464,0,0,2,8,2,1,2,2,1,en_curso
776,258,3.0,mejorada,1,4,613897100045407464,0,0,2,9,2,6,2,3,1,en_curso
776,258,4.0,mejorada,1,4,613897100045407464,0,0,2,9,2,6,2,4,1,en_curso
776,258,5.0,mejorada,1,4,613897100045407464,0,0,5,10,4,7,2,5,1,en_curso
776,258,6.0,mejorada,1,4,613897100045407464,0,0,6,9,5,7,2,6,1,en_curso
776,258,7.0,mejorada,1,4,613897100045407464,0,0,10,16,8,7,1,7,1,en_curso
776,258,8.0,mejorada,1,4,613897100045407464,1,0,11,16,8,7,1,8,1,en_curso
776,258,9.0,mejorada,1,4,613897100045407464,1,0,11,18,8,7,0,9,1,en_curso
776,258,10.0,mejorada,1,4,613897100045407464,1,0,25,19,19,8,0,10,1,perdido
777,259,1.0,mejorada,1,2,5482682832056391811,0,0,0,10,0,0,2,1,1,en_curso
777,259,2.0,mejorada,1,2,5482682832056391811,0,0,2,8,2,0,1,2,1,en_curso
777,259,3.0,mejorada,1,2,5482682832056391811,0,0,2,4,2,3,2,3,1,en_curso
777,259,4.0,mejorada,1,2,5482682832056391811,0,0,2,1,2,6,2,4,1,en_curso
777,259,5.0,mejorada,1,2,5482682832056391811,0,0,2,2,2,6,2,5,1,en_curso
777,259,6.0,mejorada,1,2,5482682832056391811,0,1,2,1,2,7,2,6,1,en_curso
777,259,7.0,mejorada,1,2,5482682832056391811,0,2,4,7,4,7,1,7,1,en_curso
777,259,8.0,mejorada,1,2,5482682832056391811,0,2,4,9,4,7,2,8,1,en_curso
777,259,9.0,mejorada,1,2,5482682832056391811,1,2,7,8,4,7,1,9,1,en_curso
777,259,10.0,mejorada,1,2,5482682832056391811,1,2,7,6,4,7,2,10,1,en_curso
777,259,11.0,mejorada,1,2,5482682832056391811,2,4,13,10,10,7,2,11,1,perdido
778,259,1.0,mejorada,1,3,5482682832056391811,0,0,0,10,0,0,3,1,1,en_curso
778,259,2.0,mejorada,1,3,5482682832056391811,0,0,2,8,2,0,1,2,1,en_curso
778,259,3.0,mejorada,1,3,5482682832056391811,0,0,4,8,4,3,3,3,1,en_curso
778,259,4.0,mejorada,1,3,5482682832056391811,0,0,4,9,4,5,1,4,1,en_curso
778,259,5.0,mejorada,1,3,5482682832056391811,0,1,4,5,4,7,2,5,1,en_curso
778,259,6.0,mejorada,1,3,5482682832056391811,0,1,5,9,5,7,3,6,1,en_curso
778,259,7.0,mejorada,1,3,5482682832056391811,1,2,7,7,6,7,3,7,1,en_curso
778,259,8.0,mejorada,1,3,5482682832056391811,2,2,8,9,7,7,3,8,1,en_curso
778,259,9.0,mejorada,1,3,5482682832056391811,3,2,12,9,11,7,3,9,1,en_curso
778,259,10.0,mejorada,1,3,5482682832056391811,3,3,25,9,18,7,3,10,1,perdido
779,259,1.0,mejorada,1,4,5482682832056391811,0,0,0,10,0,0,4,1,1,en_curso
779,259,2.0,mejorada,1,4,5482682832056391811,0,0,2,8,2,0,1,2,1,en_curso
779,259,3.0,mejorada,1,4,5482682832056391811,0,0,4,8,4,3,3,3,1,en_curso
779,259,4.0,mejorada,1,4,5482682832056391811,0,0,4,9,4,5,1,4,1,en_curso
779,259,5.0,mejorada,1,4,5482682832056391811,1,0,7,7,7,6,3,5,1,en_curso
779,259,6.0,mejorada,1,4,5482682832056391811,1,1,10,9,10,6,3,6,1,en_curso
779,259,7.0,mejorada,1,4,5482682832056391811,2,1,14,7,10,6,3,7,1,en_curso
779,259,8.0,mejorada,1,4,5482682832056391811,3,1,17,11,11,6,3,8,1,en_curso
779,259,9.0,mejorada,1,4,5482682832056391811,3,2,18,10,12,7,1,9,1,en_curso
779,259,10.0,mejorada,1,4,5482682832056391811,4,2,18,11,12,7,1,10,1,en_curso
779,259,11.0,mejorada,1,4,5482682832056391811,4,3,19,10,13,7,2,11,1,en_curso
779,259,12.0,mejorada,1,4,5482682832056391811,4,3,24,18,16,7,0,12,1,perdido
780,260,1.0,mejorada,1,2,1348210213023278175,0,0,0,10,0,0,2,1,1,en_curso
780,260,2.0,mejorada,1,2,1348210213023278175,0,0,2,7,2,0,1,2,1,en_curso
780,260,3.0,mejorada,1,2,1348210213023278175,0,0,2,5,2,4,2,3,1,en_curso
780,260,4.0,mejorada,1,2,1348210213023278175,0,0,2,3,2,6,2,4,1,en_curso
780,260,5.0,mejorada,1,2,1348210213023278175,0,0,2,3,2,7,2,5,1,en_curso
780,260,6.0,mejorada,1,2,1348210213023278175,0,0,2,2,2,7,2,6,1,en_curso
780,260,7.0,mejorada,1,2,1348210213023278175,0,1,2,2,2,7,2,7,1,en_curso
780,260,8.0,mejorada,1,2,1348210213023278175,1,1,2,1,2,7,2,8,1,en_curso
780,260,9.0,mejorada,1,2,1348210213023278175,1,2,2,2,2,7,2,9,1,en_curso
780,260,10.0,mejorada,1,2,1348210213023278175,2,2,2,2,2,7,2,10,1,en_curso
780,260,11.0,mejorada,1,2,1348210213023278175,3,2,4,3,4,7,2,11,1,en_curso
780,260,12.0,mejorada,1,2,1348210213023278175,3,2,4,2,4,7,2,12,1,en_curso
780,260,13.0,mejorada,1,2,1348210213023278175,4,2,4,5,4,7,2,13,1,en_curso
780,260,14.0,mejorada,1,2,1348210213023278175,4,2,6,9,6,7,2,14,1,en_curso
780,260,15.0,mejorada,1,2,1348210213023278175,4,2,9,9,9,7,1,15,1,en_curso
780,260,16.0,mejorada,1,2,1348210213023278175,4,3,14,9,11,7,1,16,1,en_curso
780,260,17.0,mejorada,1,2,1348210213023278175,4,4,19,10,14,7,1,17,1,perdido
781,260,1.0,mejorada,1,3,1348210213023278175,0,0,0,10,0,0,3,1,1,en_curso
781,260,2.0,mejorada,1,3,1348210213023278175,0,0,2,8,2,1,2,2,1,en_curso
781,260,3.0,mejorada,1,3,1348210213023278175,0,0,2,9,2,5,3,3,1,en_curso
781,260,4.0,mejorada,1,3,1348210213023278175,0,0,4,10,4,7,3,4,1,en_curso
781,260,5.0,mejorada,1,3,1348210213023278175,0,1,7,16,7,7,2,5,1,en_curso
781,260,6.0,mejorada,1,3,1348210213023278175,0,1,16,15,12,7,2,6,1,en_curso
781,260,7.0,mejorada,1,3,1348210213023278175,1,1,25,14,15,7,2,7,1,perdido
782,260,1.0,mejorada,1,4,1348210213023278175,0,0,0,10,0,0,4,1,1,en_curso
782,260,2.0,mejorada,1,4,1348210213023278175,0,0,2,9,2,1,2,2,1,en_curso
782,260,3.0,mejorada,1,4,1348210213023278175,0,0,4,11,4,3,2,3,1,en_curso
782,260,4.0,mejorada,1,4,1348210213023278175,0,0,6,11,5,4,1,4,1,en_curso
782,260,5.0,mejorada,1,4,1348210213023278175,1,0,8,9,6,5,1,5,1,en_curso
782,260,6.0,mejorada,1,4,1348210213023278175,1,0,10,9,8,7,2,6,1,en_curso
782,260,7.0,mejorada,1,4,1348210213023278175,1,0,14,9,9,7,0,7,1,en_curso
782,260,8.0,mejorada,1,4,1348210213023278175,1,0,18,9,11,7,0,8,1,en_curso
782,260,9.0,mejorada,1,4,1348210213023278175,1,1,24,10,16,7,1,9,1,perdido
783,261,1.0,mejorada,1,2,7606184634050499706,0,0,0,10,0,0,2,1,1,en_curso
783,261,2.0,mejorada,1,2,7606184634050499706,0,0,4,13,3,0,0,2,1,en_curso
783,261,3.0,mejorada,1,2,7606184634050499706,0,0,6,15,4,2,0,3,1,en_curso
783,261,4.0,mejorada,1,2,7606184634050499706,0,0,6,9,4,2,0,4,1,en_curso
783,261,5.0,mejorada,1,2,7606184634050499706,0,0,8,5,6,3,1,5,1,en_curso
783,261,6.0,mejorada,1,2,7606184634050499706,0,0,8,8,6,6,2,6,1,en_curso
783,261,7.0,mejorada,1,2,7606184634050499706,0,0,14,7,11,6,2,7,1,en_curso
783,261,8.0,mejorada,1,2,7606184634050499706,0,0,20,11,15,7,2,8,1,en_curso
783,261,9.0,mejorada,1,2,7606184634050499706,0,1,26,15,19,8,2,9,1,perdido
784,261,1.0,mejorada,1,3,7606184634050499706,0,0,0,10,0,0,3,1,1,en_curso
784,261,2.0,mejorada,1,3,7606184634050499706,0,0,4,13,3,0,0,2,1,en_curso
784,261,3.0,mejorada,1,3,7606184634050499706,0,0,6,15,4,2,0,3,1,en_curso
784,261,4.0,mejorada,1,3,7606184634050499706,0,0,6,9,4,2,0,4,1,en_curso
784,261,5.0,mejorada,1,3,7606184634050499706,0,0,8,7,6,3,2,5,1,en_curso
784,261,6.0,mejorada,1,3,7606184634050499706,0,0,8,10,6,5,3,6,1,en_curso
784,261,7.0,mejorada,1,3,7606184634050499706,0,1,13,7,9,5,1,7,1,en_curso
784,261,8.0,mejorada,1,3,7606184634050499706,0,1,13,6,9,5,3,8,1,en_curso
784,261,9.0,mejorada,1,3,7606184634050499706,0,2,16,12,9,5,1,9,1,en_curso
784,261,10.0,mejorada,1,3,7606184634050499706,0,2,18,9,11,5,0,10,1,en_curso
784,261,11.0,mejorada,1,3,7606184634050499706,0,4,22,16,14,6,0,11,1,perdido
785,261,1.0,mejorada,1,4,7606184634050499706,0,0,0,10,0,0,4,1,1,en_curso
785,261,2.0,mejorada,1,4,7606184634050499706,0,0,4,13,3,0,0,2,1,en_curso
785,261,3.0,mejorada,1,4,7606184634050499706,0,0,6,15,4,2,0,3,1,en_curso
785,261,4.0,mejorada,1,4,7606184634050499706,0,0,6,9,4,2,0,4,1,en_curso
785,261,5.0,mejorada,1,4,7606184634050499706,0,0,8,7,6,3,2,5,1,en_curso
785,261,6.0,mejorada,1,4,7606184634050499706,0,0,8,11,6,4,4,6,1,en_curso
785,261,7.0,mejorada,1,4,7606184634050499706,0,1,13,8,9,5,1,7,1,en_curso
785,261,8.0,mejorada,1,4,7606184634050499706,0,2,13,12,9,5,2,8,1,en_curso
785,261,9.0,mejorada,1,4,7606184634050499706,0,2,18,14,11,6,0,9,1,en_curso
785,261,10.0,mejorada,1,4,7606184634050499706,0,2,18,11,11,7,0,10,1,en_curso
785,261,11.0,mejorada,1,4,7606184634050499706,0,3,21,8,14,7,0,11,1,en_curso
785,261,12.0,mejorada,1,4,7606184634050499706,0,3,24,9,17,7,3,12,1,perdido
786,262,1.0,mejorada,1,2,2862332153537753568,0,0,0,10,0,0,2,1,1,en_curso
786,262,2.0,mejorada,1,2,2862332153537753568,0,0,4,7,2,1,0,2,1,en_curso
786,262,3.0,mejorada,1,2,2862332153537753568,0,0,9,5,7,3,2,3,1,en_curso
786,262,4.0,mejorada,1,2,2862332153537753568,0,0,10,6,7,7,2,4,1,en_curso
786,262,5.0,mejorada,1,2,2862332153537753568,0,0,15,7,10,7,2,5,1,en_curso
786,262,6.0,mejorada,1,2,2862332153537753568,1,0,15,5,10,7,2,6,1,en_curso
786,262,7.0,mejorada,1,2,2862332153537753568,2,1,17,9,10,7,2,7,1,en_curso
786,262,8.0,mejorada,1,2,2862332153537753568,2,1,18,9,11,8,1,8,1,en_curso
786,262,9.0,mejorada,1,2,2862332153537753568,2,2,18,7,11,8,2,9,1,en_curso
786,262,10.0,mejorada,1,2,2862332153537753568,2,3,18,12,11,8,1,10,1,en_curso
786,262,11.0,mejorada,1,2,2862332153537753568,3,4,24,12,17,8,1,11,1,perdido
787,262,1.0,mejorada,1,3,2862332153537753568,0,0,0,10,0,0,3,1,1,en_curso
787,262,2.0,mejorada,1,3,2862332153537753568,0,0,4,7,2,1,0,2,1,en_curso
787,262,3.0,mejorada,1,3,2862332153537753568,0,0,9,6,7,3,3,3,1,en_curso
787,262,4.0,mejorada,1,3,2862332153537753568,0,0,10,8,7,7,3,4,1,en_curso
787,262,5.0,mejorada,1,3,2862332153537753568,1,0,10,7,7,8,3,5,1,en_curso
787,262,6.0,mejorada,1,3,2862332153537753568,1,0,14,9,9,8,3,6,1,en_curso
787,262,7.0,mejorada,1,3,2862332153537753568,1,0,14,7,9,8,2,7,1,en_curso
787,262,8.0,mejorada,1,3,2862332153537753568,2,0,15,9,10,8,2,8,1,en_curso
787,262,9.0,mejorada,1,3,2862332153537753568,2,1,16,10,11,8,2,9,1,en_curso
787,262,10.0,mejorada,1,3,2862332153537753568,3,2,18,17,13,8,2,10,1,en_curso
787,262,11.0,mejorada,1,3,2862332153537753568,4,2,18,14,13,8,1,11,1,en_curso
787,262,12.0,mejorada,1,3,2862332153537753568,4,2,26,16,21,8,0,12,1,perdido
788,262,1.0,mejorada,1,4,2862332153537753568,0,0,0,10,0,0,4,1,1,en_curso
788,262,2.0,mejorada,1,4,2862332153537753568,0,0,4,7,2,1,0,2,1,en_curso
788,262,3.0,mejorada,1,4,2862332153537753568,0,0,9,7,7,4,4,3,1,en_curso
788,262,4.0,mejorada,1,4,2862332153537753568,0,0,9,10,7,7,4,4,1,en_curso
788,262,5.0,mejorada,1,4,2862332153537753568,0,0,14,12,10,7,2,5,1,en_curso
788,262,6.0,mejorada,1,4,2862332153537753568,0,0,14,11,10,7,2,6,1,en_curso
788,262,7.0,mejorada,1,4,2862332153537753568,0,0,14,10,10,7,2,7,1,en_curso
788,262,8.0,mejorada,1,4,2862332153537753568,1,1,14,11,10,7,3,8,1,en_curso
788,262,9.0,mejorada,1,4,2862332153537753568,2,1,16,10,12,7,1,9,1,en_curso
788,262,10.0,mejorada,1,4,2862332153537753568,2,1,16,6,12,8,2,10,1,en_curso
788,262,11.0,mejorada,1,4,2862332153537753568,3,1,16,5,12,8,4,11,1,en_curso
788,262,12.0,mejorada,1,4,2862332153537753568,3,1,17,9,13,8,3,12,1,en_curso
788,262,13.0,mejorada,1,4,2862332153537753568,6,1,25,9,17,8,1,13,1,perdido
789,263,1.0,mejorada,1,2,1326984363454281926,0,0,0,10,0,0,2,1,1,en_curso
789,263,2.0,mejorada,1,2,1326984363454281926,0,0,0,9,0,0,2,2,1,en_curso
789,263,3.0,mejorada,1,2,1326984363454281926,1,0,3,6,3,3,2,3,1,en_curso
789,263,4.0,mejorada,1,2,1326984363454281926,1,0,6,7,5,6,2,4,1,en_curso
789,263,5.0,mejorada,1,2,1326984363454281926,1,1,9,6,8,6,2,5,1,en_curso
789,263,6.0,mejorada,1,2,1326984363454281926,1,2,15,11,13,6,1,6,1,en_curso
789,263,7.0,mejorada,1,2,1326984363454281926,1,2,15,9,13,7,0,7,1,en_curso
789,263,8.0,mejorada,1,2,1326984363454281926,1,2,17,9,15,7,1,8,1,en_curso
789,263,9.0,mejorada,1,2,1326984363454281926,1,3,17,9,15,7,1,9,1,en_curso
789,263,10.0,mejorada,1,2,1326984363454281926,1,3,24,10,20,7,0,10,1,perdido
790,263,1.0,mejorada,1,3,1326984363454281926,0,0,0,10,0,0,3,1,1,en_curso
790,263,2.0,mejorada,1,3,1326984363454281926,0,0,0,9,0,0,2,2,1,en_curso
790,263,3.0,mejorada,1,3,1326984363454281926,1,0,3,7,3,4,3,3,1,en_curso
790,263,4.0,mejorada,1,3,1326984363454281926,2,0,6,8,5,7,3,4,1,en_curso
790,263,5.0,mejorada,1,3,1326984363454281926,2,1,14,13,10,7,3,5,1,en_curso
790,263,6.0,mejorada,1,3,1326984363454281926,2,1,17,11,11,7,1,6,1,en_curso
790,263,7.0,mejorada,1,3,1326984363454281926,2,4,19,12,13,7,0,7,1,perdido
791,263,1.0,mejorada,1,4,1326984363454281926,0,0,0,10,0,0,4,1,1,en_curso
791,263,2.0,mejorada,1,4,1326984363454281926,0,0,0,9,0,0,2,2,1,en_curso
791,263,3.0,mejorada,1,4,1326984363454281926,0,0,3,5,3,4,2,3,1,en_curso
791,263,4.0,mejorada,1,4,1326984363454281926,1,0,3,3,3,5,4,4,1,en_curso
791,263,5.0,mejorada,1,4,1326984363454281926,1,0,3,3,3,7,4,5,1,en_curso
791,263,6.0,mejorada,1,4,1326984363454281926,1,1,3,6,3,7,4,6,1,en_curso
791,263,7.0,mejorada,1,4,1326984363454281926,2,1,3,4,3,7,4,7,1,en_curso
791,263,8.0,mejorada,1,4,1326984363454281926,3,1,3,6,3,7,4,8,1,en_curso
791,263,9.0,mejorada,1,4,1326984363454281926,5,1,7,12,7,8,4,9,1,en_curso
791,263,10.0,mejorada,1,4,1326984363454281926,6,1,10,10,10,8,1,10,1,en_curso
791,263,11.0,mejorada,1,4,1326984363454281926,6,2,11,14,11,8,1,11,1,en_curso
791,263,12.0,mejorada,1,4,1326984363454281926,7,3,13,13,11,8,1,12,1,ganado
792,264,1.0,mejorada,1,2,8494453302709679971,0,0,0,10,0,0,2,1,1,en_curso
792,264,2.0,mejorada,1,2,8494453302709679971,0,0,3,6,3,1,2,2,1,en_curso
792,264,3.0,mejorada,1,2,8494453302709679971,0,0,5,7,5,5,2,3,1,en_curso
792,264,4.0,mejorada,1,2,8494453302709679971,0,0,5,6,5,6,2,4,1,en_curso
792,264,5.0,mejorada,1,2,8494453302709679971,0,0,5,1,5,6,2,5,1,en_curso
792,264,6.0,mejorada,1,2,8494453302709679971,1,1,8,10,8,6,2,6,1,en_curso
792,264,7.0,mejorada,1,2,8494453302709679971,1,1,11,6,10,6,2,7,1,en_curso
792,264,8.0,mejorada,1,2,8494453302709679971,2,2,13,11,11,6,2,8,1,en_curso
792,264,9.0,mejorada,1,2,8494453302709679971,4,2,13,8,11,6,2,9,1,en_curso
792,264,10.0,mejorada,1,2,8494453302709679971,4,3,13,10,11,6,1,10,1,en_curso
792,264,11.0,mejorada,1,2,8494453302709679971,4,3,13,9,11,6,1,11,1,en_curso
792,264,12.0,mejorada,1,2,8494453302709679971,4,3,16,8,14,6,0,12,1,en_curso
792,264,13.0,mejorada,1,2,8494453302709679971,4,4,20,12,17,7,1,13,1,perdido
793,264,1.0,mejorada,1,3,8494453302709679971,0,0,0,10,0,0,3,1,1,en_curso
793,264,2.0,mejorada,1,3,8494453302709679971,0,0,3,6,3,1,2,2,1,en_curso
793,264,3.0,mejorada,1,3,8494453302709679971,0,0,5,9,5,5,3,3,1,en_curso
793,264,4.0,mejorada,1,3,8494453302709679971,0,0,10,11,7,6,1,4,1,en_curso
793,264,5.0,mejorada,1,3,8494453302709679971,0,1,16,9,13,6,1,5,1,en_curso
793,264,6.0,mejorada,1,3,8494453302709679971,0,1,16,8,13,6,1,6,1,en_curso
793,264,7.0,mejorada,1,3,8494453302709679971,0,2,26,7,21,8,1,7,1,perdido
794,264,1.0,mejorada,1,4,8494453302709679971,0,0,0,10,0,0,4,1,1,en_curso
794,264,2.0,mejorada,1,4,8494453302709679971,0,0,3,6,3,1,2,2,1,en_curso
794,264,3.0,mejorada,1,4,8494453302709679971,0,0,5,8,5,4,4,3,1,en_curso
794,264,4.0,mejorada,1,4,8494453302709679971,0,0,10,11,8,5,2,4,1,en_curso
794,264,5.0,mejorada,1,4,8494453302709679971,0,0,10,9,8,5,2,5,1,en_curso
794,264,6.0,mejorada,1,4,8494453302709679971,1,0,11,8,9,5,3,6,1,en_curso
794,264,7.0,mejorada,1,4,8494453302709679971,1,0,14,7,12,7,4,7,1,en_curso
794,264,8.0,mejorada,1,4,8494453302709679971,4,0,17,11,15,7,4,8,1,en_curso
794,264,9.0,mejorada,1,4,8494453302709679971,4,0,20,13,16,7,0,9,1,en_curso
794,264,10.0,mejorada,1,4,8494453302709679971,4,1,20,13,16,7,0,10,1,en_curso
794,264,11.0,mejorada,1,4,8494453302709679971,4,1,20,10,16,7,0,11,1,en_curso
794,264,12.0,mejorada,1,4,8494453302709679971,4,1,22,12,17,7,0,12,1,en_curso
794,264,13.0,mejorada,1,4,8494453302709679971,4,2,24,9,19,8,2,13,1,perdido
795,265,1.0,mejorada,1,2,1526760662688963121,0,0,0,10,0,0,2,1,1,en_curso
795,265,2.0,mejorada,1,2,1526760662688963121,0,0,5,6,5,1,1,2,1,en_curso
795,265,3.0,mejorada,1,2,1526760662688963121,0,0,5,5,5,3,2,3,1,en_curso
795,265,4.0,mejorada,1,2,1526760662688963121,0,0,5,2,5,4,2,4,1,en_curso
795,265,5.0,mejorada,1,2,1526760662688963121,0,0,5,5,5,5,2,5,1,en_curso
795,265,6.0,mejorada,1,2,1526760662688963121,1,0,11,5,10,6,2,6,1,en_curso
795,265,7.0,mejorada,1,2,1526760662688963121,2,0,13,10,11,6,2,7,1,en_curso
795,265,8.0,mejorada,1,2,1526760662688963121,2,0,20,12,15,6,1,8,1,en_curso
795,265,9.0,mejorada,1,2,1526760662688963121,3,0,22,12,17,6,1,9,1,en_curso
795,265,10.0,mejorada,1,2,1526760662688963121,3,0,25,12,19,6,0,10,1,perdido
796,265,1.0,mejorada,1,3,1526760662688963121,0,0,0,10,0,0,3,1,1,en_curso
796,265,2.0,mejorada,1,3,1526760662688963121,0,0,5,6,5,1,1,2,1,en_curso
796,265,3.0,mejorada,1,3,1526760662688963121,0,0,8,7,7,2,3,3,1,en_curso
796,265,4.0,mejorada,1,3,1526760662688963121,1,0,8,3,7,3,3,4,1,en_curso
796,265,5.0,mejorada,1,3,1526760662688963121,2,0,8,0,7,4,3,5,1,en_curso
796,265,6.0,mejorada,1,3,1526760662688963121,2,2,8,3,7,6,3,6,1,en_curso
796,265,7.0,mejorada,1,3,1526760662688963121,2,2,8,0,7,6,3,7,1,en_curso
796,265,8.0,mejorada,1,3,1526760662688963121,2,2,8,2,7,7,3,8,1,en_curso
796,265,9.0,mejorada,1,3,1526760662688963121,2,2,8,7,7,7,3,9,1,en_curso
796,265,10.0,mejorada,1,3,1526760662688963121,3,2,8,10,7,7,3,10,1,en_curso
796,265,11.0,mejorada,1,3,1526760662688963121,5,2,15,17,14,7,2,11,1,en_curso
796,265,12.0,mejorada,1,3,1526760662688963121,5,2,18,16,14,7,0,12,1,en_curso
796,265,13.0,mejorada,1,3,1526760662688963121,5,2,25,20,18,8,0,13,1,perdido
797,265,1.0,mejorada,1,4,1526760662688963121,0,0,0,10,0,0,4,1,1,en_curso
797,265,2.0,mejorada,1,4,1526760662688963121,0,0,5,7,5,0,2,2,1,en_curso
797,265,3.0,mejorada,1,4,1526760662688963121,0,0,8,9,7,1,4,3,1,en_curso
797,265,4.0,mejorada,1,4,1526760662688963121,1,0,9,8,8,3,2,4,1,en_curso
797,265,5.0,mejorada,1,4,1526760662688963121,1,2,10,9,9,6,4,5,1,en_curso
797,265,6.0,mejorada,1,4,1526760662688963121,1,3,10,8,9,7,3,6,1,en_curso
797,265,7.0,mejorada,1,4,1526760662688963121,1,3,16,10,12,8,3,7,1,en_curso
797,265,8.0,mejorada,1,4,1526760662688963121,1,3,16,10,12,8,2,8,1,en_curso
797,265,9.0,mejorada,1,4,1526760662688963121,2,3,19,11,13,8,2,9,1,en_curso
797,265,10.0,mejorada,1,4,1526760662688963121,3,3,26,11,19,8,1,10,1,perdido
798,266,1.0,mejorada,1,2,2626079245766705074,0,0,0,10,0,0,2,1,1,en_curso
798,266,2.0,mejorada,1,2,2626079245766705074,0,0,2,6,2,0,1,2,1,en_curso
798,266,3.0,mejorada,1,2,2626079245766705074,0,0,2,4,2,2,2,3,1,en_curso
798,266,4.0,mejorada,1,2,2626079245766705074,0,0,2,3,2,6,2,4,1,en_curso
798,266,5.0,mejorada,1,2,2626079245766705074,0,1,2,2,2,6,2,5,1,en_curso
798,266,6.0,mejorada,1,2,2626079245766705074,0,3,7,4,6,7,2,6,1,en_curso
798,266,7.0,mejorada,1,2,2626079245766705074,0,3,7,6,6,7,2,7,1,en_curso
798,266,8.0,mejorada,1,2,2626079245766705074,0,6,13,16,11,7,2,8,1,perdido
799,266,1.0,mejorada,1,3,2626079245766705074,0,0,0,10,0,0,3,1,1,en_curso
799,266,2.0,mejorada,1,3,2626079245766705074,0,0,2,6,2,0,1,2,1,en_curso
799,266,3.0,mejorada,1,3,2626079245766705074,0,0,4,8,2,2,3,3,1,en_curso
799,266,4.0,mejorada,1,3,2626079245766705074,0,0,5,8,3,5,3,4,1,en_curso
799,266,5.0,mejorada,1,3,2626079245766705074,0,0,8,10,6,6,2,5,1,en_curso
799,266,6.0,mejorada,1,3,2626079245766705074,0,0,10,9,7,6,1,6,1,en_curso
799,266,7.0,mejorada,1,3,2626079245766705074,0,0,12,11,8,7,1,7,1,en_curso
799,266,8.0,mejorada,1,3,2626079245766705074,1,0,15,14,10,7,1,8,1,en_curso
799,266,9.0,mejorada,1,3,2626079245766705074,1,0,15,16,10,7,0,9,1,en_curso
799,266,10.0,mejorada,1,3,2626079245766705074,1,0,24,27,17,8,0,10,1,perdido
800,266,1.0,mejorada,1,4,2626079245766705074,0,0,0,10,0,0,4,1,1,en_curso
800,266,2.0,mejorada,1,4,2626079245766705074,0,0,2,6,2,0,1,2,1,en_curso
800,266,3.0,mejorada,1,4,2626079245766705074,0,0,5,11,3,2,3,3,1,en_curso
800,266,4.0,mejorada,1,4,2626079245766705074,0,0,9,12,5,3,0,4,1,en_curso
800,266,5.0,mejorada,1,4,2626079245766705074,0,0,11,10,7,3,0,5,1,en_curso
800,266,6.0,mejorada,1,4,2626079245766705074,0,0,11,8,7,3,1,6,1,en_curso
800,266,7.0,mejorada,1,4,2626079245766705074,0,1,17,8,11,4,2,7,1,en_curso
800,266,8.0,mejorada,1,4,2626079245766705074,0,1,17,7,11,4,4,8,1,en_curso
800,266,9.0,mejorada,1,4,2626079245766705074,0,1,17,6,11,5,4,9,1,en_curso
800,266,10.0,mejorada,1,4,2626079245766705074,0,1,17,8,11,6,4,10,1,en_curso
800,266,11.0,mejorada,1,4,2626079245766705074,0,4,21,12,15,6,3,11,1,perdido
801,267,1.0,mejorada,1,2,1416833493700755846,0,0,0,10,0,0,2,1,1,en_curso
801,267,2.0,mejorada,1,2,1416833493700755846,0,0,2,4,2,0,1,2,1,en_curso
801,267,3.0,mejorada,1,2,1416833493700755846,0,0,2,2,2,4,2,3,1,en_curso
801,267,4.0,mejorada,1,2,1416833493700755846,1,1,2,2,2,4,2,4,1,en_curso
801,267,5.0,mejorada,1,2,1416833493700755846,1,1,3,5,3,6,2,5,1,en_curso
801,267,6.0,mejorada,1,2,1416833493700755846,1,2,4,8,4,6,2,6,1,en_curso
801,267,7.0,mejorada,1,2,1416833493700755846,1,2,4,8,4,6,2,7,1,en_curso
801,267,8.0,mejorada,1,2,1416833493700755846,3,2,4,7,4,6,2,8,1,en_curso
801,267,9.0,mejorada,1,2,1416833493700755846,3,2,6,11,6,6,2,9,1,en_curso
801,267,10.0,mejorada,1,2,1416833493700755846,3,3,6,6,6,7,0,10,1,en_curso
801,267,11.0,mejorada,1,2,1416833493700755846,3,3,6,4,6,7,2,11,1,en_curso
801,267,12.0,mejorada,1,2,1416833493700755846,3,3,9,7,9,8,2,12,1,en_curso
801,267,13.0,mejorada,1,2,1416833493700755846,4,3,9,6,9,8,2,13,1,en_curso
801,267,14.0,mejorada,1,2,1416833493700755846,5,3,9,5,9,8,2,14,1,en_curso
801,267,15.0,mejorada,1,2,1416833493700755846,5,3,12,1,12,8,2,15,1,en_curso
801,267,16.0,mejorada,1,2,1416833493700755846,6,3,12,0,12,8,2,16,1,en_curso
801,267,17.0,mejorada,1,2,1416833493700755846,6,3,12,11,12,8,2,17,1,en_curso
801,267,18.0,mejorada,1,2,1416833493700755846,6,3,14,12,14,8,1,18,1,en_curso
801,267,19.0,mejorada,1,2,1416833493700755846,6,3,14,13,14,8,1,19,1,en_curso
801,267,20.0,mejorada,1,2,1416833493700755846,7,3,22,16,19,8,1,20,1,ganado
802,267,1.0,mejorada,1,3,1416833493700755846,0,0,0,10,0,0,3,1,1,en_curso
802,267,2.0,mejorada,1,3,1416833493700755846,0,0,2,7,2,0,2,2,1,en_curso
802,267,3.0,mejorada,1,3,1416833493700755846,0,0,2,4,2,3,3,3,1,en_curso
802,267,4.0,mejorada,1,3,1416833493700755846,1,1,5,11,5,5,2,4,1,en_curso
802,267,5.0,mejorada,1,3,1416833493700755846,1,1,5,7,5,5,1,5,1,en_curso
802,267,6.0,mejorada,1,3,1416833493700755846,1,1,7,7,6,5,3,6,1,en_curso
802,267,7.0,mejorada,1,3,1416833493700755846,2,1,7,6,6,5,3,7,1,en_curso
802,267,8.0,mejorada,1,3,1416833493700755846,2,1,7,6,6,6,3,8,1,en_curso
802,267,9.0,mejorada,1,3,1416833493700755846,2,3,7,8,6,6,3,9,1,en_curso
802,267,10.0,mejorada,1,3,1416833493700755846,4,3,9,5,8,7,3,10,1,en_curso
802,267,11.0,mejorada,1,3,1416833493700755846,4,3,9,6,8,7,3,11,1,en_curso
802,267,12.0,mejorada,1,3,1416833493700755846,5,3,10,8,9,7,3,12,1,en_curso
802,267,13.0,mejorada,1,3,1416833493700755846,7,3,16,10,15,7,3,13,1,ganado
803,267,1.0,mejorada,1,4,1416833493700755846,0,0,0,10,0,0,4,1,1,en_curso
803,267,2.0,mejorada,1,4,1416833493700755846,0,0,2,7,2,0,2,2,1,en_curso
803,267,3.0,mejorada,1,4,1416833493700755846,0,0,2,8,2,5,4,3,1,en_curso
803,267,4.0,mejorada,1,4,1416833493700755846,1,1,8,16,8,6,3,4,1,en_curso
803,267,5.0,mejorada,1,4,1416833493700755846,1,1,11,12,9,6,0,5,1,en_curso
803,267,6.0,mejorada,1,4,1416833493700755846,1,1,15,14,9,6,0,6,1,en_curso
803,267,7.0,mejorada,1,4,1416833493700755846,1,2,24,21,16,6,0,7,1,perdido
804,268,1.0,mejorada,1,2,1065207823745613756,0,0,0,10,0,0,2,1,1,en_curso
804,268,2.0,mejorada,1,2,1065207823745613756,0,0,1,10,1,0,2,2,1,en_curso
804,268,3.0,mejorada,1,2,1065207823745613756,0,1,1,5,1,5,1,3,1,en_curso
804,268,4.0,mejorada,1,2,1065207823745613756,0,1,1,2,1,6,2,4,1,en_curso
804,268,5.0,mejorada,1,2,1065207823745613756,0,1,1,1,1,6,2,5,1,en_curso
804,268,6.0,mejorada,1,2,1065207823745613756,1,1,1,1,1,6,2,6,1,en_curso
804,268,7.0,mejorada,1,2,1065207823745613756,2,1,1,4,1,7,2,7,1,en_curso
804,268,8.0,mejorada,1,2,1065207823745613756,2,1,1,2,1,7,2,8,1,en_curso
804,268,9.0,mejorada,1,2,1065207823745613756,2,1,1,1,1,7,2,9,1,en_curso
804,268,10.0,mejorada,1,2,1065207823745613756,5,1,1,4,1,7,2,10,1,en_curso
804,268,11.0,mejorada,1,2,1065207823745613756,5,1,1,2,1,7,2,11,1,en_curso
804,268,12.0,mejorada,1,2,1065207823745613756,5,1,1,2,1,7,2,12,1,en_curso
804,268,13.0,mejorada,1,2,1065207823745613756,6,1,3,6,3,7,2,13,1,en_curso
804,268,14.0,mejorada,1,2,1065207823745613756,7,1,3,11,3,7,2,14,1,ganado
805,268,1.0,mejorada,1,3,1065207823745613756,0,0,0,10,0,0,3,1,1,en_curso
805,268,2.0,mejorada,1,3,1065207823745613756,0,0,1,10,1,0,2,2,1,en_curso
805,268,3.0,mejorada,1,3,1065207823745613756,0,1,1,6,1,5,2,3,1,en_curso
805,268,4.0,mejorada,1,3,1065207823745613756,0,1,4,6,4,5,3,4,1,en_curso
805,268,5.0,mejorada,1,3,1065207823745613756,0,1,4,4,4,5,3,5,1,en_curso
805,268,6.0,mejorada,1,3,1065207823745613756,1,1,4,6,4,6,3,6,1,en_curso
805,268,7.0,mejorada,1,3,1065207823745613756,4,2,10,11,9,6,2,7,1,en_curso
805,268,8.0,mejorada,1,3,1065207823745613756,4,2,10,10,9,6,0,8,1,en_curso
805,268,9.0,mejorada,1,3,1065207823745613756,5,4,12,14,11,6,1,9,1,perdido
806,268,1.0,mejorada,1,4,1065207823745613756,0,0,0,10,0,0,4,1,1,en_curso
806,268,2.0,mejorada,1,4,1065207823745613756,0,0,1,10,1,0,2,2,1,en_curso
806,268,3.0,mejorada,1,4,1065207823745613756,0,1,1,7,1,5,3,3,1,en_curso
806,268,4.0,mejorada,1,4,1065207823745613756,0,1,2,11,1,5,4,4,1,en_curso
806,268,5.0,mejorada,1,4,1065207823745613756,0,2,10,17,8,6,1,5,1,en_curso
806,268,6.0,mejorada,1,4,1065207823745613756,0,2,14,18,10,7,1,6,1,en_curso
806,268,7.0,mejorada,1,4,1065207823745613756,1,3,14,16,10,7,1,7,1,en_curso
806,268,8.0,mejorada,1,4,1065207823745613756,1,3,24,17,15,7,0,8,1,perdido
807,269,1.0,mejorada,1,2,195056022512469942,0,0,0,10,0,0,2,1,1,en_curso
807,269,2.0,mejorada,1,2,195056022512469942,0,0,3,5,3,1,0,2,1,en_curso
807,269,3.0,mejorada,1,2,195056022512469942,0,0,3,2,3,3,2,3,1,en_curso
807,269,4.0,mejorada,1,2,195056022512469942,0,1,3,3,3,6,2,4,1,en_curso
807,269,5.0,mejorada,1,2,195056022512469942,1,1,4,5,4,7,2,5,1,en_curso
807,269,6.0,mejorada,1,2,195056022512469942,1,1,7,7,7,7,2,6,1,en_curso
807,269,7.0,mejorada,1,2,195056022512469942,1,2,7,7,7,7,2,7,1,en_curso
807,269,8.0,mejorada,1,2,195056022512469942,1,2,7,7,7,7,2,8,1,en_curso
807,269,9.0,mejorada,1,2,195056022512469942,2,3,7,5,7,7,2,9,1,en_curso
807,269,10.0,mejorada,1,2,195056022512469942,3,3,9,8,9,7,2,10,1,en_curso
807,269,11.0,mejorada,1,2,195056022512469942,3,4,12,2,11,7,2,11,1,perdido
808,269,1.0,mejorada,1,3,195056022512469942,0,0,0,10,0,0,3,1,1,en_curso
808,269,2.0,mejorada,1,3,195056022512469942,0,0,3,6,3,1,1,2,1,en_curso
808,269,3.0,mejorada,1,3,195056022512469942,0,1,5,7,5,2,3,3,1,en_curso
808,269,4.0,mejorada,1,3,195056022512469942,1,1,5,8,5,5,3,4,1,en_curso
808,269,5.0,mejorada,1,3,195056022512469942,1,1,9,8,9,5,3,5,1,en_curso
808,269,6.0,mejorada,1,3,195056022512469942,1,1,9,8,9,6,3,6,1,en_curso
808,269,7.0,mejorada,1,3,195056022512469942,1,1,14,10,10,6,3,7,1,en_curso
808,269,8.0,mejorada,1,3,195056022512469942,1,3,15,13,11,7,1,8,1,en_curso
808,269,9.0,mejorada,1,3,195056022512469942,2,3,15,9,11,7,1,9,1,en_curso
808,269,10.0,mejorada,1,3,195056022512469942,2,3,15,7,11,7,2,10,1,en_curso
808,269,11.0,mejorada,1,3,195056022512469942,3,5,20,16,16,7,3,11,1,perdido
809,269,1.0,mejorada,1,4,195056022512469942,0,0,0,10,0,0,4,1,1,en_curso
809,269,2.0,mejorada,1,4,195056022512469942,0,0,3,8,3,2,2,2,1,en_curso
809,269,3.0,mejorada,1,4,195056022512469942,0,1,6,9,6,4,1,3,1,en_curso
809,269,4.0,mejorada,1,4,195056022512469942,0,2,9,11,8,6,0,4,1,en_curso
809,269,5.0,mejorada,1,4,195056022512469942,0,2,11,12,9,6,0,5,1,en_curso
809,269,6.0,mejorada,1,4,195056022512469942,0,2,18,11,15,6,0,6,1,en_curso
809,269,7.0,mejorada,1,4,195056022512469942,1,2,24,10,19,7,3,7,1,perdido
810,270,1.0,mejorada,1,2,510932467855766150,0,0,0,10,0,0,2,1,1,en_curso
810,270,2.0,mejorada,1,2,510932467855766150,0,0,0,6,0,0,0,2,1,en_curso
810,270,3.0,mejorada,1,2,510932467855766150,0,0,0,6,0,1,1,3,1,en_curso
810,270,4.0,mejorada,1,2,510932467855766150,0,0,0,5,0,4,2,4,1,en_curso
810,270,5.0,mejorada,1,2,510932467855766150,0,1,5,10,3,6,2,5,1,en_curso
810,270,6.0,mejorada,1,2,510932467855766150,0,1,10,11,6,8,0,6,1,en_curso
810,270,7.0,mejorada,1,2,510932467855766150,0,2,10,9,6,8,0,7,1,en_curso
810,270,8.0,mejorada,1,2,510932467855766150,0,2,12,8,8,8,2,8,1,en_curso
810,270,9.0,mejorada,1,2,510932467855766150,0,2,12,6,8,8,2,9,1,en_curso
810,270,10.0,mejorada,1,2,510932467855766150,1,2,13,14,9,8,2,10,1,en_curso
810,270,11.0,mejorada,1,2,510932467855766150,1,2,17,12,13,8,1,11,1,en_curso
810,270,12.0,mejorada,1,2,510932467855766150,1,3,20,13,15,8,1,12,1,en_curso
810,270,13.0,mejorada,1,2,510932467855766150,2,3,24,18,17,8,1,13,1,perdido
811,270,1.0,mejorada,1,3,510932467855766150,0,0,0,10,0,0,3,1,1,en_curso
811,270,2.0,mejorada,1,3,510932467855766150,0,0,0,6,0,0,0,2,1,en_curso
811,270,3.0,mejorada,1,3,510932467855766150,0,0,0,7,0,1,2,3,1,en_curso
811,270,4.0,mejorada,1,3,510932467855766150,0,0,0,11,0,4,3,4,1,en_curso
811,270,5.0,mejorada,1,3,510932467855766150,0,0,7,13,4,5,0,5,1,en_curso
811,270,6.0,mejorada,1,3,510932467855766150,0,1,11,20,8,6,0,6,1,en_curso
811,270,7.0,mejorada,1,3,510932467855766150,0,2,24,19,16,7,0,7,1,perdido
812,270,1.0,mejorada,1,4,510932467855766150,0,0,0,10,0,0,4,1,1,en_curso
812,270,2.0,mejorada,1,4,510932467855766150,0,0,0,6,0,0,0,2,1,en_curso
812,270,3.0,mejorada,1,4,510932467855766150,0,0,0,8,0,2,1,3,1,en_curso
812,270,4.0,mejorada,1,4,510932467855766150,0,0,1,10,1,4,2,4,1,en_curso
812,270,5.0,mejorada,1,4,510932467855766150,0,0,5,9,3,5,1,5,1,en_curso
812,270,6.0,mejorada,1,4,510932467855766150,0,0,7,8,5,6,0,6,1,en_curso
812,270,7.0,mejorada,1,4,510932467855766150,0,0,12,9,8,7,1,7,1,en_curso
812,270,8.0,mejorada,1,4,510932467855766150,2,1,12,11,8,7,1,8,1,en_curso
812,270,9.0,mejorada,1,4,510932467855766150,2,3,14,10,9,8,2,9,1,en_curso
812,270,10.0,mejorada,1,4,510932467855766150,4,3,24,9,15,8,4,10,1,perdido
813,271,1.0,mejorada,1,2,1610783259504929798,0,0,0,10,0,0,2,1,1,en_curso
813,271,2.0,mejorada,1,2,1610783259504929798,0,0,0,5,0,0,1,2,1,en_curso
813,271,3.0,mejorada,1,2,1610783259504929798,0,0,0,1,0,4,2,3,1,en_curso
813,271,4.0,mejorada,1,2,1610783259504929798,0,0,0,1,0,5,2,4,1,en_curso
813,271,5.0,mejorada,1,2,1610783259504929798,1,0,0,5,0,6,2,5,1,en_curso
813,271,6.0,mejorada,1,2,1610783259504929798,2,0,0,3,0,6,2,6,1,en_curso
813,271,7.0,mejorada,1,2,1610783259504929798,3,0,0,1,0,7,2,7,1,en_curso
813,271,8.0,mejorada,1,2,1610783259504929798,3,0,0,2,0,7,2,8,1,en_curso
813,271,9.0,mejorada,1,2,1610783259504929798,3,0,0,1,0,8,2,9,1,en_curso
813,271,10.0,mejorada,1,2,1610783259504929798,3,0,0,1,0,8,2,10,1,en_curso
813,271,11.0,mejorada,1,2,1610783259504929798,4,0,1,11,1,8,2,11,1,en_curso
813,271,12.0,mejorada,1,2,1610783259504929798,4,1,6,13,5,8,2,12,1,en_curso
813,271,13.0,mejorada,1,2,1610783259504929798,5,2,9,11,8,8,2,13,1,en_curso
813,271,14.0,mejorada,1,2,1610783259504929798,6,2,12,10,9,8,1,14,1,en_curso
813,271,15.0,mejorada,1,2,1610783259504929798,6,2,15,8,12,8,2,15,1,en_curso
813,271,16.0,mejorada,1,2,1610783259504929798,6,3,25,13,20,8,1,16,1,perdido
814,271,1.0,mejorada,1,3,1610783259504929798,0,0,0,10,0,0,3,1,1,en_curso
814,271,2.0,mejorada,1,3,1610783259504929798,0,0,0,6,0,0,2,2,1,en_curso
814,271,3.0,mejorada,1,3,1610783259504929798,0,0,0,5,0,4,3,3,1,en_curso
814,271,4.0,mejorada,1,3,1610783259504929798,0,0,0,4,0,6,3,4,1,en_curso
814,271,5.0,mejorada,1,3,1610783259504929798,1,0,0,2,0,6,3,5,1,en_curso
814,271,6.0,mejorada,1,3,1610783259504929798,3,1,2,10,2,6,3,6,1,en_curso
814,271,7.0,mejorada,1,3,1610783259504929798,4,1,2,7,2,6,2,7,1,en_curso
814,271,8.0,mejorada,1,3,1610783259504929798,4,1,9,6,9,6,3,8,1,en_curso
814,271,9.0,mejorada,1,3,1610783259504929798,5,1,13,9,9,6,1,9,1,en_curso
814,271,10.0,mejorada,1,3,1610783259504929798,5,2,14,10,10,7,0,10,1,en_curso
814,271,11.0,mejorada,1,3,1610783259504929798,5,2,16,8,12,7,0,11,1,en_curso
814,271,12.0,mejorada,1,3,1610783259504929798,5,2,18,9,13,7,1,12,1,en_curso
814,271,13.0,mejorada,1,3,1610783259504929798,6,3,24,13,18,7,1,13,1,perdido
815,271,1.0,mejorada,1,4,1610783259504929798,0,0,0,10,0,0,4,1,1,en_curso
815,271,2.0,mejorada,1,4,1610783259504929798,0,0,0,6,0,0,2,2,1,en_curso
815,271,3.0,mejorada,1,4,1610783259504929798,0,0,0,5,0,4,4,3,1,en_curso
815,271,4.0,mejorada,1,4,1610783259504929798,0,0,0,6,0,7,4,4,1,en_curso
815,271,5.0,mejorada,1,4,1610783259504929798,1,0,3,11,3,7,2,5,1,en_curso
815,271,6.0,mejorada,1,4,1610783259504929798,1,1,8,14,7,7,0,6,1,en_curso
815,271,7.0,mejorada,1,4,1610783259504929798,1,1,13,10,9,7,0,7,1,en_curso
815,271,8.0,mejorada,1,4,1610783259504929798,1,1,13,7,9,7,3,8,1,en_curso
815,271,9.0,mejorada,1,4,1610783259504929798,1,1,14,9,10,7,3,9,1,en_curso
815,271,10.0,mejorada,1,4,1610783259504929798,3,2,14,10,10,7,3,10,1,en_curso
815,271,11.0,mejorada,1,4,1610783259504929798,3,2,14,7,10,7,3,11,1,en_curso
815,271,12.0,mejorada,1,4,1610783259504929798,4,3,14,11,10,7,2,12,1,en_curso
815,271,13.0,mejorada,1,4,1610783259504929798,5,3,14,11,10,7,1,13,1,en_curso
815,271,14.0,mejorada,1,4,1610783259504929798,5,3,20,15,14,7,0,14,1,en_curso
815,271,15.0,mejorada,1,4,1610783259504929798,5,3,24,14,18,7,0,15,1,perdido
816,272,1.0,mejorada,1,2,492361424666756014,0,0,0,10,0,0,2,1,1,en_curso
816,272,2.0,mejorada,1,2,492361424666756014,1,0,0,6,0,0,2,2,1,en_curso
816,272,3.0,mejorada,1,2,492361424666756014,1,0,2,6,2,4,2,3,1,en_curso
816,272,4.0,mejorada,1,2,492361424666756014,1,0,2,4,2,5,2,4,1,en_curso
816,272,5.0,mejorada,1,2,492361424666756014,1,0,2,3,2,6,2,5,1,en_curso
816,272,6.0,mejorada,1,2,492361424666756014,2,0,2,2,2,6,2,6,1,en_curso
816,272,7.0,mejorada,1,2,492361424666756014,2,0,2,2,2,7,2,7,1,en_curso
816,272,8.0,mejorada,1,2,492361424666756014,2,0,2,1,2,7,2,8,1,en_curso
816,272,9.0,mejorada,1,2,492361424666756014,3,0,2,3,2,7,2,9,1,en_curso
816,272,10.0,mejorada,1,2,492361424666756014,4,1,4,2,4,7,2,10,1,en_curso
816,272,11.0,mejorada,1,2,492361424666756014,5,1,4,0,4,7,2,11,1,en_curso
816,272,12.0,mejorada,1,2,492361424666756014,6,1,4,11,4,7,2,12,1,en_curso
816,272,13.0,mejorada,1,2,492361424666756014,6,1,4,12,4,7,1,13,1,en_curso
816,272,14.0,mejorada,1,2,492361424666756014,6,1,10,13,8,7,1,14,1,en_curso
816,272,15.0,mejorada,1,2,492361424666756014,6,1,13,13,11,7,1,15,1,en_curso
816,272,16.0,mejorada,1,2,492361424666756014,6,1,18,17,13,7,1,16,1,en_curso
816,272,17.0,mejorada,1,2,492361424666756014,6,1,24,26,16,7,1,17,1,perdido
817,272,1.0,mejorada,1,3,492361424666756014,0,0,0,10,0,0,3,1,1,en_curso
817,272,2.0,mejorada,1,3,492361424666756014,1,0,0,8,0,0,3,2,1,en_curso
817,272,3.0,mejorada,1,3,492361424666756014,1,0,0,5,0,3,3,3,1,en_curso
817,272,4.0,mejorada,1,3,492361424666756014,1,0,6,7,4,5,2,4,1,en_curso
817,272,5.0,mejorada,1,3,492361424666756014,1,1,11,9,8,5,2,5,1,en_curso
817,272,6.0,mejorada,1,3,492361424666756014,1,2,11,8,8,6,1,6,1,en_curso
817,272,7.0,mejorada,1,3,492361424666756014,1,2,16,7,11,7,2,7,1,en_curso
817,272,8.0,mejorada,1,3,492361424666756014,2,2,18,11,12,7,2,8,1,en_curso
817,272,9.0,mejorada,1,3,492361424666756014,3,4,21,9,15,7,1,9,1,perdido
818,272,1.0,mejorada,1,4,492361424666756014,0,0,0,10,0,0,4,1,1,en_curso
818,272,2.0,mejorada,1,4,492361424666756014,1,0,0,8,0,0,3,2,1,en_curso
818,272,3.0,mejorada,1,4,492361424666756014,1,1,2,10,2,5,2,3,1,en_curso
818,272,4.0,mejorada,1,4,492361424666756014,1,1,9,14,7,6,0,4,1,en_curso
818,272,5.0,mejorada,1,4,492361424666756014,1,1,12,14,9,6,0,5,1,en_curso
818,272,6.0,mejorada,1,4,492361424666756014,1,1,14,10,9,6,0,6,1,en_curso
818,272,7.0,mejorada,1,4,492361424666756014,1,1,18,11,11,6,0,7,1,en_curso
818,272,8.0,mejorada,1,4,492361424666756014,1,1,19,12,12,6,1,8,1,en_curso
818,272,9.0,mejorada,1,4,492361424666756014,1,1,20,10,13,6,0,9,1,en_curso
818,272,10.0,mejorada,1,4,492361424666756014,1,4,24,11,16,8,0,10,1,perdido
819,273,1.0,mejorada,1,2,5452339343277554439,0,0,0,10,0,0,2,1,1,en_curso
819,273,2.0,mejorada,1,2,5452339343277554439,0,0,0,7,0,0,2,2,1,en_curso
819,273,3.0,mejorada,1,2,5452339343277554439,0,0,3,8,3,4,1,3,1,en_curso
819,273,4.0,mejorada,1,2,5452339343277554439,0,0,9,9,8,6,1,4,1,en_curso
819,273,5.0,mejorada,1,2,5452339343277554439,0,0,9,6,8,6,2,5,1,en_curso
819,273,6.0,mejorada,1,2,5452339343277554439,0,0,17,7,12,6,2,6,1,en_curso
819,273,7.0,mejorada,1,2,5452339343277554439,2,2,18,11,12,6,2,7,1,en_curso
819,273,8.0,mejorada,1,2,5452339343277554439,2,2,20,14,14,6,0,8,1,en_curso
819,273,9.0,mejorada,1,2,5452339343277554439,2,2,25,13,18,6,0,9,1,perdido
820,273,1.0,mejorada,1,3,5452339343277554439,0,0,0,10,0,0,3,1,1,en_curso
820,273,2.0,mejorada,1,3,5452339343277554439,0,0,0,7,0,0,2,2,1,en_curso
820,273,3.0,mejorada,1,3,5452339343277554439,0,0,3,8,3,5,2,3,1,en_curso
820,273,4.0,mejorada,1,3,5452339343277554439,0,0,8,9,5,5,2,4,1,en_curso
820,273,5.0,mejorada,1,3,5452339343277554439,0,2,8,15,5,5,2,5,1,en_curso
820,273,6.0,mejorada,1,3,5452339343277554439,0,2,10,11,7,5,1,6,1,en_curso
820,273,7.0,mejorada,1,3,5452339343277554439,1,2,12,9,9,5,1,7,1,en_curso
820,273,8.0,mejorada,1,3,5452339343277554439,1,4,18,5,13,6,3,8,1,perdido
821,273,1.0,mejorada,1,4,5452339343277554439,0,0,0,10,0,0,4,1,1,en_curso
821,273,2.0,mejorada,1,4,5452339343277554439,0,0,1,12,1,0,3,2,1,en_curso
821,273,3.0,mejorada,1,4,5452339343277554439,0,0,7,14,6,2,0,3,1,en_curso
821,273,4.0,mejorada,1,4,5452339343277554439,0,1,8,10,7,3,0,4,1,en_curso
821,273,5.0,mejorada,1,4,5452339343277554439,0,1,8,6,7,3,1,5,1,en_curso
821,273,6.0,mejorada,1,4,5452339343277554439,0,1,10,10,7,4,4,6,1,en_curso
821,273,7.0,mejorada,1,4,5452339343277554439,1,3,24,16,16,6,0,7,1,perdido
822,274,1.0,mejorada,1,2,6278483331563398250,0,0,0,10,0,0,2,1,1,en_curso
822,274,2.0,mejorada,1,2,6278483331563398250,0,0,2,7,2,2,1,2,1,en_curso
822,274,3.0,mejorada,1,2,6278483331563398250,0,0,5,8,5,4,2,3,1,en_curso
822,274,4.0,mejorada,1,2,6278483331563398250,0,1,7,10,5,6,1,4,1,en_curso
822,274,5.0,mejorada,1,2,6278483331563398250,0,1,10,13,7,8,0,5,1,en_curso
822,274,6.0,mejorada,1,2,6278483331563398250,0,1,15,12,10,8,0,6,1,en_curso
822,274,7.0,mejorada,1,2,6278483331563398250,0,1,15,11,10,8,0,7,1,en_curso
822,274,8.0,mejorada,1,2,6278483331563398250,0,2,25,17,15,8,0,8,1,perdido
823,274,1.0,mejorada,1,3,6278483331563398250,0,0,0,10,0,0,3,1,1,en_curso
823,274,2.0,mejorada,1,3,6278483331563398250,0,0,2,7,2,2,1,2,1,en_curso
823,274,3.0,mejorada,1,3,6278483331563398250,0,0,2,6,2,4,3,3,1,en_curso
823,274,4.0,mejorada,1,3,6278483331563398250,0,0,5,3,5,8,3,4,1,en_curso
823,274,5.0,mejorada,1,3,6278483331563398250,0,0,5,3,5,8,3,5,1,en_curso
823,274,6.0,mejorada,1,3,6278483331563398250,0,0,5,1,5,8,3,6,1,en_curso
823,274,7.0,mejorada,1,3,6278483331563398250,0,0,5,5,5,8,3,7,1,en_curso
823,274,8.0,mejorada,1,3,6278483331563398250,0,1,5,11,5,8,2,8,1,en_curso
823,274,9.0,mejorada,1,3,6278483331563398250,0,1,15,11,10,8,2,9,1,en_curso
823,274,10.0,mejorada,1,3,6278483331563398250,1,1,17,9,11,8,2,10,1,en_curso
823,274,11.0,mejorada,1,3,6278483331563398250,2,1,17,7,11,8,2,11,1,en_curso
823,274,12.0,mejorada,1,3,6278483331563398250,2,2,19,8,13,8,2,12,1,en_curso
823,274,13.0,mejorada,1,3,6278483331563398250,3,5,20,14,14,8,3,13,1,perdido
824,274,1.0,mejorada,1,4,6278483331563398250,0,0,0,10,0,0,4,1,1,en_curso
824,274,2.0,mejorada,1,4,6278483331563398250,0,0,2,8,2,1,2,2,1,en_curso
824,274,3.0,mejorada,1,4,6278483331563398250,0,0,5,10,5,4,4,3,1,en_curso
824,274,4.0,mejorada,1,4,6278483331563398250,0,1,7,10,5,5,1,4,1,en_curso
824,274,5.0,mejorada,1,4,6278483331563398250,0,1,10,15,7,6,1,5,1,en_curso
824,274,6.0,mejorada,1,4,6278483331563398250,0,1,12,14,9,7,0,6,1,en_curso
824,274,7.0,mejorada,1,4,6278483331563398250,0,1,15,12,12,7,0,7,1,en_curso
824,274,8.0,mejorada,1,4,6278483331563398250,0,1,15,10,12,7,0,8,1,en_curso
824,274,9.0,mejorada,1,4,6278483331563398250,0,3,25,10,20,7,2,9,1,perdido
825,275,1.0,mejorada,1,2,3630600148398900764,0,0,0,10,0,0,2,1,1,en_curso
825,275,2.0,mejorada,1,2,3630600148398900764,0,0,0,8,0,0,0,2,1,en_curso
825,275,3.0,mejorada,1,2,3630600148398900764,0,0,0,5,0,1,2,3,1,en_curso
825,275,4.0,mejorada,1,2,3630600148398900764,0,0,0,2,0,4,2,4,1,en_curso
825,275,5.0,mejorada,1,2,3630600148398900764,0,0,0,2,0,5,2,5,1,en_curso
825,275,6.0,mejorada,1,2,3630600148398900764,0,1,0,0,0,6,2,6,1,en_curso
825,275,7.0,mejorada,1,2,3630600148398900764,0,1,0,1,0,6,2,7,1,en_curso
825,275,8.0,mejorada,1,2,3630600148398900764,1,1,0,6,0,6,2,8,1,en_curso
825,275,9.0,mejorada,1,2,3630600148398900764,1,1,0,2,0,6,2,9,1,en_curso
825,275,10.0,mejorada,1,2,3630600148398900764,2,2,0,5,0,6,2,10,1,en_curso
825,275,11.0,mejorada,1,2,3630600148398900764,2,2,0,3,0,6,2,11,1,en_curso
825,275,12.0,mejorada,1,2,3630600148398900764,3,3,0,6,0,6,2,12,1,en_curso
825,275,13.0,mejorada,1,2,3630600148398900764,5,3,2,6,2,6,2,13,1,en_curso
825,275,14.0,mejorada,1,2,3630600148398900764,5,3,2,2,2,7,2,14,1,en_curso
825,275,15.0,mejorada,1,2,3630600148398900764,6,3,2,2,2,7,2,15,1,en_curso
825,275,16.0,mejorada,1,2,3630600148398900764,6,3,3,8,3,7,2,16,1,en_curso
825,275,17.0,mejorada,1,2,3630600148398900764,6,3,4,11,3,7,2,17,1,en_curso
825,275,18.0,mejorada,1,2,3630600148398900764,7,3,11,14,6,7,1,18,1,ganado
826,275,1.0,mejorada,1,3,3630600148398900764,0,0,0,10,0,0,3,1,1,en_curso
826,275,2.0,mejorada,1,3,3630600148398900764,0,0,0,8,0,0,0,2,1,en_curso
826,275,3.0,mejorada,1,3,3630600148398900764,0,0,0,7,0,2,3,3,1,en_curso
826,275,4.0,mejorada,1,3,3630600148398900764,0,0,0,5,0,4,3,4,1,en_curso
826,275,5.0,mejorada,1,3,3630600148398900764,1,0,3,4,3,4,3,5,1,en_curso
826,275,6.0,mejorada,1,3,3630600148398900764,2,1,7,9,4,5,3,6,1,en_curso
826,275,7.0,mejorada,1,3,3630600148398900764,2,1,7,6,4,6,3,7,1,en_curso
826,275,8.0,mejorada,1,3,3630600148398900764,4,2,10,7,7,6,3,8,1,en_curso
826,275,9.0,mejorada,1,3,3630600148398900764,5,4,22,11,16,6,1,9,1,perdido
827,275,1.0,mejorada,1,4,3630600148398900764,0,0,0,10,0,0,4,1,1,en_curso
827,275,2.0,mejorada,1,4,3630600148398900764,0,0,0,8,0,0,0,2,1,en_curso
827,275,3.0,mejorada,1,4,3630600148398900764,0,0,0,7,0,2,3,3,1,en_curso
827,275,4.0,mejorada,1,4,3630600148398900764,0,0,0,8,0,4,4,4,1,en_curso
827,275,5.0,mejorada,1,4,3630600148398900764,0,0,0,10,0,4,2,5,1,en_curso
827,275,6.0,mejorada,1,4,3630600148398900764,0,1,4,9,3,6,0,6,1,en_curso
827,275,7.0,mejorada,1,4,3630600148398900764,1,3,10,9,7,7,1,7,1,en_curso
827,275,8.0,mejorada,1,4,3630600148398900764,1,4,10,7,7,7,4,8,1,perdido
828,276,1.0,mejorada,1,2,2932950191596309256,0,0,0,10,0,0,2,1,1,en_curso
828,276,2.0,mejorada,1,2,2932950191596309256,0,0,0,3,0,0,0,2,1,en_curso
828,276,3.0,mejorada,1,2,2932950191596309256,0,0,0,0,0,3,2,3,1,en_curso
828,276,4.0,mejorada,1,2,2932950191596309256,0,0,0,1,0,5,2,4,1,en_curso
828,276,5.0,mejorada,1,2,2932950191596309256,0,0,0,3,0,7,2,5,1,en_curso
828,276,6.0,mejorada,1,2,2932950191596309256,0,0,1,4,1,7,2,6,1,en_curso
828,276,7.0,mejorada,1,2,2932950191596309256,0,0,3,5,2,7,2,7,1,en_curso
828,276,8.0,mejorada,1,2,2932950191596309256,1,1,6,12,4,7,2,8,1,en_curso
828,276,9.0,mejorada,1,2,2932950191596309256,1,2,6,12,4,7,0,9,1,en_curso
828,276,10.0,mejorada,1,2,2932950191596309256,1,2,6,8,4,7,1,10,1,en_curso
828,276,11.0,mejorada,1,2,2932950191596309256,2,2,6,5,4,7,2,11,1,en_curso
828,276,12.0,mejorada,1,2,2932950191596309256,2,2,8,6,6,7,2,12,1,en_curso
828,276,13.0,mejorada,1,2,2932950191596309256,2,4,11,9,7,8,1,13,1,perdido
829,276,1.0,mejorada,1,3,2932950191596309256,0,0,0,10,0,0,3,1,1,en_curso
829,276,2.0,mejorada,1,3,2932950191596309256,0,0,0,4,0,0,1,2,1,en_curso
829,276,3.0,mejorada,1,3,2932950191596309256,0,0,2,4,2,2,3,3,1,en_curso
829,276,4.0,mejorada,1,3,2932950191596309256,0,0,2,1,2,5,3,4,1,en_curso
829,276,5.0,mejorada,1,3,2932950191596309256,1,0,2,3,2,7,3,5,1,en_curso
829,276,6.0,mejorada,1,3,2932950191596309256,1,1,2,6,2,7,3,6,1,en_curso
829,276,7.0,mejorada,1,3,2932950191596309256,1,2,7,9,6,7,3,7,1,en_curso
829,276,8.0,mejorada,1,3,2932950191596309256,2,2,13,9,12,7,2,8,1,en_curso
829,276,9.0,mejorada,1,3,2932950191596309256,2,2,16,7,13,7,2,9,1,en_curso
829,276,10.0,mejorada,1,3,2932950191596309256,4,2,18,11,13,8,3,10,1,en_curso
829,276,11.0,mejorada,1,3,2932950191596309256,5,5,20,18,15,8,2,11,1,perdido
830,276,1.0,mejorada,1,4,2932950191596309256,0,0,0,10,0,0,4,1,1,en_curso
830,276,2.0,mejorada,1,4,2932950191596309256,0,0,0,7,0,1,2,2,1,en_curso
830,276,3.0,mejorada,1,4,2932950191596309256,0,0,3,10,3,3,3,3,1,en_curso
830,276,4.0,mejorada,1,4,2932950191596309256,0,1,5,11,3,4,1,4,1,en_curso
830,276,5.0,mejorada,1,4,2932950191596309256,0,2,7,11,5,5,0,5,1,en_curso
830,276,6.0,mejorada,1,4,2932950191596309256,0,2,9,9,7,5,1,6,1,en_curso
830,276,7.0,mejorada,1,4,2932950191596309256,1,3,12,9,9,5,2,7,1,en_curso
830,276,8.0,mejorada,1,4,2932950191596309256,1,3,12,9,9,6,3,8,1,en_curso
830,276,9.0,mejorada,1,4,2932950191596309256,1,3,12,10,9,6,2,9,1,en_curso
830,276,10.0,mejorada,1,4,2932950191596309256,2,4,18,18,13,8,1,10,1,perdido
831,277,1.0,mejorada,1,2,4653433186410401850,0,0,0,10,0,0,2,1,1,en_curso
831,277,2.0,mejorada,1,2,4653433186410401850,0,0,2,12,2,1,1,2,1,en_curso
831,277,3.0,mejorada,1,2,4653433186410401850,0,0,2,6,2,3,0,3,1,en_curso
831,277,4.0,mejorada,1,2,4653433186410401850,0,0,2,3,2,5,2,4,1,en_curso
831,277,5.0,mejorada,1,2,4653433186410401850,0,1,2,2,2,6,2,5,1,en_curso
831,277,6.0,mejorada,1,2,4653433186410401850,0,1,2,3,2,6,2,6,1,en_curso
831,277,7.0,mejorada,1,2,4653433186410401850,1,1,2,2,2,6,2,7,1,en_curso
831,277,8.0,mejorada,1,2,4653433186410401850,1,1,2,1,2,7,2,8,1,en_curso
831,277,9.0,mejorada,1,2,4653433186410401850,2,1,2,2,2,8,2,9,1,en_curso
831,277,10.0,mejorada,1,2,4653433186410401850,2,1,2,1,2,8,2,10,1,en_curso
831,277,11.0,mejorada,1,2,4653433186410401850,2,1,2,3,2,8,2,11,1,en_curso
831,277,12.0,mejorada,1,2,4653433186410401850,3,1,2,4,2,8,2,12,1,en_curso
831,277,13.0,mejorada,1,2,4653433186410401850,4,1,2,4,2,8,2,13,1,en_curso
831,277,14.0,mejorada,1,2,4653433186410401850,5,1,2,3,2,8,2,14,1,en_curso
831,277,15.0,mejorada,1,2,4653433186410401850,5,1,2,3,2,8,2,15,1,en_curso
831,277,16.0,mejorada,1,2,4653433186410401850,5,1,2,2,2,8,2,16,1,en_curso
831,277,17.0,mejorada,1,2,4653433186410401850,5,1,2,6,2,8,2,17,1,en_curso
831,277,18.0,mejorada,1,2,4653433186410401850,5,1,2,5,2,8,2,18,1,en_curso
831,277,19.0,mejorada,1,2,4653433186410401850,5,3,2,8,2,8,2,19,1,en_curso
831,277,20.0,mejorada,1,2,4653433186410401850,5,3,8,13,6,8,1,20,1,en_curso
831,277,21.0,mejorada,1,2,4653433186410401850,5,3,10,13,7,8,1,21,1,en_curso
831,277,22.0,mejorada,1,2,4653433186410401850,5,3,10,10,7,8,1,22,1,en_curso
831,277,23.0,mejorada,1,2,4653433186410401850,6,3,12,14,9,8,1,23,1,en_curso
831,277,24.0,mejorada,1,2,4653433186410401850,6,3,16,13,11,8,0,24,1,en_curso
831,277,25.0,mejorada,1,2,4653433186410401850,6,3,24,9,16,8,1,25,1,perdido
832,277,1.0,mejorada,1,3,4653433186410401850,0,0,0,10,0,0,3,1,1,en_curso
832,277,2.0,mejorada,1,3,4653433186410401850,0,0,2,12,2,1,1,2,1,en_curso
832,277,3.0,mejorada,1,3,4653433186410401850,0,0,2,6,2,3,0,3,1,en_curso
832,277,4.0,mejorada,1,3,4653433186410401850,0,0,2,4,2,6,3,4,1,en_curso
832,277,5.0,mejorada,1,3,4653433186410401850,0,0,2,7,2,6,3,5,1,en_curso
832,277,6.0,mejorada,1,3,4653433186410401850,0,0,2,7,2,6,3,6,1,en_curso
832,277,7.0,mejorada,1,3,4653433186410401850,1,2,5,10,5,6,3,7,1,en_curso
832,277,8.0,mejorada,1,3,4653433186410401850,2,2,12,13,10,7,2,8,1,en_curso
832,277,9.0,mejorada,1,3,4653433186410401850,3,2,17,14,13,7,1,9,1,en_curso
832,277,10.0,mejorada,1,3,4653433186410401850,3,2,22,11,16,7,0,10,1,en_curso
832,277,11.0,mejorada,1,3,4653433186410401850,3,3,24,8,17,7,2,11,1,perdido
833,277,1.0,mejorada,1,4,4653433186410401850,0,0,0,10,0,0,4,1,1,en_curso
833,277,2.0,mejorada,1,4,4653433186410401850,0,0,2,12,2,1,1,2,1,en_curso
833,277,3.0,mejorada,1,4,4653433186410401850,0,0,2,6,2,3,0,3,1,en_curso
833,277,4.0,mejorada,1,4,4653433186410401850,0,0,2,6,2,6,4,4,1,en_curso
833,277,5.0,mejorada,1,4,4653433186410401850,0,0,2,9,2,7,4,5,1,en_curso
833,277,6.0,mejorada,1,4,4653433186410401850,0,0,2,12,2,7,4,6,1,en_curso
833,277,7.0,mejorada,1,4,4653433186410401850,0,1,13,18,9,7,3,7,1,en_curso
833,277,8.0,mejorada,1,4,4653433186410401850,2,1,26,23,17,8,3,8,1,perdido
834,278,1.0,mejorada,1,2,8070496116316417892,0,0,0,10,0,0,2,1,1,en_curso
834,278,2.0,mejorada,1,2,8070496116316417892,0,0,0,4,0,0,0,2,1,en_curso
834,278,3.0,mejorada,1,2,8070496116316417892,0,0,0,2,0,3,2,3,1,en_curso
834,278,4.0,mejorada,1,2,8070496116316417892,0,0,0,0,0,5,2,4,1,en_curso
834,278,5.0,mejorada,1,2,8070496116316417892,1,0,0,1,0,5,2,5,1,en_curso
834,278,6.0,mejorada,1,2,8070496116316417892,1,1,0,0,0,7,2,6,1,en_curso
834,278,7.0,mejorada,1,2,8070496116316417892,1,1,0,0,0,7,2,7,1,en_curso
834,278,8.0,mejorada,1,2,8070496116316417892,3,1,0,4,0,7,2,8,1,en_curso
834,278,9.0,mejorada,1,2,8070496116316417892,3,2,2,8,2,7,2,9,1,en_curso
834,278,10.0,mejorada,1,2,8070496116316417892,5,2,4,4,4,7,2,10,1,en_curso
834,278,11.0,mejorada,1,2,8070496116316417892,6,2,7,7,6,7,2,11,1,en_curso
834,278,12.0,mejorada,1,2,8070496116316417892,6,2,7,7,6,7,2,12,1,en_curso
834,278,13.0,mejorada,1,2,8070496116316417892,7,3,13,6,11,7,1,13,1,ganado
835,278,1.0,mejorada,1,3,8070496116316417892,0,0,0,10,0,0,3,1,1,en_curso
835,278,2.0,mejorada,1,3,8070496116316417892,0,0,0,7,0,0,1,2,1,en_curso
835,278,3.0,mejorada,1,3,8070496116316417892,0,0,0,7,0,3,3,3,1,en_curso
835,278,4.0,mejorada,1,3,8070496116316417892,0,0,2,6,2,6,1,4,1,en_curso
835,278,5.0,mejorada,1,3,8070496116316417892,0,0,2,6,2,7,3,5,1,en_curso
835,278,6.0,mejorada,1,3,8070496116316417892,0,1,2,5,2,7,3,6,1,en_curso
835,278,7.0,mejorada,1,3,8070496116316417892,1,1,4,5,4,7,3,7,1,en_curso
835,278,8.0,mejorada,1,3,8070496116316417892,1,1,4,4,4,7,3,8,1,en_curso
835,278,9.0,mejorada,1,3,8070496116316417892,2,1,4,5,4,7,3,9,1,en_curso
835,278,10.0,mejorada,1,3,8070496116316417892,4,2,7,9,7,8,3,10,1,en_curso
835,278,11.0,mejorada,1,3,8070496116316417892,4,2,7,6,7,8,2,11,1,en_curso
835,278,12.0,mejorada,1,3,8070496116316417892,6,2,10,9,10,8,3,12,1,en_curso
835,278,13.0,mejorada,1,3,8070496116316417892,7,2,15,9,12,8,2,13,1,ganado
836,278,1.0,mejorada,1,4,8070496116316417892,0,0,0,10,0,0,4,1,1,en_curso
836,278,2.0,mejorada,1,4,8070496116316417892,0,0,0,7,0,0,1,2,1,en_curso
836,278,3.0,mejorada,1,4,8070496116316417892,0,0,0,7,0,3,3,3,1,en_curso
836,278,4.0,mejorada,1,4,8070496116316417892,0,0,2,8,2,6,2,4,1,en_curso
836,278,5.0,mejorada,1,4,8070496116316417892,0,0,7,10,6,7,2,5,1,en_curso
836,278,6.0,mejorada,1,4,8070496116316417892,0,1,7,9,6,7,2,6,1,en_curso
836,278,7.0,mejorada,1,4,8070496116316417892,0,1,7,5,6,7,3,7,1,en_curso
836,278,8.0,mejorada,1,4,8070496116316417892,1,2,7,5,6,8,4,8,1,en_curso
836,278,9.0,mejorada,1,4,8070496116316417892,2,2,7,8,6,8,4,9,1,en_curso
836,278,10.0,mejorada,1,4,8070496116316417892,2,3,11,15,10,8,2,10,1,en_curso
836,278,11.0,mejorada,1,4,8070496116316417892,4,3,18,19,16,8,2,11,1,en_curso
836,278,12.0,mejorada,1,4,8070496116316417892,5,4,24,22,19,8,1,12,1,perdido
837,279,1.0,mejorada,1,2,7850303646514649234,0,0,0,10,0,0,2,1,1,en_curso
837,279,2.0,mejorada,1,2,7850303646514649234,0,0,2,11,2,0,0,2,1,en_curso
837,279,3.0,mejorada,1,2,7850303646514649234,0,0,2,9,2,2,0,3,1,en_curso
837,279,4.0,mejorada,1,2,7850303646514649234,0,0,4,7,4,3,0,4,1,en_curso
837,279,5.0,mejorada,1,2,7850303646514649234,0,0,4,4,4,5,2,5,1,en_curso
837,279,6.0,mejorada,1,2,7850303646514649234,0,0,4,2,4,7,2,6,1,en_curso
837,279,7.0,mejorada,1,2,7850303646514649234,0,1,4,7,4,7,2,7,1,en_curso
837,279,8.0,mejorada,1,2,7850303646514649234,0,1,4,4,4,7,2,8,1,en_curso
837,279,9.0,mejorada,1,2,7850303646514649234,2,1,4,5,4,7,2,9,1,en_curso
837,279,10.0,mejorada,1,2,7850303646514649234,2,1,4,4,4,7,2,10,1,en_curso
837,279,11.0,mejorada,1,2,7850303646514649234,2,1,4,3,4,7,2,11,1,en_curso
837,279,12.0,mejorada,1,2,7850303646514649234,3,1,4,5,4,7,2,12,1,en_curso
837,279,13.0,mejorada,1,2,7850303646514649234,3,1,4,4,4,7,2,13,1,en_curso
837,279,14.0,mejorada,1,2,7850303646514649234,4,1,4,4,4,7,2,14,1,en_curso
837,279,15.0,mejorada,1,2,7850303646514649234,4,2,8,8,6,7,2,15,1,en_curso
837,279,16.0,mejorada,1,2,7850303646514649234,5,2,8,5,6,7,2,16,1,en_curso
837,279,17.0,mejorada,1,2,7850303646514649234,7,2,10,10,8,7,2,17,1,ganado
838,279,1.0,mejorada,1,3,7850303646514649234,0,0,0,10,0,0,3,1,1,en_curso
838,279,2.0,mejorada,1,3,7850303646514649234,0,0,2,11,2,0,0,2,1,en_curso
838,279,3.0,mejorada,1,3,7850303646514649234,0,0,2,9,2,2,0,3,1,en_curso
838,279,4.0,mejorada,1,3,7850303646514649234,0,0,4,7,4,3,0,4,1,en_curso
838,279,5.0,mejorada,1,3,7850303646514649234,0,0,7,5,6,5,3,5,1,en_curso
838,279,6.0,mejorada,1,3,7850303646514649234,0,0,13,13,9,6,3,6,1,en_curso
838,279,7.0,mejorada,1,3,7850303646514649234,0,1,17,16,10,7,1,7,1,en_curso
838,279,8.0,mejorada,1,3,7850303646514649234,0,1,17,12,10,7,1,8,1,en_curso
838,279,9.0,mejorada,1,3,7850303646514649234,0,2,19,9,11,7,0,9,1,en_curso
838,279,10.0,mejorada,1,3,7850303646514649234,0,2,22,6,14,7,2,10,1,en_curso
838,279,11.0,mejorada,1,3,7850303646514649234,0,2,26,8,17,7,3,11,1,perdido
839,279,1.0,mejorada,1,4,7850303646514649234,0,0,0,10,0,0,4,1,1,en_curso
839,279,2.0,mejorada,1,4,7850303646514649234,0,0,2,11,2,0,0,2,1,en_curso
839,279,3.0,mejorada,1,4,7850303646514649234,0,0,2,9,2,2,0,3,1,en_curso
839,279,4.0,mejorada,1,4,7850303646514649234,0,0,4,7,4,3,0,4,1,en_curso
839,279,5.0,mejorada,1,4,7850303646514649234,0,0,4,8,4,6,4,5,1,en_curso
839,279,6.0,mejorada,1,4,7850303646514649234,0,0,4,6,4,7,4,6,1,en_curso
839,279,7.0,mejorada,1,4,7850303646514649234,1,1,6,13,4,7,4,7,1,en_curso
839,279,8.0,mejorada,1,4,7850303646514649234,1,2,8,15,6,7,2,8,1,en_curso
839,279,9.0,mejorada,1,4,7850303646514649234,1,2,13,14,10,7,1,9,1,en_curso
839,279,10.0,mejorada,1,4,7850303646514649234,2,2,15,10,11,8,1,10,1,en_curso
839,279,11.0,mejorada,1,4,7850303646514649234,2,4,22,11,16,8,0,11,1,perdido
840,280,1.0,mejorada,1,2,400986671269313044,0,0,0,10,0,0,2,1,1,en_curso
840,280,2.0,mejorada,1,2,400986671269313044,0,0,0,5,0,0,1,2,1,en_curso
840,280,3.0,mejorada,1,2,400986671269313044,0,0,2,6,2,4,2,3,1,en_curso
840,280,4.0,mejorada,1,2,400986671269313044,0,0,3,6,3,5,2,4,1,en_curso
840,280,5.0,mejorada,1,2,400986671269313044,0,0,3,3,3,7,2,5,1,en_curso
840,280,6.0,mejorada,1,2,400986671269313044,1,0,3,6,3,7,2,6,1,en_curso
840,280,7.0,mejorada,1,2,400986671269313044,1,0,6,5,6,7,2,7,1,en_curso
840,280,8.0,mejorada,1,2,400986671269313044,1,0,6,6,6,7,2,8,1,en_curso
840,280,9.0,mejorada,1,2,400986671269313044,1,0,6,4,6,7,2,9,1,en_curso
840,280,10.0,mejorada,1,2,400986671269313044,3,0,6,5,6,7,2,10,1,en_curso
840,280,11.0,mejorada,1,2,400986671269313044,3,0,6,5,6,7,2,11,1,en_curso
840,280,12.0,mejorada,1,2,400986671269313044,3,0,6,5,6,7,2,12,1,en_curso
840,280,13.0,mejorada,1,2,400986671269313044,3,0,6,5,6,8,2,13,1,en_curso
840,280,14.0,mejorada,1,2,400986671269313044,3,0,11,4,11,8,2,14,1,en_curso
840,280,15.0,mejorada,1,2,400986671269313044,4,0,13,6,11,8,2,15,1,en_curso
840,280,16.0,mejorada,1,2,400986671269313044,4,0,13,6,11,8,2,16,1,en_curso
840,280,17.0,mejorada,1,2,400986671269313044,5,2,14,10,12,8,2,17,1,en_curso
840,280,18.0,mejorada,1,2,400986671269313044,5,3,22,12,19,8,1,18,1,en_curso
840,280,19.0,mejorada,1,2,400986671269313044,5,3,26,8,22,8,2,19,1,perdido
841,280,1.0,mejorada,1,3,400986671269313044,0,0,0,10,0,0,3,1,1,en_curso
841,280,2.0,mejorada,1,3,400986671269313044,0,0,0,5,0,0,1,2,1,en_curso
841,280,3.0,mejorada,1,3,400986671269313044,0,0,2,6,2,4,3,3,1,en_curso
841,280,4.0,mejorada,1,3,400986671269313044,0,0,3,6,3,6,3,4,1,en_curso
841,280,5.0,mejorada,1,3,400986671269313044,1,0,4,7,3,6,3,5,1,en_curso
841,280,6.0,mejorada,1,3,400986671269313044,1,0,4,11,3,6,0,6,1,en_curso
841,280,7.0,mejorada,1,3,400986671269313044,1,2,7,12,6,6,0,7,1,en_curso
841,280,8.0,mejorada,1,3,400986671269313044,1,4,14,11,12,6,1,8,1,perdido
842,280,1.0,mejorada,1,4,400986671269313044,0,0,0,10,0,0,4,1,1,en_curso
842,280,2.0,mejorada,1,4,400986671269313044,0,0,0,6,0,0,2,2,1,en_curso
842,280,3.0,mejorada,1,4,400986671269313044,0,0,3,5,3,1,4,3,1,en_curso
842,280,4.0,mejorada,1,4,400986671269313044,1,1,6,13,3,4,3,4,1,en_curso
842,280,5.0,mejorada,1,4,400986671269313044,2,1,8,14,5,6,1,5,1,en_curso
842,280,6.0,mejorada,1,4,400986671269313044,2,1,16,13,10,6,1,6,1,en_curso
842,280,7.0,mejorada,1,4,400986671269313044,3,1,20,17,11,6,1,7,1,en_curso
842,280,8.0,mejorada,1,4,400986671269313044,3,1,20,12,11,6,0,8,1,en_curso
842,280,9.0,mejorada,1,4,400986671269313044,3,2,20,9,11,6,1,9,1,en_curso
842,280,10.0,mejorada,1,4,400986671269313044,3,3,21,13,12,7,1,10,1,en_curso
842,280,11.0,mejorada,1,4,400986671269313044,3,3,23,11,14,7,0,11,1,en_curso
842,280,12.0,mejorada,1,4,400986671269313044,3,3,25,10,16,7,0,12,1,perdido
843,281,1.0,mejorada,1,2,1674027355806194816,0,0,0,10,0,0,2,1,1,en_curso
843,281,2.0,mejorada,1,2,1674027355806194816,0,0,2,6,2,1,0,2,1,en_curso
843,281,3.0,mejorada,1,2,1674027355806194816,0,0,2,4,2,3,2,3,1,en_curso
843,281,4.0,mejorada,1,2,1674027355806194816,0,0,2,3,2,7,2,4,1,en_curso
843,281,5.0,mejorada,1,2,1674027355806194816,0,0,2,2,2,8,2,5,1,en_curso
843,281,6.0,mejorada,1,2,1674027355806194816,0,0,2,1,2,8,2,6,1,en_curso
843,281,7.0,mejorada,1,2,1674027355806194816,1,0,2,2,2,8,2,7,1,en_curso
843,281,8.0,mejorada,1,2,1674027355806194816,1,1,2,2,2,8,2,8,1,en_curso
843,281,9.0,mejorada,1,2,1674027355806194816,1,2,2,2,2,8,2,9,1,en_curso
843,281,10.0,mejorada,1,2,1674027355806194816,3,2,2,4,2,8,2,10,1,en_curso
843,281,11.0,mejorada,1,2,1674027355806194816,3,3,2,8,2,8,2,11,1,en_curso
843,281,12.0,mejorada,1,2,1674027355806194816,3,3,4,10,4,8,1,12,1,en_curso
843,281,13.0,mejorada,1,2,1674027355806194816,4,3,4,8,4,8,1,13,1,en_curso
843,281,14.0,mejorada,1,2,1674027355806194816,4,4,4,7,4,8,2,14,1,perdido
844,281,1.0,mejorada,1,3,1674027355806194816,0,0,0,10,0,0,3,1,1,en_curso
844,281,2.0,mejorada,1,3,1674027355806194816,0,0,2,7,2,1,1,2,1,en_curso
844,281,3.0,mejorada,1,3,1674027355806194816,0,0,6,10,5,4,2,3,1,en_curso
844,281,4.0,mejorada,1,3,1674027355806194816,0,0,7,8,6,6,0,4,1,en_curso
844,281,5.0,mejorada,1,3,1674027355806194816,0,0,9,7,8,7,3,5,1,en_curso
844,281,6.0,mejorada,1,3,1674027355806194816,0,0,9,5,8,7,3,6,1,en_curso
844,281,7.0,mejorada,1,3,1674027355806194816,0,1,12,5,11,7,3,7,1,en_curso
844,281,8.0,mejorada,1,3,1674027355806194816,0,1,12,7,11,7,3,8,1,en_curso
844,281,9.0,mejorada,1,3,1674027355806194816,0,1,15,11,11,8,2,9,1,en_curso
844,281,10.0,mejorada,1,3,1674027355806194816,2,1,19,14,14,8,1,10,1,en_curso
844,281,11.0,mejorada,1,3,1674027355806194816,3,1,19,12,14,8,1,11,1,en_curso
844,281,12.0,mejorada,1,3,1674027355806194816,4,2,25,17,20,8,0,12,1,perdido
845,281,1.0,mejorada,1,4,1674027355806194816,0,0,0,10,0,0,4,1,1,en_curso
845,281,2.0,mejorada,1,4,1674027355806194816,0,0,2,7,2,1,1,2,1,en_curso
845,281,3.0,mejorada,1,4,1674027355806194816,0,0,6,10,5,4,2,3,1,en_curso
845,281,4.0,mejorada,1,4,1674027355806194816,0,0,7,8,6,6,0,4,1,en_curso
845,281,5.0,mejorada,1,4,1674027355806194816,0,0,9,7,8,7,3,5,1,en_curso
845,281,6.0,mejorada,1,4,1674027355806194816,0,0,9,6,8,7,4,6,1,en_curso
845,281,7.0,mejorada,1,4,1674027355806194816,0,2,12,10,11,8,4,7,1,en_curso
845,281,8.0,mejorada,1,4,1674027355806194816,0,2,12,12,11,8,0,8,1,en_curso
845,281,9.0,mejorada,1,4,1674027355806194816,0,2,17,14,13,8,0,9,1,en_curso
845,281,10.0,mejorada,1,4,1674027355806194816,0,2,17,9,13,8,0,10,1,en_curso
845,281,11.0,mejorada,1,4,1674027355806194816,0,2,17,7,13,8,4,11,1,en_curso
845,281,12.0,mejorada,1,4,1674027355806194816,2,2,21,17,15,8,3,12,1,en_curso
845,281,13.0,mejorada,1,4,1674027355806194816,3,2,23,16,17,8,1,13,1,en_curso
845,281,14.0,mejorada,1,4,1674027355806194816,3,2,26,15,18,8,0,14,1,perdido
846,282,1.0,mejorada,1,2,2183586024013075069,0,0,0,10,0,0,2,1,1,en_curso
846,282,2.0,mejorada,1,2,2183586024013075069,0,0,3,5,3,1,1,2,1,en_curso
846,282,3.0,mejorada,1,2,2183586024013075069,0,0,3,2,3,5,2,3,1,en_curso
846,282,4.0,mejorada,1,2,2183586024013075069,0,0,3,1,3,5,2,4,1,en_curso
846,282,5.0,mejorada,1,2,2183586024013075069,1,0,3,2,3,5,2,5,1,en_curso
846,282,6.0,mejorada,1,2,2183586024013075069,2,0,3,1,3,6,2,6,1,en_curso
846,282,7.0,mejorada,1,2,2183586024013075069,2,0,3,2,3,7,2,7,1,en_curso
846,282,8.0,mejorada,1,2,2183586024013075069,2,0,3,3,3,7,2,8,1,en_curso
846,282,9.0,mejorada,1,2,2183586024013075069,3,0,3,0,3,7,2,9,1,en_curso
846,282,10.0,mejorada,1,2,2183586024013075069,3,1,3,6,3,7,2,10,1,en_curso
846,282,11.0,mejorada,1,2,2183586024013075069,3,1,7,4,7,7,2,11,1,en_curso
846,282,12.0,mejorada,1,2,2183586024013075069,3,1,7,3,7,7,2,12,1,en_curso
846,282,13.0,mejorada,1,2,2183586024013075069,4,1,10,1,7,7,2,13,1,en_curso
846,282,14.0,mejorada,1,2,2183586024013075069,4,1,10,1,7,7,2,14,1,en_curso
846,282,15.0,mejorada,1,2,2183586024013075069,4,1,10,4,7,7,2,15,1,en_curso
846,282,16.0,mejorada,1,2,2183586024013075069,6,1,10,5,7,7,2,16,1,en_curso
846,282,17.0,mejorada,1,2,2183586024013075069,7,1,10,6,7,8,2,17,1,ganado
847,282,1.0,mejorada,1,3,2183586024013075069,0,0,0,10,0,0,3,1,1,en_curso
847,282,2.0,mejorada,1,3,2183586024013075069,0,0,3,5,3,1,1,2,1,en_curso
847,282,3.0,mejorada,1,3,2183586024013075069,0,0,3,3,3,5,3,3,1,en_curso
847,282,4.0,mejorada,1,3,2183586024013075069,0,0,3,1,3,6,3,4,1,en_curso
847,282,5.0,mejorada,1,3,2183586024013075069,1,0,3,1,3,6,3,5,1,en_curso
847,282,6.0,mejorada,1,3,2183586024013075069,1,0,3,1,3,6,3,6,1,en_curso
847,282,7.0,mejorada,1,3,2183586024013075069,2,0,3,1,3,6,3,7,1,en_curso
847,282,8.0,mejorada,1,3,2183586024013075069,3,0,3,1,3,6,3,8,1,en_curso
847,282,9.0,mejorada,1,3,2183586024013075069,3,0,3,2,3,6,3,9,1,en_curso
847,282,10.0,mejorada,1,3,2183586024013075069,3,0,3,2,3,6,3,10,1,en_curso
847,282,11.0,mejorada,1,3,2183586024013075069,3,0,3,3,3,7,3,11,1,en_curso
847,282,12.0,mejorada,1,3,2183586024013075069,3,0,3,4,3,7,3,12,1,en_curso
847,282,13.0,mejorada,1,3,2183586024013075069,4,0,6,10,5,8,3,13,1,en_curso
847,282,14.0,mejorada,1,3,2183586024013075069,5,0,6,9,5,8,2,14,1,en_curso
847,282,15.0,mejorada,1,3,2183586024013075069,5,0,8,11,7,8,1,15,1,en_curso
847,282,16.0,mejorada,1,3,2183586024013075069,5,1,16,11,13,8,1,16,1,en_curso
847,282,17.0,mejorada,1,3,2183586024013075069,7,1,17,14,13,8,1,17,1,ganado
848,282,1.0,mejorada,1,4,2183586024013075069,0,0,0,10,0,0,4,1,1,en_curso
848,282,2.0,mejorada,1,4,2183586024013075069,0,0,3,6,3,1,2,2,1,en_curso
848,282,3.0,mejorada,1,4,2183586024013075069,0,0,3,8,3,5,4,3,1,en_curso
848,282,4.0,mejorada,1,4,2183586024013075069,1,0,5,11,5,6,2,4,1,en_curso
848,282,5.0,mejorada,1,4,2183586024013075069,2,0,7,10,7,7,2,5,1,en_curso
848,282,6.0,mejorada,1,4,2183586024013075069,2,0,8,11,8,7,2,6,1,en_curso
848,282,7.0,mejorada,1,4,2183586024013075069,2,0,9,12,9,7,0,7,1,en_curso
848,282,8.0,mejorada,1,4,2183586024013075069,2,0,12,16,11,7,0,8,1,en_curso
848,282,9.0,mejorada,1,4,2183586024013075069,2,0,14,17,13,7,0,9,1,en_curso
848,282,10.0,mejorada,1,4,2183586024013075069,2,1,16,15,14,8,0,10,1,en_curso
848,282,11.0,mejorada,1,4,2183586024013075069,2,1,19,11,17,8,0,11,1,en_curso
848,282,12.0,mejorada,1,4,2183586024013075069,4,2,25,11,21,8,2,12,1,perdido
849,283,1.0,mejorada,1,2,2300194393269822563,0,0,0,10,0,0,2,1,1,en_curso
849,283,2.0,mejorada,1,2,2300194393269822563,0,0,0,5,0,1,2,2,1,en_curso
849,283,3.0,mejorada,1,2,2300194393269822563,0,1,3,3,3,5,2,3,1,en_curso
849,283,4.0,mejorada,1,2,2300194393269822563,0,1,3,1,3,6,2,4,1,en_curso
849,283,5.0,mejorada,1,2,2300194393269822563,1,1,3,0,3,7,2,5,1,en_curso
849,283,6.0,mejorada,1,2,2300194393269822563,1,1,3,1,3,7,2,6,1,en_curso
849,283,7.0,mejorada,1,2,2300194393269822563,3,1,3,3,3,7,2,7,1,en_curso
849,283,8.0,mejorada,1,2,2300194393269822563,4,1,3,5,3,7,2,8,1,en_curso
849,283,9.0,mejorada,1,2,2300194393269822563,4,2,3,2,3,7,2,9,1,en_curso
849,283,10.0,mejorada,1,2,2300194393269822563,4,3,3,5,3,7,2,10,1,en_curso
849,283,11.0,mejorada,1,2,2300194393269822563,4,4,3,7,3,7,2,11,1,perdido
850,283,1.0,mejorada,1,3,2300194393269822563,0,0,0,10,0,0,3,1,1,en_curso
850,283,2.0,mejorada,1,3,2300194393269822563,0,0,0,5,0,1,2,2,1,en_curso
850,283,3.0,mejorada,1,3,2300194393269822563,0,1,3,3,3,5,3,3,1,en_curso
850,283,4.0,mejorada,1,3,2300194393269822563,0,1,3,3,3,5,3,4,1,en_curso
850,283,5.0,mejorada,1,3,2300194393269822563,1,1,3,1,3,6,3,5,1,en_curso
850,283,6.0,mejorada,1,3,2300194393269822563,1,1,3,2,3,6,3,6,1,en_curso
850,283,7.0,mejorada,1,3,2300194393269822563,3,1,3,3,3,6,3,7,1,en_curso
850,283,8.0,mejorada,1,3,2300194393269822563,3,1,3,2,3,6,3,8,1,en_curso
850,283,9.0,mejorada,1,3,2300194393269822563,4,2,3,6,3,7,3,9,1,en_curso
850,283,10.0,mejorada,1,3,2300194393269822563,4,2,3,9,3,7,3,10,1,en_curso
850,283,11.0,mejorada,1,3,2300194393269822563,4,2,3,12,3,7,1,11,1,en_curso
850,283,12.0,mejorada,1,3,2300194393269822563,4,3,15,10,13,7,0,12,1,en_curso
850,283,13.0,mejorada,1,3,2300194393269822563,4,3,24,10,19,7,0,13,1,perdido
851,283,1.0,mejorada,1,4,2300194393269822563,0,0,0,10,0,0,4,1,1,en_curso
851,283,2.0,mejorada,1,4,2300194393269822563,0,0,0,6,0,0,3,2,1,en_curso
851,283,3.0,mejorada,1,4,2300194393269822563,0,1,3,7,3,5,4,3,1,en_curso
851,283,4.0,mejorada,1,4,2300194393269822563,1,1,3,9,3,6,3,4,1,en_curso
851,283,5.0,mejorada,1,4,2300194393269822563,1,1,5,11,5,7,2,5,1,en_curso
851,283,6.0,mejorada,1,4,2300194393269822563,3,1,8,10,6,7,2,6,1,en_curso
851,283,7.0,mejorada,1,4,2300194393269822563,4,2,10,7,8,7,2,7,1,en_curso
851,283,8.0,mejorada,1,4,2300194393269822563,5,2,12,7,9,7,4,8,1,en_curso
851,283,9.0,mejorada,1,4,2300194393269822563,5,3,12,11,9,7,2,9,1,en_curso
851,283,10.0,mejorada,1,4,2300194393269822563,5,4,21,10,16,7,1,10,1,perdido
852,284,1.0,mejorada,1,2,5268691266622692472,0,0,0,10,0,0,2,1,1,en_curso
852,284,2.0,mejorada,1,2,5268691266622692472,0,0,3,4,3,1,0,2,1,en_curso
852,284,3.0,mejorada,1,2,5268691266622692472,0,0,3,3,3,3,2,3,1,en_curso
852,284,4.0,mejorada,1,2,5268691266622692472,0,0,3,2,3,5,2,4,1,en_curso
852,284,5.0,mejorada,1,2,5268691266622692472,0,0,5,6,5,7,2,5,1,en_curso
852,284,6.0,mejorada,1,2,5268691266622692472,0,0,5,4,5,7,2,6,1,en_curso
852,284,7.0,mejorada,1,2,5268691266622692472,0,0,5,0,5,7,2,7,1,en_curso
852,284,8.0,mejorada,1,2,5268691266622692472,0,1,5,1,5,7,2,8,1,en_curso
852,284,9.0,mejorada,1,2,5268691266622692472,2,1,5,0,5,7,2,9,1,en_curso
852,284,10.0,mejorada,1,2,5268691266622692472,2,1,5,5,5,7,2,10,1,en_curso
852,284,11.0,mejorada,1,2,5268691266622692472,3,2,5,5,5,7,2,11,1,en_curso
852,284,12.0,mejorada,1,2,5268691266622692472,4,2,6,7,6,7,2,12,1,en_curso
852,284,13.0,mejorada,1,2,5268691266622692472,4,2,6,8,6,7,2,13,1,en_curso
852,284,14.0,mejorada,1,2,5268691266622692472,4,3,6,10,6,7,1,14,1,en_curso
852,284,15.0,mejorada,1,2,5268691266622692472,4,3,9,8,7,7,1,15,1,en_curso
852,284,16.0,mejorada,1,2,5268691266622692472,4,3,9,4,7,7,2,16,1,en_curso
852,284,17.0,mejorada,1,2,5268691266622692472,5,3,9,3,7,7,2,17,1,en_curso
852,284,18.0,mejorada,1,2,5268691266622692472,5,3,17,13,11,7,1,18,1,en_curso
852,284,19.0,mejorada,1,2,5268691266622692472,6,3,24,16,16,7,0,19,1,perdido
853,284,1.0,mejorada,1,3,5268691266622692472,0,0,0,10,0,0,3,1,1,en_curso
853,284,2.0,mejorada,1,3,5268691266622692472,0,0,3,5,3,1,1,2,1,en_curso
853,284,3.0,mejorada,1,3,5268691266622692472,0,0,3,4,3,3,3,3,1,en_curso
853,284,4.0,mejorada,1,3,5268691266622692472,0,0,5,5,5,6,3,4,1,en_curso
853,284,5.0,mejorada,1,3,5268691266622692472,0,0,7,7,7,6,3,5,1,en_curso
853,284,6.0,mejorada,1,3,5268691266622692472,0,0,7,6,7,7,3,6,1,en_curso
853,284,7.0,mejorada,1,3,5268691266622692472,0,0,7,3,7,7,3,7,1,en_curso
853,284,8.0,mejorada,1,3,5268691266622692472,0,0,7,3,7,7,3,8,1,en_curso
853,284,9.0,mejorada,1,3,5268691266622692472,2,0,8,9,8,7,3,9,1,en_curso
853,284,10.0,mejorada,1,3,5268691266622692472,3,0,12,12,11,7,1,10,1,en_curso
853,284,11.0,mejorada,1,3,5268691266622692472,3,0,12,10,11,7,0,11,1,en_curso
853,284,12.0,mejorada,1,3,5268691266622692472,3,0,17,10,13,7,1,12,1,en_curso
853,284,13.0,mejorada,1,3,5268691266622692472,3,1,26,15,21,8,0,13,1,perdido
854,284,1.0,mejorada,1,4,5268691266622692472,0,0,0,10,0,0,4,1,1,en_curso
854,284,2.0,mejorada,1,4,5268691266622692472,0,0,3,7,3,2,2,2,1,en_curso
854,284,3.0,mejorada,1,4,5268691266622692472,0,0,3,11,3,5,4,3,1,en_curso
854,284,4.0,mejorada,1,4,5268691266622692472,0,0,3,10,3,6,0,4,1,en_curso
854,284,5.0,mejorada,1,4,5268691266622692472,0,0,8,9,7,6,3,5,1,en_curso
854,284,6.0,mejorada,1,4,5268691266622692472,0,1,8,9,7,6,2,6,1,en_curso
854,284,7.0,mejorada,1,4,5268691266622692472,1,1,8,10,7,6,3,7,1,en_curso
854,284,8.0,mejorada,1,4,5268691266622692472,2,1,11,12,10,6,1,8,1,en_curso
854,284,9.0,mejorada,1,4,5268691266622692472,2,1,14,9,13,6,0,9,1,en_curso
854,284,10.0,mejorada,1,4,5268691266622692472,2,2,14,7,13,6,3,10,1,en_curso
854,284,11.0,mejorada,1,4,5268691266622692472,2,2,14,6,13,6,4,11,1,en_curso
854,284,12.0,mejorada,1,4,5268691266622692472,4,4,16,13,14,7,3,12,1,perdido
855,285,1.0,mejorada,1,2,3839343217224162852,0,0,0,10,0,0,2,1,1,en_curso
855,285,2.0,mejorada,1,2,3839343217224162852,0,0,0,10,0,0,0,2,1,en_curso
855,285,3.0,mejorada,1,2,3839343217224162852,0,0,0,5,0,2,2,3,1,en_curso
855,285,4.0,mejorada,1,2,3839343217224162852,0,0,0,4,0,3,2,4,1,en_curso
855,285,5.0,mejorada,1,2,3839343217224162852,0,0,0,3,0,3,2,5,1,en_curso
855,285,6.0,mejorada,1,2,3839343217224162852,1,0,0,1,0,5,2,6,1,en_curso
855,285,7.0,mejorada,1,2,3839343217224162852,1,1,0,4,0,6,2,7,1,en_curso
855,285,8.0,mejorada,1,2,3839343217224162852,3,1,0,8,0,6,2,8,1,en_curso
855,285,9.0,mejorada,1,2,3839343217224162852,4,1,4,7,4,6,2,9,1,en_curso
855,285,10.0,mejorada,1,2,3839343217224162852,4,1,10,13,7,6,2,10,1,en_curso
855,285,11.0,mejorada,1,2,3839343217224162852,4,3,14,11,10,6,0,11,1,en_curso
855,285,12.0,mejorada,1,2,3839343217224162852,4,3,16,13,12,7,0,12,1,en_curso
855,285,13.0,mejorada,1,2,3839343217224162852,4,4,18,15,14,7,0,13,1,perdido
856,285,1.0,mejorada,1,3,3839343217224162852,0,0,0,10,0,0,3,1,1,en_curso
856,285,2.0,mejorada,1,3,3839343217224162852,0,0,0,10,0,0,0,2,1,en_curso
856,285,3.0,mejorada,1,3,3839343217224162852,0,0,0,8,0,2,3,3,1,en_curso
856,285,4.0,mejorada,1,3,3839343217224162852,0,0,2,8,2,3,3,4,1,en_curso
856,285,5.0,mejorada,1,3,3839343217224162852,0,0,2,5,2,5,2,5,1,en_curso
856,285,6.0,mejorada,1,3,3839343217224162852,0,1,7,11,7,6,2,6,1,en_curso
856,285,7.0,mejorada,1,3,3839343217224162852,0,1,7,10,7,7,2,7,1,en_curso
856,285,8.0,mejorada,1,3,3839343217224162852,0,2,7,13,7,7,2,8,1,en_curso
856,285,9.0,mejorada,1,3,3839343217224162852,0,4,10,14,10,7,2,9,1,perdido
857,285,1.0,mejorada,1,4,3839343217224162852,0,0,0,10,0,0,4,1,1,en_curso
857,285,2.0,mejorada,1,4,3839343217224162852,0,0,0,10,0,0,0,2,1,en_curso
857,285,3.0,mejorada,1,4,3839343217224162852,0,0,0,8,0,2,3,3,1,en_curso
857,285,4.0,mejorada,1,4,3839343217224162852,0,1,0,8,0,4,4,4,1,en_curso
857,285,5.0,mejorada,1,4,3839343217224162852,1,1,0,10,0,6,1,5,1,en_curso
857,285,6.0,mejorada,1,4,3839343217224162852,1,1,3,7,3,6,2,6,1,en_curso
857,285,7.0,mejorada,1,4,3839343217224162852,2,1,6,6,5,6,4,7,1,en_curso
857,285,8.0,mejorada,1,4,3839343217224162852,2,2,11,12,10,6,1,8,1,en_curso
857,285,9.0,mejorada,1,4,3839343217224162852,2,2,18,14,12,7,0,9,1,en_curso
857,285,10.0,mejorada,1,4,3839343217224162852,2,2,18,8,12,7,0,10,1,en_curso
857,285,11.0,mejorada,1,4,3839343217224162852,2,3,20,10,14,7,2,11,1,en_curso
857,285,12.0,mejorada,1,4,3839343217224162852,2,4,23,13,17,7,4,12,1,perdido
858,286,1.0,mejorada,1,2,454289072440062170,0,0,0,10,0,0,2,1,1,en_curso
858,286,2.0,mejorada,1,2,454289072440062170,0,0,2,4,2,0,2,2,1,en_curso
858,286,3.0,mejorada,1,2,454289072440062170,0,0,2,2,2,6,2,3,1,en_curso
858,286,4.0,mejorada,1,2,454289072440062170,0,0,4,4,4,7,2,4,1,en_curso
858,286,5.0,mejorada,1,2,454289072440062170,0,0,4,1,4,7,2,5,1,en_curso
858,286,6.0,mejorada,1,2,454289072440062170,0,0,4,0,4,7,2,6,1,en_curso
858,286,7.0,mejorada,1,2,454289072440062170,1,0,4,5,4,7,2,7,1,en_curso
858,286,8.0,mejorada,1,2,454289072440062170,2,0,6,5,6,7,2,8,1,en_curso
858,286,9.0,mejorada,1,2,454289072440062170,2,0,6,3,6,7,2,9,1,en_curso
858,286,10.0,mejorada,1,2,454289072440062170,2,2,9,7,9,7,2,10,1,en_curso
858,286,11.0,mejorada,1,2,454289072440062170,3,2,9,3,9,7,2,11,1,en_curso
858,286,12.0,mejorada,1,2,454289072440062170,4,2,9,4,9,7,2,12,1,en_curso
858,286,13.0,mejorada,1,2,454289072440062170,4,2,9,4,9,7,2,13,1,en_curso
858,286,14.0,mejorada,1,2,454289072440062170,5,2,9,3,9,7,2,14,1,en_curso
858,286,15.0,mejorada,1,2,454289072440062170,5,3,9,1,9,7,2,15,1,en_curso
858,286,16.0,mejorada,1,2,454289072440062170,6,3,9,0,9,7,2,16,1,en_curso
858,286,17.0,mejorada,1,2,454289072440062170,6,3,9,4,9,7,2,17,1,en_curso
858,286,18.0,mejorada,1,2,454289072440062170,6,3,9,11,9,7,2,18,1,en_curso
858,286,19.0,mejorada,1,2,454289072440062170,6,3,13,6,13,8,1,19,1,en_curso
858,286,20.0,mejorada,1,2,454289072440062170,7,3,13,8,13,8,2,20,1,ganado
859,286,1.0,mejorada,1,3,454289072440062170,0,0,0,10,0,0,3,1,1,en_curso
859,286,2.0,mejorada,1,3,454289072440062170,0,0,2,5,2,0,3,2,1,en_curso
859,286,3.0,mejorada,1,3,454289072440062170,0,0,4,6,4,6,3,3,1,en_curso
859,286,4.0,mejorada,1,3,454289072440062170,0,1,6,8,6,6,3,4,1,en_curso
859,286,5.0,mejorada,1,3,454289072440062170,1,1,6,12,6,6,3,5,1,en_curso
859,286,6.0,mejorada,1,3,454289072440062170,1,1,6,10,6,7,1,6,1,en_curso
859,286,7.0,mejorada,1,3,454289072440062170,1,1,6,5,6,7,2,7,1,en_curso
859,286,8.0,mejorada,1,3,454289072440062170,1,1,6,11,6,8,1,8,1,en_curso
859,286,9.0,mejorada,1,3,454289072440062170,1,1,7,9,7,8,2,9,1,en_curso
859,286,10.0,mejorada,1,3,454289072440062170,1,1,12,15,11,8,2,10,1,en_curso
859,286,11.0,mejorada,1,3,454289072440062170,1,2,17,14,12,8,1,11,1,en_curso
859,286,12.0,mejorada,1,3,454289072440062170,2,2,20,15,15,8,1,12,1,en_curso
859,286,13.0,mejorada,1,3,454289072440062170,2,2,20,15,15,8,0,13,1,en_curso
859,286,14.0,mejorada,1,3,454289072440062170,2,2,23,12,17,8,0,14,1,en_curso
859,286,15.0,mejorada,1,3,454289072440062170,2,2,23,9,17,8,1,15,1,en_curso
859,286,16.0,mejorada,1,3,454289072440062170,3,3,24,15,18,8,2,16,1,perdido
860,286,1.0,mejorada,1,4,454289072440062170,0,0,0,10,0,0,4,1,1,en_curso
860,286,2.0,mejorada,1,4,454289072440062170,0,0,2,5,2,0,3,2,1,en_curso
860,286,3.0,mejorada,1,4,454289072440062170,0,0,4,6,4,7,4,3,1,en_curso
860,286,4.0,mejorada,1,4,454289072440062170,0,0,9,10,8,7,2,4,1,en_curso
860,286,5.0,mejorada,1,4,454289072440062170,0,1,13,14,11,7,1,5,1,en_curso
860,286,6.0,mejorada,1,4,454289072440062170,0,1,15,14,11,7,1,6,1,en_curso
860,286,7.0,mejorada,1,4,454289072440062170,1,1,24,14,20,7,1,7,1,perdido
861,287,1.0,mejorada,1,2,3445982197241601284,0,0,0,10,0,0,2,1,1,en_curso
861,287,2.0,mejorada,1,2,3445982197241601284,0,0,2,7,2,0,1,2,1,en_curso
861,287,3.0,mejorada,1,2,3445982197241601284,0,0,7,8,5,3,2,3,1,en_curso
861,287,4.0,mejorada,1,2,3445982197241601284,0,0,7,6,5,5,2,4,1,en_curso
861,287,5.0,mejorada,1,2,3445982197241601284,0,0,7,3,5,5,2,5,1,en_curso
861,287,6.0,mejorada,1,2,3445982197241601284,2,1,7,10,5,6,2,6,1,en_curso
861,287,7.0,mejorada,1,2,3445982197241601284,2,2,7,12,5,6,1,7,1,en_curso
861,287,8.0,mejorada,1,2,3445982197241601284,3,2,12,10,9,7,1,8,1,en_curso
861,287,9.0,mejorada,1,2,3445982197241601284,4,2,12,11,9,7,2,9,1,en_curso
861,287,10.0,mejorada,1,2,3445982197241601284,4,3,19,15,13,7,1,10,1,en_curso
861,287,11.0,mejorada,1,2,3445982197241601284,5,4,20,14,14,8,0,11,1,perdido
862,287,1.0,mejorada,1,3,3445982197241601284,0,0,0,10,0,0,3,1,1,en_curso
862,287,2.0,mejorada,1,3,3445982197241601284,0,0,2,8,2,0,2,2,1,en_curso
862,287,3.0,mejorada,1,3,3445982197241601284,0,0,8,9,7,4,2,3,1,en_curso
862,287,4.0,mejorada,1,3,3445982197241601284,0,0,17,12,13,6,0,4,1,en_curso
862,287,5.0,mejorada,1,3,3445982197241601284,0,0,20,9,15,7,0,5,1,en_curso
862,287,6.0,mejorada,1,3,3445982197241601284,0,0,25,7,17,8,3,6,1,perdido
863,287,1.0,mejorada,1,4,3445982197241601284,0,0,0,10,0,0,4,1,1,en_curso
863,287,2.0,mejorada,1,4,3445982197241601284,0,0,2,10,2,0,3,2,1,en_curso
863,287,3.0,mejorada,1,4,3445982197241601284,0,0,2,7,2,2,2,3,1,en_curso
863,287,4.0,mejorada,1,4,3445982197241601284,0,0,6,7,4,4,4,4,1,en_curso
863,287,5.0,mejorada,1,4,3445982197241601284,0,2,10,13,6,6,1,5,1,en_curso
863,287,6.0,mejorada,1,4,3445982197241601284,1,2,12,8,8,6,1,6,1,en_curso
863,287,7.0,mejorada,1,4,3445982197241601284,2,4,14,10,9,8,3,7,1,perdido
864,288,1.0,mejorada,1,2,4830768301422489395,0,0,0,10,0,0,2,1,1,en_curso
864,288,2.0,mejorada,1,2,4830768301422489395,0,0,0,7,0,0,2,2,1,en_curso
864,288,3.0,mejorada,1,2,4830768301422489395,0,0,3,4,3,4,2,3,1,en_curso
864,288,4.0,mejorada,1,2,4830768301422489395,1,0,3,5,3,5,2,4,1,en_curso
864,288,5.0,mejorada,1,2,4830768301422489395,1,0,3,4,3,5,2,5,1,en_curso
864,288,6.0,mejorada,1,2,4830768301422489395,1,0,3,3,3,6,2,6,1,en_curso
864,288,7.0,mejorada,1,2,4830768301422489395,1,0,3,2,3,6,2,7,1,en_curso
864,288,8.0,mejorada,1,2,4830768301422489395,1,0,3,3,3,7,2,8,1,en_curso
864,288,9.0,mejorada,1,2,4830768301422489395,2,0,3,1,3,7,2,9,1,en_curso
864,288,10.0,mejorada,1,2,4830768301422489395,3,0,3,7,3,7,2,10,1,en_curso
864,288,11.0,mejorada,1,2,4830768301422489395,3,0,4,10,4,7,1,11,1,en_curso
864,288,12.0,mejorada,1,2,4830768301422489395,3,0,8,13,7,7,0,12,1,en_curso
864,288,13.0,mejorada,1,2,4830768301422489395,3,0,15,10,10,7,0,13,1,en_curso
864,288,14.0,mejorada,1,2,4830768301422489395,3,1,17,14,12,7,0,14,1,en_curso
864,288,15.0,mejorada,1,2,4830768301422489395,3,1,25,17,18,7,0,15,1,perdido
865,288,1.0,mejorada,1,3,4830768301422489395,0,0,0,10,0,0,3,1,1,en_curso
865,288,2.0,mejorada,1,3,4830768301422489395,0,0,0,7,0,0,2,2,1,en_curso
865,288,3.0,mejorada,1,3,4830768301422489395,1,0,3,4,3,4,3,3,1,en_curso
865,288,4.0,mejorada,1,3,4830768301422489395,1,0,3,6,3,5,3,4,1,en_curso
865,288,5.0,mejorada,1,3,4830768301422489395,1,0,3,4,3,5,3,5,1,en_curso
865,288,6.0,mejorada,1,3,4830768301422489395,1,0,3,6,3,5,3,6,1,en_curso
865,288,7.0,mejorada,1,3,4830768301422489395,1,0,6,6,6,6,3,7,1,en_curso
865,288,8.0,mejorada,1,3,4830768301422489395,2,1,10,12,9,6,1,8,1,en_curso
865,288,9.0,mejorada,1,3,4830768301422489395,2,1,10,12,9,6,0,9,1,en_curso
865,288,10.0,mejorada,1,3,4830768301422489395,2,1,10,12,9,7,0,10,1,en_curso
865,288,11.0,mejorada,1,3,4830768301422489395,2,1,15,17,14,7,0,11,1,en_curso
865,288,12.0,mejorada,1,3,4830768301422489395,2,2,24,18,18,8,0,12,1,perdido
866,288,1.0,mejorada,1,4,4830768301422489395,0,0,0,10,0,0,4,1,1,en_curso
866,288,2.0,mejorada,1,4,4830768301422489395,1,0,0,8,0,1,3,2,1,en_curso
866,288,3.0,mejorada,1,4,4830768301422489395,1,0,3,7,3,4,4,3,1,en_curso
866,288,4.0,mejorada,1,4,4830768301422489395,2,0,3,8,3,4,4,4,1,en_curso
866,288,5.0,mejorada,1,4,4830768301422489395,4,0,7,10,7,5,3,5,1,en_curso
866,288,6.0,mejorada,1,4,4830768301422489395,4,0,10,8,10,6,3,6,1,en_curso
866,288,7.0,mejorada,1,4,4830768301422489395,4,1,17,9,13,7,2,7,1,en_curso
866,288,8.0,mejorada,1,4,4830768301422489395,4,2,19,8,14,7,3,8,1,en_curso
866,288,9.0,mejorada,1,4,4830768301422489395,5,4,21,10,14,7,4,9,1,perdido
867,289,1.0,mejorada,1,2,937757786175947955,0,0,0,10,0,0,2,1,1,en_curso
867,289,2.0,mejorada,1,2,937757786175947955,0,0,0,8,0,0,0,2,1,en_curso
867,289,3.0,mejorada,1,2,937757786175947955,0,0,0,6,0,2,2,3,1,en_curso
867,289,4.0,mejorada,1,2,937757786175947955,0,1,0,6,0,5,2,4,1,en_curso
867,289,5.0,mejorada,1,2,937757786175947955,0,1,1,5,1,7,2,5,1,en_curso
867,289,6.0,mejorada,1,2,937757786175947955,1,1,1,8,1,7,2,6,1,en_curso
867,289,7.0,mejorada,1,2,937757786175947955,1,1,4,5,4,7,2,7,1,en_curso
867,289,8.0,mejorada,1,2,937757786175947955,3,1,4,5,4,7,2,8,1,en_curso
867,289,9.0,mejorada,1,2,937757786175947955,3,1,4,2,4,7,2,9,1,en_curso
867,289,10.0,mejorada,1,2,937757786175947955,4,1,5,11,5,7,2,10,1,en_curso
867,289,11.0,mejorada,1,2,937757786175947955,4,2,10,16,9,7,1,11,1,en_curso
867,289,12.0,mejorada,1,2,937757786175947955,5,3,20,19,16,7,1,12,1,en_curso
867,289,13.0,mejorada,1,2,937757786175947955,5,3,25,12,19,7,0,13,1,perdido
868,289,1.0,mejorada,1,3,937757786175947955,0,0,0,10,0,0,3,1,1,en_curso
868,289,2.0,mejorada,1,3,937757786175947955,0,0,0,8,0,0,0,2,1,en_curso
868,289,3.0,mejorada,1,3,937757786175947955,0,0,0,8,0,2,3,3,1,en_curso
868,289,4.0,mejorada,1,3,937757786175947955,0,1,0,7,0,4,3,4,1,en_curso
868,289,5.0,mejorada,1,3,937757786175947955,0,2,0,8,0,6,2,5,1,en_curso
868,289,6.0,mejorada,1,3,937757786175947955,0,2,0,7,0,7,3,6,1,en_curso
868,289,7.0,mejorada,1,3,937757786175947955,0,2,1,10,1,7,3,7,1,en_curso
868,289,8.0,mejorada,1,3,937757786175947955,5,2,4,13,4,7,3,8,1,en_curso
868,289,9.0,mejorada,1,3,937757786175947955,6,2,4,6,4,7,1,9,1,en_curso
868,289,10.0,mejorada,1,3,937757786175947955,7,2,7,5,7,7,3,10,1,ganado
869,289,1.0,mejorada,1,4,937757786175947955,0,0,0,10,0,0,4,1,1,en_curso
869,289,2.0,mejorada,1,4,937757786175947955,0,0,0,8,0,0,0,2,1,en_curso
869,289,3.0,mejorada,1,4,937757786175947955,0,0,0,8,0,2,3,3,1,en_curso
869,289,4.0,mejorada,1,4,937757786175947955,0,1,0,11,0,4,3,4,1,en_curso
869,289,5.0,mejorada,1,4,937757786175947955,0,2,2,14,2,6,1,5,1,en_curso
869,289,6.0,mejorada,1,4,937757786175947955,0,2,4,13,4,7,1,6,1,en_curso
869,289,7.0,mejorada,1,4,937757786175947955,0,2,6,11,6,7,1,7,1,en_curso
869,289,8.0,mejorada,1,4,937757786175947955,2,2,10,13,9,7,3,8,1,en_curso
869,289,9.0,mejorada,1,4,937757786175947955,2,2,13,13,9,7,0,9,1,en_curso
869,289,10.0,mejorada,1,4,937757786175947955,2,4,13,13,9,7,0,10,1,perdido
870,290,1.0,mejorada,1,2,7687298318890824016,0,0,0,10,0,0,2,1,1,en_curso
870,290,2.0,mejorada,1,2,7687298318890824016,0,0,3,6,2,2,0,2,1,en_curso
870,290,3.0,mejorada,1,2,7687298318890824016,0,0,3,3,2,3,2,3,1,en_curso
870,290,4.0,mejorada,1,2,7687298318890824016,0,0,6,4,5,4,2,4,1,en_curso
870,290,5.0,mejorada,1,2,7687298318890824016,0,0,6,0,5,5,2,5,1,en_curso
870,290,6.0,mejorada,1,2,7687298318890824016,0,0,6,0,5,5,2,6,1,en_curso
870,290,7.0,mejorada,1,2,7687298318890824016,0,0,6,0,5,7,2,7,1,en_curso
870,290,8.0,mejorada,1,2,7687298318890824016,0,0,6,4,5,7,2,8,1,en_curso
870,290,9.0,mejorada,1,2,7687298318890824016,0,0,7,4,6,8,2,9,1,en_curso
870,290,10.0,mejorada,1,2,7687298318890824016,2,0,7,2,6,8,2,10,1,en_curso
870,290,11.0,mejorada,1,2,7687298318890824016,2,0,11,9,9,8,2,11,1,en_curso
870,290,12.0,mejorada,1,2,7687298318890824016,3,0,13,9,11,8,2,12,1,en_curso
870,290,13.0,mejorada,1,2,7687298318890824016,3,1,13,10,11,8,1,13,1,en_curso
870,290,14.0,mejorada,1,2,7687298318890824016,3,4,17,15,14,8,0,14,1,perdido
871,290,1.0,mejorada,1,3,7687298318890824016,0,0,0,10,0,0,3,1,1,en_curso
871,290,2.0,mejorada,1,3,7687298318890824016,0,0,3,10,2,2,1,2,1,en_curso
871,290,3.0,mejorada,1,3,7687298318890824016,0,0,5,5,4,2,1,3,1,en_curso
871,290,4.0,mejorada,1,3,7687298318890824016,0,0,5,6,4,3,3,4,1,en_curso
871,290,5.0,mejorada,1,3,7687298318890824016,0,0,9,12,6,5,3,5,1,en_curso
871,290,6.0,mejorada,1,3,7687298318890824016,0,0,19,15,12,5,0,6,1,en_curso
871,290,7.0,mejorada,1,3,7687298318890824016,0,0,21,14,12,7,0,7,1,en_curso
871,290,8.0,mejorada,1,3,7687298318890824016,0,2,24,16,13,7,0,8,1,perdido
872,290,1.0,mejorada,1,4,7687298318890824016,0,0,0,10,0,0,4,1,1,en_curso
872,290,2.0,mejorada,1,4,7687298318890824016,0,0,3,10,2,2,1,2,1,en_curso
872,290,3.0,mejorada,1,4,7687298318890824016,0,0,5,7,4,2,2,3,1,en_curso
872,290,4.0,mejorada,1,4,7687298318890824016,0,0,7,8,4,5,2,4,1,en_curso
872,290,5.0,mejorada,1,4,7687298318890824016,0,0,10,9,6,5,1,5,1,en_curso
872,290,6.0,mejorada,1,4,7687298318890824016,0,0,14,10,8,6,1,6,1,en_curso
872,290,7.0,mejorada,1,4,7687298318890824016,0,0,15,9,9,6,0,7,1,en_curso
872,290,8.0,mejorada,1,4,7687298318890824016,0,0,15,7,9,7,3,8,1,en_curso
872,290,9.0,mejorada,1,4,7687298318890824016,0,1,16,6,10,7,3,9,1,en_curso
872,290,10.0,mejorada,1,4,7687298318890824016,1,1,17,9,10,7,2,10,1,en_curso
872,290,11.0,mejorada,1,4,7687298318890824016,2,3,19,11,12,8,2,11,1,en_curso
872,290,12.0,mejorada,1,4,7687298318890824016,2,3,24,12,14,8,0,12,1,perdido
873,291,1.0,mejorada,1,2,479263626137024775,0,0,0,10,0,0,2,1,1,en_curso
873,291,2.0,mejorada,1,2,479263626137024775,0,0,2,6,2,2,2,2,1,en_curso
873,291,3.0,mejorada,1,2,479263626137024775,0,0,2,5,2,6,2,3,1,en_curso
873,291,4.0,mejorada,1,2,479263626137024775,0,0,2,2,2,8,2,4,1,en_curso
873,291,5.0,mejorada,1,2,479263626137024775,0,0,2,1,2,8,2,5,1,en_curso
873,291,6.0,mejorada,1,2,479263626137024775,0,0,2,5,2,8,2,6,1,en_curso
873,291,7.0,mejorada,1,2,479263626137024775,0,0,2,4,2,8,2,7,1,en_curso
873,291,8.0,mejorada,1,2,479263626137024775,4,0,2,0,2,8,2,8,1,en_curso
873,291,9.0,mejorada,1,2,479263626137024775,4,0,2,1,2,8,2,9,1,en_curso
873,291,10.0,mejorada,1,2,479263626137024775,4,0,2,6,2,8,2,10,1,en_curso
873,291,11.0,mejorada,1,2,479263626137024775,4,0,2,4,2,8,2,11,1,en_curso
873,291,12.0,mejorada,1,2,479263626137024775,5,0,2,7,2,8,2,12,1,en_curso
873,291,13.0,mejorada,1,2,479263626137024775,7,0,6,7,6,8,2,13,1,ganado
874,291,1.0,mejorada,1,3,479263626137024775,0,0,0,10,0,0,3,1,1,en_curso
874,291,2.0,mejorada,1,3,479263626137024775,0,0,2,6,2,2,2,2,1,en_curso
874,291,3.0,mejorada,1,3,479263626137024775,0,0,2,5,2,6,3,3,1,en_curso
874,291,4.0,mejorada,1,3,479263626137024775,0,0,4,4,4,7,3,4,1,en_curso
874,291,5.0,mejorada,1,3,479263626137024775,0,0,4,4,4,7,3,5,1,en_curso
874,291,6.0,mejorada,1,3,479263626137024775,1,1,6,8,5,8,3,6,1,en_curso
874,291,7.0,mejorada,1,3,479263626137024775,1,2,12,13,8,8,2,7,1,en_curso
874,291,8.0,mejorada,1,3,479263626137024775,1,2,13,13,9,8,2,8,1,en_curso
874,291,9.0,mejorada,1,3,479263626137024775,2,2,13,13,9,8,2,9,1,en_curso
874,291,10.0,mejorada,1,3,479263626137024775,2,4,24,14,17,8,1,10,1,perdido
875,291,1.0,mejorada,1,4,479263626137024775,0,0,0,10,0,0,4,1,1,en_curso
875,291,2.0,mejorada,1,4,479263626137024775,0,0,2,8,2,1,3,2,1,en_curso
875,291,3.0,mejorada,1,4,479263626137024775,0,0,3,11,3,4,1,3,1,en_curso
875,291,4.0,mejorada,1,4,479263626137024775,0,0,6,11,5,7,0,4,1,en_curso
875,291,5.0,mejorada,1,4,479263626137024775,0,0,11,10,9,7,0,5,1,en_curso
875,291,6.0,mejorada,1,4,479263626137024775,0,1,11,11,9,7,2,6,1,en_curso
875,291,7.0,mejorada,1,4,479263626137024775,0,1,13,10,10,7,0,7,1,en_curso
875,291,8.0,mejorada,1,4,479263626137024775,0,1,19,11,13,7,0,8,1,en_curso
875,291,9.0,mejorada,1,4,479263626137024775,0,2,19,8,13,7,1,9,1,en_curso
875,291,10.0,mejorada,1,4,479263626137024775,1,2,24,8,18,7,4,10,1,perdido
876,292,1.0,mejorada,1,2,8530160633213701926,0,0,0,10,0,0,2,1,1,en_curso
876,292,2.0,mejorada,1,2,8530160633213701926,0,0,0,5,0,0,0,2,1,en_curso
876,292,3.0,mejorada,1,2,8530160633213701926,0,0,2,5,2,1,2,3,1,en_curso
876,292,4.0,mejorada,1,2,8530160633213701926,0,0,2,2,2,5,2,4,1,en_curso
876,292,5.0,mejorada,1,2,8530160633213701926,0,1,5,5,5,7,2,5,1,en_curso
876,292,6.0,mejorada,1,2,8530160633213701926,0,2,5,6,5,7,2,6,1,en_curso
876,292,7.0,mejorada,1,2,8530160633213701926,0,2,5,3,5,7,2,7,1,en_curso
876,292,8.0,mejorada,1,2,8530160633213701926,0,2,6,4,6,7,2,8,1,en_curso
876,292,9.0,mejorada,1,2,8530160633213701926,3,2,6,2,6,7,2,9,1,en_curso
876,292,10.0,mejorada,1,2,8530160633213701926,4,2,6,0,6,7,2,10,1,en_curso
876,292,11.0,mejorada,1,2,8530160633213701926,4,2,6,1,6,7,2,11,1,en_curso
876,292,12.0,mejorada,1,2,8530160633213701926,4,3,6,5,6,7,2,12,1,en_curso
876,292,13.0,mejorada,1,2,8530160633213701926,4,3,6,5,6,7,2,13,1,en_curso
876,292,14.0,mejorada,1,2,8530160633213701926,5,4,8,14,8,7,0,14,1,perdido
877,292,1.0,mejorada,1,3,8530160633213701926,0,0,0,10,0,0,3,1,1,en_curso
877,292,2.0,mejorada,1,3,8530160633213701926,0,0,0,7,0,0,1,2,1,en_curso
877,292,3.0,mejorada,1,3,8530160633213701926,0,0,0,7,0,2,3,3,1,en_curso
877,292,4.0,mejorada,1,3,8530160633213701926,0,0,0,7,0,4,3,4,1,en_curso
877,292,5.0,mejorada,1,3,8530160633213701926,0,1,8,11,6,5,3,5,1,en_curso
877,292,6.0,mejorada,1,3,8530160633213701926,1,1,10,11,7,7,2,6,1,en_curso
877,292,7.0,mejorada,1,3,8530160633213701926,2,1,10,7,7,7,2,7,1,en_curso
877,292,8.0,mejorada,1,3,8530160633213701926,2,1,13,5,7,7,3,8,1,en_curso
877,292,9.0,mejorada,1,3,8530160633213701926,3,1,13,9,7,7,3,9,1,en_curso
877,292,10.0,mejorada,1,3,8530160633213701926,5,1,24,12,15,7,2,10,1,perdido
878,292,1.0,mejorada,1,4,8530160633213701926,0,0,0,10,0,0,4,1,1,en_curso
878,292,2.0,mejorada,1,4,8530160633213701926,0,0,0,7,0,0,1,2,1,en_curso
878,292,3.0,mejorada,1,4,8530160633213701926,0,0,0,7,0,2,3,3,1,en_curso
878,292,4.0,mejorada,1,4,8530160633213701926,0,1,4,10,3,3,3,4,1,en_curso
878,292,5.0,mejorada,1,4,8530160633213701926,2,1,6,12,5,3,2,5,1,en_curso
878,292,6.0,mejorada,1,4,8530160633213701926,2,1,6,9,5,6,1,6,1,en_curso
878,292,7.0,mejorada,1,4,8530160633213701926,2,1,6,5,5,6,3,7,1,en_curso
878,292,8.0,mejorada,1,4,8530160633213701926,3,1,9,8,8,6,4,8,1,en_curso
878,292,9.0,mejorada,1,4,8530160633213701926,5,1,9,10,8,7,3,9,1,en_curso
878,292,10.0,mejorada,1,4,8530160633213701926,5,2,11,9,10,7,0,10,1,en_curso
878,292,11.0,mejorada,1,4,8530160633213701926,5,3,11,9,10,8,4,11,1,en_curso
878,292,12.0,mejorada,1,4,8530160633213701926,6,3,13,8,12,8,2,12,1,en_curso
878,292,13.0,mejorada,1,4,8530160633213701926,6,3,16,12,12,8,3,13,1,en_curso
878,292,14.0,mejorada,1,4,8530160633213701926,6,3,24,16,17,8,1,14,1,perdido
879,293,1.0,mejorada,1,2,914157378532652776,0,0,0,10,0,0,2,1,1,en_curso
879,293,2.0,mejorada,1,2,914157378532652776,0,0,4,7,4,0,0,2,1,en_curso
879,293,3.0,mejorada,1,2,914157378532652776,0,0,4,1,4,3,2,3,1,en_curso
879,293,4.0,mejorada,1,2,914157378532652776,0,0,4,0,4,6,2,4,1,en_curso
879,293,5.0,mejorada,1,2,914157378532652776,0,2,6,6,6,6,2,5,1,en_curso
879,293,6.0,mejorada,1,2,914157378532652776,0,2,6,3,6,6,2,6,1,en_curso
879,293,7.0,mejorada,1,2,914157378532652776,0,3,6,4,6,7,2,7,1,en_curso
879,293,8.0,mejorada,1,2,914157378532652776,0,3,8,4,6,7,2,8,1,en_curso
879,293,9.0,mejorada,1,2,914157378532652776,1,4,10,9,8,7,2,9,1,perdido
880,293,1.0,mejorada,1,3,914157378532652776,0,0,0,10,0,0,3,1,1,en_curso
880,293,2.0,mejorada,1,3,914157378532652776,0,0,4,7,4,0,0,2,1,en_curso
880,293,3.0,mejorada,1,3,914157378532652776,0,0,4,3,4,3,3,3,1,en_curso
880,293,4.0,mejorada,1,3,914157378532652776,0,0,4,1,4,5,3,4,1,en_curso
880,293,5.0,mejorada,1,3,914157378532652776,0,0,4,7,4,5,3,5,1,en_curso
880,293,6.0,mejorada,1,3,914157378532652776,1,0,4,4,4,5,3,6,1,en_curso
880,293,7.0,mejorada,1,3,914157378532652776,1,2,6,7,6,6,2,7,1,en_curso
880,293,8.0,mejorada,1,3,914157378532652776,1,2,6,6,6,6,3,8,1,en_curso
880,293,9.0,mejorada,1,3,914157378532652776,1,2,8,7,8,7,2,9,1,en_curso
880,293,10.0,mejorada,1,3,914157378532652776,2,2,8,8,8,7,3,10,1,en_curso
880,293,11.0,mejorada,1,3,914157378532652776,2,2,8,9,8,7,3,11,1,en_curso
880,293,12.0,mejorada,1,3,914157378532652776,4,2,12,5,11,7,3,12,1,en_curso
880,293,13.0,mejorada,1,3,914157378532652776,4,2,12,3,11,7,3,13,1,en_curso
880,293,14.0,mejorada,1,3,914157378532652776,4,3,12,5,11,7,3,14,1,en_curso
880,293,15.0,mejorada,1,3,914157378532652776,6,3,12,5,11,7,3,15,1,en_curso
880,293,16.0,mejorada,1,3,914157378532652776,6,3,12,8,11,8,2,16,1,en_curso
880,293,17.0,mejorada,1,3,914157378532652776,6,3,14,8,13,8,2,17,1,en_curso
880,293,18.0,mejorada,1,3,914157378532652776,7,3,16,6,15,8,3,18,1,ganado
881,293,1.0,mejorada,1,4,914157378532652776,0,0,0,10,0,0,4,1,1,en_curso
881,293,2.0,mejorada,1,4,914157378532652776,0,0,4,7,4,0,0,2,1,en_curso
881,293,3.0,mejorada,1,4,914157378532652776,0,0,4,4,4,4,4,3,1,en_curso
881,293,4.0,mejorada,1,4,914157378532652776,0,0,4,3,4,6,4,4,1,en_curso
881,293,5.0,mejorada,1,4,914157378532652776,0,0,6,13,4,6,3,5,1,en_curso
881,293,6.0,mejorada,1,4,914157378532652776,0,0,6,12,4,6,0,6,1,en_curso
881,293,7.0,mejorada,1,4,914157378532652776,0,2,9,12,7,6,0,7,1,en_curso
881,293,8.0,mejorada,1,4,914157378532652776,0,2,9,11,7,6,0,8,1,en_curso
881,293,9.0,mejorada,1,4,914157378532652776,0,2,12,11,10,7,0,9,1,en_curso
881,293,10.0,mejorada,1,4,914157378532652776,0,2,12,7,10,7,1,10,1,en_curso
881,293,11.0,mejorada,1,4,914157378532652776,0,2,12,9,10,7,4,11,1,en_curso
881,293,12.0,mejorada,1,4,914157378532652776,1,2,12,7,10,7,3,12,1,en_curso
881,293,13.0,mejorada,1,4,914157378532652776,1,2,15,8,13,7,4,13,1,en_curso
881,293,14.0,mejorada,1,4,914157378532652776,2,2,22,12,18,7,2,14,1,en_curso
881,293,15.0,mejorada,1,4,914157378532652776,3,2,22,10,18,7,1,15,1,en_curso
881,293,16.0,mejorada,1,4,914157378532652776,3,2,23,9,19,7,0,16,1,en_curso
881,293,17.0,mejorada,1,4,914157378532652776,3,3,26,8,21,7,3,17,1,perdido
882,294,1.0,mejorada,1,2,7780605619557833769,0,0,0,10,0,0,2,1,1,en_curso
882,294,2.0,mejorada,1,2,7780605619557833769,0,0,0,6,0,0,2,2,1,en_curso
882,294,3.0,mejorada,1,2,7780605619557833769,0,0,2,6,2,7,2,3,1,en_curso
882,294,4.0,mejorada,1,2,7780605619557833769,0,0,2,3,2,7,2,4,1,en_curso
882,294,5.0,mejorada,1,2,7780605619557833769,0,0,2,1,2,7,2,5,1,en_curso
882,294,6.0,mejorada,1,2,7780605619557833769,0,0,2,0,2,7,2,6,1,en_curso
882,294,7.0,mejorada,1,2,7780605619557833769,1,0,2,0,2,7,2,7,1,en_curso
882,294,8.0,mejorada,1,2,7780605619557833769,2,0,2,2,2,7,2,8,1,en_curso
882,294,9.0,mejorada,1,2,7780605619557833769,2,0,2,0,2,7,2,9,1,en_curso
882,294,10.0,mejorada,1,2,7780605619557833769,2,0,4,4,4,7,2,10,1,en_curso
882,294,11.0,mejorada,1,2,7780605619557833769,3,1,6,3,5,7,2,11,1,en_curso
882,294,12.0,mejorada,1,2,7780605619557833769,4,1,8,5,7,7,2,12,1,en_curso
882,294,13.0,mejorada,1,2,7780605619557833769,7,1,10,6,9,8,2,13,1,ganado
883,294,1.0,mejorada,1,3,7780605619557833769,0,0,0,10,0,0,3,1,1,en_curso
883,294,2.0,mejorada,1,3,7780605619557833769,0,0,0,6,0,0,2,2,1,en_curso
883,294,3.0,mejorada,1,3,7780605619557833769,0,0,2,6,2,7,3,3,1,en_curso
883,294,4.0,mejorada,1,3,7780605619557833769,0,0,2,4,2,7,3,4,1,en_curso
883,294,5.0,mejorada,1,3,7780605619557833769,0,0,4,5,3,7,3,5,1,en_curso
883,294,6.0,mejorada,1,3,7780605619557833769,0,1,4,4,3,7,3,6,1,en_curso
883,294,7.0,mejorada,1,3,7780605619557833769,3,4,6,14,5,7,0,7,1,perdido
884,294,1.0,mejorada,1,4,7780605619557833769,0,0,0,10,0,0,4,1,1,en_curso
884,294,2.0,mejorada,1,4,7780605619557833769,0,0,0,6,0,0,3,2,1,en_curso
884,294,3.0,mejorada,1,4,7780605619557833769,0,0,4,12,4,3,1,3,1,en_curso
884,294,4.0,mejorada,1,4,7780605619557833769,0,0,10,14,8,5,0,4,1,en_curso
884,294,5.0,mejorada,1,4,7780605619557833769,0,0,13,11,8,6,0,5,1,en_curso
884,294,6.0,mejorada,1,4,7780605619557833769,0,1,14,10,9,6,1,6,1,en_curso
884,294,7.0,mejorada,1,4,7780605619557833769,0,1,16,10,11,7,2,7,1,en_curso
884,294,8.0,mejorada,1,4,7780605619557833769,0,1,19,15,12,7,1,8,1,en_curso
884,294,9.0,mejorada,1,4,7780605619557833769,1,1,24,14,16,8,0,9,1,perdido
885,295,1.0,mejorada,1,2,8325505766681033056,0,0,0,10,0,0,2,1,1,en_curso
885,295,2.0,mejorada,1,2,8325505766681033056,0,0,0,7,0,1,2,2,1,en_curso
885,295,3.0,mejorada,1,2,8325505766681033056,0,1,0,6,0,5,2,3,1,en_curso
885,295,4.0,mejorada,1,2,8325505766681033056,0,1,0,3,0,5,2,4,1,en_curso
885,295,5.0,mejorada,1,2,8325505766681033056,0,1,0,6,0,6,2,5,1,en_curso
885,295,6.0,mejorada,1,2,8325505766681033056,0,1,0,6,0,7,2,6,1,en_curso
885,295,7.0,mejorada,1,2,8325505766681033056,1,1,6,5,3,7,2,7,1,en_curso
885,295,8.0,mejorada,1,2,8325505766681033056,1,1,6,3,3,7,2,8,1,en_curso
885,295,9.0,mejorada,1,2,8325505766681033056,1,1,6,1,3,7,2,9,1,en_curso
885,295,10.0,mejorada,1,2,8325505766681033056,1,1,9,4,6,7,2,10,1,en_curso
885,295,11.0,mejorada,1,2,8325505766681033056,1,2,9,4,6,7,2,11,1,en_curso
885,295,12.0,mejorada,1,2,8325505766681033056,3,3,9,6,6,7,2,12,1,en_curso
885,295,13.0,mejorada,1,2,8325505766681033056,4,3,9,11,6,7,2,13,1,en_curso
885,295,14.0,mejorada,1,2,8325505766681033056,4,3,9,8,6,7,1,14,1,en_curso
885,295,15.0,mejorada,1,2,8325505766681033056,5,3,9,4,6,7,2,15,1,en_curso
885,295,16.0,mejorada,1,2,8325505766681033056,5,3,13,8,9,8,1,16,1,en_curso
885,295,17.0,mejorada,1,2,8325505766681033056,5,3,19,7,13,8,1,17,1,en_curso
885,295,18.0,mejorada,1,2,8325505766681033056,5,3,19,7,13,8,2,18,1,en_curso
885,295,19.0,mejorada,1,2,8325505766681033056,6,4,22,9,16,8,2,19,1,perdido
886,295,1.0,mejorada,1,3,8325505766681033056,0,0,0,10,0,0,3,1,1,en_curso
886,295,2.0,mejorada,1,3,8325505766681033056,0,0,0,7,0,1,2,2,1,en_curso
886,295,3.0,mejorada,1,3,8325505766681033056,0,1,0,6,0,5,3,3,1,en_curso
886,295,4.0,mejorada,1,3,8325505766681033056,0,1,0,3,0,5,3,4,1,en_curso
886,295,5.0,mejorada,1,3,8325505766681033056,0,1,0,5,0,7,3,5,1,en_curso
886,295,6.0,mejorada,1,3,8325505766681033056,0,1,2,10,2,7,3,6,1,en_curso
886,295,7.0,mejorada,1,3,8325505766681033056,1,2,2,6,2,7,3,7,1,en_curso
886,295,8.0,mejorada,1,3,8325505766681033056,1,2,8,6,7,7,3,8,1,en_curso
886,295,9.0,mejorada,1,3,8325505766681033056,3,3,8,4,7,7,3,9,1,en_curso
886,295,10.0,mejorada,1,3,8325505766681033056,3,3,8,7,7,7,3,10,1,en_curso
886,295,11.0,mejorada,1,3,8325505766681033056,5,3,12,5,11,7,3,11,1,en_curso
886,295,12.0,mejorada,1,3,8325505766681033056,7,3,12,7,11,7,3,12,1,ganado
887,295,1.0,mejorada,1,4,8325505766681033056,0,0,0,10,0,0,4,1,1,en_curso
887,295,2.0,mejorada,1,4,8325505766681033056,0,0,0,8,0,0,3,2,1,en_curso
887,295,3.0,mejorada,1,4,8325505766681033056,0,0,2,8,2,3,4,3,1,en_curso
887,295,4.0,mejorada,1,4,8325505766681033056,0,1,2,13,2,6,2,4,1,en_curso
887,295,5.0,mejorada,1,4,8325505766681033056,1,1,3,13,2,7,1,5,1,en_curso
887,295,6.0,mejorada,1,4,8325505766681033056,1,1,9,18,8,7,0,6,1,en_curso
887,295,7.0,mejorada,1,4,8325505766681033056,1,1,14,17,11,7,0,7,1,en_curso
887,295,8.0,mejorada,1,4,8325505766681033056,1,1,14,11,11,7,0,8,1,en_curso
887,295,9.0,mejorada,1,4,8325505766681033056,1,1,16,10,12,7,1,9,1,en_curso
887,295,10.0,mejorada,1,4,8325505766681033056,2,1,18,14,14,7,1,10,1,en_curso
887,295,11.0,mejorada,1,4,8325505766681033056,2,2,26,13,18,7,0,11,1,perdido
888,296,1.0,mejorada,1,2,9034944823445181103,0,0,0,10,0,0,2,1,1,en_curso
888,296,2.0,mejorada,1,2,9034944823445181103,0,0,5,9,5,1,0,2,1,en_curso
888,296,3.0,mejorada,1,2,9034944823445181103,0,0,8,11,8,1,1,3,1,en_curso
888,296,4.0,mejorada,1,2,9034944823445181103,0,1,10,11,9,1,0,4,1,en_curso
888,296,5.0,mejorada,1,2,9034944823445181103,0,1,12,9,11,3,0,5,1,en_curso
888,296,6.0,mejorada,1,2,9034944823445181103,0,1,18,7,16,5,1,6,1,en_curso
888,296,7.0,mejorada,1,2,9034944823445181103,0,1,18,9,16,6,2,7,1,en_curso
888,296,8.0,mejorada,1,2,9034944823445181103,0,2,18,7,16,6,1,8,1,en_curso
888,296,9.0,mejorada,1,2,9034944823445181103,0,2,23,7,21,7,2,9,1,en_curso
888,296,10.0,mejorada,1,2,9034944823445181103,1,4,23,8,21,8,2,10,1,perdido
889,296,1.0,mejorada,1,3,9034944823445181103,0,0,0,10,0,0,3,1,1,en_curso
889,296,2.0,mejorada,1,3,9034944823445181103,0,0,5,9,5,1,0,2,1,en_curso
889,296,3.0,mejorada,1,3,9034944823445181103,0,0,8,11,8,1,1,3,1,en_curso
889,296,4.0,mejorada,1,3,9034944823445181103,0,1,10,11,9,1,0,4,1,en_curso
889,296,5.0,mejorada,1,3,9034944823445181103,0,1,12,9,11,3,0,5,1,en_curso
889,296,6.0,mejorada,1,3,9034944823445181103,0,1,14,7,13,5,2,6,1,en_curso
889,296,7.0,mejorada,1,3,9034944823445181103,0,1,19,11,16,5,1,7,1,en_curso
889,296,8.0,mejorada,1,3,9034944823445181103,1,2,19,8,16,6,2,8,1,en_curso
889,296,9.0,mejorada,1,3,9034944823445181103,2,2,25,8,19,7,2,9,1,perdido
890,296,1.0,mejorada,1,4,9034944823445181103,0,0,0,10,0,0,4,1,1,en_curso
890,296,2.0,mejorada,1,4,9034944823445181103,0,0,5,10,5,2,1,2,1,en_curso
890,296,3.0,mejorada,1,4,9034944823445181103,0,0,7,12,6,2,2,3,1,en_curso
890,296,4.0,mejorada,1,4,9034944823445181103,0,0,9,9,7,2,1,4,1,en_curso
890,296,5.0,mejorada,1,4,9034944823445181103,0,0,12,9,8,5,1,5,1,en_curso
890,296,6.0,mejorada,1,4,9034944823445181103,0,0,12,8,8,6,1,6,1,en_curso
890,296,7.0,mejorada,1,4,9034944823445181103,0,0,12,8,8,6,2,7,1,en_curso
890,296,8.0,mejorada,1,4,9034944823445181103,0,0,12,8,8,7,4,8,1,en_curso
890,296,9.0,mejorada,1,4,9034944823445181103,0,2,12,7,8,7,4,9,1,en_curso
890,296,10.0,mejorada,1,4,9034944823445181103,0,2,14,6,10,8,4,10,1,en_curso
890,296,11.0,mejorada,1,4,9034944823445181103,4,4,24,19,19,8,4,11,1,perdido
891,297,1.0,mejorada,1,2,7397383076949300129,0,0,0,10,0,0,2,1,1,en_curso
891,297,2.0,mejorada,1,2,7397383076949300129,0,0,3,6,3,1,1,2,1,en_curso
891,297,3.0,mejorada,1,2,7397383076949300129,0,0,5,2,5,3,2,3,1,en_curso
891,297,4.0,mejorada,1,2,7397383076949300129,0,1,5,1,5,5,2,4,1,en_curso
891,297,5.0,mejorada,1,2,7397383076949300129,1,1,7,6,7,5,2,5,1,en_curso
891,297,6.0,mejorada,1,2,7397383076949300129,1,1,7,6,7,5,2,6,1,en_curso
891,297,7.0,mejorada,1,2,7397383076949300129,1,1,7,9,7,5,2,7,1,en_curso
891,297,8.0,mejorada,1,2,7397383076949300129,2,1,9,7,8,5,2,8,1,en_curso
891,297,9.0,mejorada,1,2,7397383076949300129,2,1,9,6,8,6,2,9,1,en_curso
891,297,10.0,mejorada,1,2,7397383076949300129,2,2,15,11,13,6,1,10,1,en_curso
891,297,11.0,mejorada,1,2,7397383076949300129,3,2,15,9,13,7,1,11,1,en_curso
891,297,12.0,mejorada,1,2,7397383076949300129,4,2,20,10,16,7,1,12,1,en_curso
891,297,13.0,mejorada,1,2,7397383076949300129,4,3,25,10,18,7,0,13,1,perdido
892,297,1.0,mejorada,1,3,7397383076949300129,0,0,0,10,0,0,3,1,1,en_curso
892,297,2.0,mejorada,1,3,7397383076949300129,0,0,3,7,3,1,2,2,1,en_curso
892,297,3.0,mejorada,1,3,7397383076949300129,0,0,5,8,5,4,3,3,1,en_curso
892,297,4.0,mejorada,1,3,7397383076949300129,0,0,7,11,7,5,0,4,1,en_curso
892,297,5.0,mejorada,1,3,7397383076949300129,0,0,9,11,9,5,0,5,1,en_curso
892,297,6.0,mejorada,1,3,7397383076949300129,0,0,11,8,9,5,1,6,1,en_curso
892,297,7.0,mejorada,1,3,7397383076949300129,0,0,11,8,9,5,2,7,1,en_curso
892,297,8.0,mejorada,1,3,7397383076949300129,0,0,11,9,9,6,2,8,1,en_curso
892,297,9.0,mejorada,1,3,7397383076949300129,0,0,15,7,10,6,2,9,1,en_curso
892,297,10.0,mejorada,1,3,7397383076949300129,1,0,15,7,10,6,3,10,1,en_curso
892,297,11.0,mejorada,1,3,7397383076949300129,2,0,15,6,10,7,3,11,1,en_curso
892,297,12.0,mejorada,1,3,7397383076949300129,2,0,15,6,10,7,3,12,1,en_curso
892,297,13.0,mejorada,1,3,7397383076949300129,3,1,16,12,11,7,3,13,1,en_curso
892,297,14.0,mejorada,1,3,7397383076949300129,4,1,24,13,16,8,1,14,1,perdido
893,297,1.0,mejorada,1,4,7397383076949300129,0,0,0,10,0,0,4,1,1,en_curso
893,297,2.0,mejorada,1,4,7397383076949300129,0,0,3,7,3,2,2,2,1,en_curso
893,297,3.0,mejorada,1,4,7397383076949300129,0,0,5,5,5,4,4,3,1,en_curso
893,297,4.0,mejorada,1,4,7397383076949300129,0,1,5,9,5,7,4,4,1,en_curso
893,297,5.0,mejorada,1,4,7397383076949300129,0,2,9,12,9,7,0,5,1,en_curso
893,297,6.0,mejorada,1,4,7397383076949300129,0,2,12,14,10,7,0,6,1,en_curso
893,297,7.0,mejorada,1,4,7397383076949300129,0,2,12,8,10,7,0,7,1,en_curso
893,297,8.0,mejorada,1,4,7397383076949300129,0,2,17,14,15,7,1,8,1,en_curso
893,297,9.0,mejorada,1,4,7397383076949300129,0,3,26,12,24,7,0,9,1,perdido
894,298,1.0,mejorada,1,2,7189411352906604064,0,0,0,10,0,0,2,1,1,en_curso
894,298,2.0,mejorada,1,2,7189411352906604064,0,0,0,6,0,1,1,2,1,en_curso
894,298,3.0,mejorada,1,2,7189411352906604064,0,0,7,7,5,6,2,3,1,en_curso
894,298,4.0,mejorada,1,2,7189411352906604064,0,0,9,7,5,7,2,4,1,en_curso
894,298,5.0,mejorada,1,2,7189411352906604064,0,0,9,3,5,7,2,5,1,en_curso
894,298,6.0,mejorada,1,2,7189411352906604064,0,0,9,0,5,7,2,6,1,en_curso
894,298,7.0,mejorada,1,2,7189411352906604064,0,0,9,1,5,7,2,7,1,en_curso
894,298,8.0,mejorada,1,2,7189411352906604064,0,0,9,0,5,7,2,8,1,en_curso
894,298,9.0,mejorada,1,2,7189411352906604064,2,3,11,3,7,7,2,9,1,en_curso
894,298,10.0,mejorada,1,2,7189411352906604064,3,3,11,1,7,7,2,10,1,en_curso
894,298,11.0,mejorada,1,2,7189411352906604064,4,3,11,1,7,7,2,11,1,en_curso
894,298,12.0,mejorada,1,2,7189411352906604064,4,3,11,2,7,7,2,12,1,en_curso
894,298,13.0,mejorada,1,2,7189411352906604064,5,3,11,0,7,7,2,13,1,en_curso
894,298,14.0,mejorada,1,2,7189411352906604064,6,3,11,2,7,7,2,14,1,en_curso
894,298,15.0,mejorada,1,2,7189411352906604064,6,3,12,5,8,8,2,15,1,en_curso
894,298,16.0,mejorada,1,2,7189411352906604064,7,3,12,5,8,8,2,16,1,ganado
895,298,1.0,mejorada,1,3,7189411352906604064,0,0,0,10,0,0,3,1,1,en_curso
895,298,2.0,mejorada,1,3,7189411352906604064,0,0,0,7,0,0,2,2,1,en_curso
895,298,3.0,mejorada,1,3,7189411352906604064,0,0,0,4,0,4,3,3,1,en_curso
895,298,4.0,mejorada,1,3,7189411352906604064,1,0,3,8,3,5,2,4,1,en_curso
895,298,5.0,mejorada,1,3,7189411352906604064,2,1,3,9,3,5,2,5,1,en_curso
895,298,6.0,mejorada,1,3,7189411352906604064,2,1,3,7,3,6,1,6,1,en_curso
895,298,7.0,mejorada,1,3,7189411352906604064,2,1,8,8,6,7,1,7,1,en_curso
895,298,8.0,mejorada,1,3,7189411352906604064,2,1,10,7,8,7,2,8,1,en_curso
895,298,9.0,mejorada,1,3,7189411352906604064,3,2,24,11,17,7,0,9,1,perdido
896,298,1.0,mejorada,1,4,7189411352906604064,0,0,0,10,0,0,4,1,1,en_curso
896,298,2.0,mejorada,1,4,7189411352906604064,0,0,0,8,0,1,2,2,1,en_curso
896,298,3.0,mejorada,1,4,7189411352906604064,0,0,2,14,1,5,1,3,1,en_curso
896,298,4.0,mejorada,1,4,7189411352906604064,0,0,6,17,5,6,0,4,1,en_curso
896,298,5.0,mejorada,1,4,7189411352906604064,0,0,13,18,10,6,0,5,1,en_curso
896,298,6.0,mejorada,1,4,7189411352906604064,0,0,18,14,13,7,0,6,1,en_curso
896,298,7.0,mejorada,1,4,7189411352906604064,0,2,21,13,14,7,0,7,1,en_curso
896,298,8.0,mejorada,1,4,7189411352906604064,0,3,24,14,16,7,0,8,1,perdido
897,299,1.0,mejorada,1,2,5925862281964184321,0,0,0,10,0,0,2,1,1,en_curso
897,299,2.0,mejorada,1,2,5925862281964184321,0,0,2,7,2,0,1,2,1,en_curso
897,299,3.0,mejorada,1,2,5925862281964184321,0,1,2,7,2,2,2,3,1,en_curso
897,299,4.0,mejorada,1,2,5925862281964184321,0,2,4,7,4,5,2,4,1,en_curso
897,299,5.0,mejorada,1,2,5925862281964184321,0,2,8,6,7,6,2,5,1,en_curso
897,299,6.0,mejorada,1,2,5925862281964184321,0,2,8,5,7,6,2,6,1,en_curso
897,299,7.0,mejorada,1,2,5925862281964184321,1,2,8,3,7,7,2,7,1,en_curso
897,299,8.0,mejorada,1,2,5925862281964184321,1,4,14,8,10,7,2,8,1,perdido
898,299,1.0,mejorada,1,3,5925862281964184321,0,0,0,10,0,0,3,1,1,en_curso
898,299,2.0,mejorada,1,3,5925862281964184321,0,0,2,7,2,0,1,2,1,en_curso
898,299,3.0,mejorada,1,3,5925862281964184321,0,1,2,7,2,2,3,3,1,en_curso
898,299,4.0,mejorada,1,3,5925862281964184321,0,2,4,7,4,6,3,4,1,en_curso
898,299,5.0,mejorada,1,3,5925862281964184321,1,2,8,8,7,6,3,5,1,en_curso
898,299,6.0,mejorada,1,3,5925862281964184321,1,2,11,8,7,6,3,6,1,en_curso
898,299,7.0,mejorada,1,3,5925862281964184321,2,3,11,5,7,6,2,7,1,en_curso
898,299,8.0,mejorada,1,3,5925862281964184321,3,4,18,12,13,7,1,8,1,perdido
899,299,1.0,mejorada,1,4,5925862281964184321,0,0,0,10,0,0,4,1,1,en_curso
899,299,2.0,mejorada,1,4,5925862281964184321,0,0,3,7,3,0,2,2,1,en_curso
899,299,3.0,mejorada,1,4,5925862281964184321,0,1,3,9,3,2,4,3,1,en_curso
899,299,4.0,mejorada,1,4,5925862281964184321,1,1,11,10,9,6,2,4,1,en_curso
899,299,5.0,mejorada,1,4,5925862281964184321,1,1,11,11,9,6,0,5,1,en_curso
899,299,6.0,mejorada,1,4,5925862281964184321,1,1,11,8,9,6,0,6,1,en_curso
899,299,7.0,mejorada,1,4,5925862281964184321,2,2,14,7,12,6,3,7,1,en_curso
899,299,8.0,mejorada,1,4,5925862281964184321,2,2,19,9,15,7,2,8,1,en_curso
899,299,9.0,mejorada,1,4,5925862281964184321,3,2,25,13,18,8,2,9,1,perdido
