RunId,iteration,Step,estrategia,avances,rescatistas,ruta,rng,Grid,Rescatados,Perdidas,Danio,Fuegos,Pasos,Avances,Estado,gano
0,0,11.0,aleatoria,2,2,C:\Users\sescu\AppData\Local\Temp\_fp_repo\analisis\..\tableros\tablero_final.txt,7138484576005690179,"[[2. 2. 0. 0. 0. 0.]
 [2. 2. 0. 1. 5. 0.]
 [2. 0. 0. 0. 5. 0.]
 [2. 5. 0. 4. 0. 0.]
 [0. 0. 0. 0. 0. 5.]
 [0. 3. 0. 0. 0. 1.]
 [1. 0. 5. 0. 0. 3.]
 [1. 0. 0. 0. 5. 0.]]",0,0,24,6,11,2,perdido,0
1,0,12.0,aleatoria,2,3,C:\Users\sescu\AppData\Local\Temp\_fp_repo\analisis\..\tableros\tablero_final.txt,7138484576005690179,"[[2. 2. 2. 0. 2. 2.]
 [2. 2. 2. 2. 2. 2.]
 [5. 2. 2. 2. 2. 2.]
 [5. 2. 5. 2. 2. 2.]
 [5. 0. 0. 0. 0. 2.]
 [1. 5. 0. 3. 0. 0.]
 [0. 0. 0. 0. 3. 3.]
 [0. 5. 0. 0. 0. 0.]]",0,3,27,21,12,2,perdido,0
2,0,12.0,aleatoria,2,4,C:\Users\sescu\AppData\Local\Temp\_fp_repo\analisis\..\tableros\tablero_final.txt,7138484576005690179,"[[1. 0. 0. 1. 0. 5.]
 [1. 0. 1. 0. 0. 0.]
 [1. 0. 0. 0. 0. 0.]
 [5. 0. 1. 0. 2. 2.]
 [0. 0. 0. 5. 0. 2.]
 [1. 0. 0. 0. 0. 0.]
 [0. 0. 5. 0. 0. 5.]
 [0. 5. 0. 4. 4. 0.]]",0,0,24,3,12,2,perdido,0
3,0,9.0,aleatoria,4,2,C:\Users\sescu\AppData\Local\Temp\_fp_repo\analisis\..\tableros\tablero_final.txt,7138484576005690179,"[[5. 2. 2. 2. 5. 0.]
 [0. 2. 0. 2. 2. 4.]
 [2. 2. 2. 2. 2. 5.]
 [2. 2. 0. 2. 0. 2.]
 [0. 2. 0. 5. 2. 2.]
 [0. 1. 1. 2. 3. 1.]
 [1. 0. 0. 0. 0. 3.]
 [1. 0. 2. 5. 0. 2.]]",0,1,27,22,9,4,perdido,0
4,0,6.0,aleatoria,4,3,C:\Users\sescu\AppData\Local\Temp\_fp_repo\analisis\..\tableros\tablero_final.txt,7138484576005690179,"[[2. 0. 0. 2. 2. 5.]
 [0. 5. 2. 2. 2. 2.]
 [5. 2. 2. 2. 2. 2.]
 [0. 0. 0. 2. 2. 2.]
 [2. 0. 5. 2. 2. 3.]
 [2. 1. 5. 2. 2. 2.]
 [2. 0. 0. 2. 2. 2.]
 [0. 0. 3. 3. 2. 0.]]",1,2,27,28,6,4,perdido,0
5,0,6.0,aleatoria,4,4,C:\Users\sescu\AppData\Local\Temp\_fp_repo\analisis\..\tableros\tablero_final.txt,7138484576005690179,"[[2. 2. 2. 2. 2. 2.]
 [2. 2. 0. 0. 5. 2.]
 [5. 0. 4. 5. 2. 5.]
 [0. 1. 0. 0. 2. 2.]
 [0. 1. 0. 1. 2. 2.]
 [0. 0. 0. 1. 0. 0.]
 [5. 5. 0. 0. 1. 3.]
 [0. 0. 0. 3. 1. 0.]]",0,0,24,16,6,4,perdido,0
6,0,5.0,aleatoria,6,2,C:\Users\sescu\AppData\Local\Temp\_fp_repo\analisis\..\tableros\tablero_final.txt,7138484576005690179,"[[0. 2. 2. 0. 5. 2.]
 [2. 2. 2. 2. 2. 2.]
 [5. 2. 2. 2. 2. 2.]
 [2. 2. 2. 2. 0. 2.]
 [2. 2. 3. 2. 1. 0.]
 [0. 2. 2. 2. 0. 0.]
 [2. 2. 5. 2. 1. 3.]
 [0. 0. 5. 3. 0. 1.]]",0,0,24,30,5,6,perdido,0
7,0,6.0,aleatoria,6,3,C:\Users\sescu\AppData\Local\Temp\_fp_repo\analisis\..\tableros\tablero_final.txt,7138484576005690179,"[[2. 2. 2. 2. 5. 2.]
 [2. 2. 2. 2. 2. 2.]
 [5. 2. 2. 2. 2. 5.]
 [2. 2. 0. 2. 2. 2.]
 [0. 2. 1. 2. 2. 2.]
 [5. 3. 0. 2. 0. 0.]
 [2. 2. 0. 2. 1. 3.]
 [2. 0. 5. 2. 1. 3.]]",0,1,30,33,6,6,perdido,0
8,0,5.0,aleatoria,6,4,C:\Users\sescu\AppData\Local\Temp\_fp_repo\analisis\..\tableros\tablero_final.txt,7138484576005690179,"[[2. 2. 2. 2. 5. 2.]
 [2. 2. 2. 2. 2. 5.]
 [5. 2. 5. 2. 2. 2.]
 [0. 2. 3. 0. 2. 2.]
 [2. 2. 0. 0. 2. 0.]
 [2. 2. 5. 0. 2. 0.]
 [2. 2. 0. 1. 2. 3.]
 [5. 2. 2. 3. 2. 0.]]",0,0,25,32,5,6,perdido,0
9,0,15.0,mejorada,2,2,C:\Users\sescu\AppData\Local\Temp\_fp_repo\analisis\..\tableros\tablero_final.txt,7138484576005690179,"[[5. 0. 0. 3. 0. 0.]
 [0. 5. 0. 2. 0. 0.]
 [0. 0. 5. 0. 0. 0.]
 [1. 1. 5. 1. 2. 2.]
 [0. 0. 0. 3. 2. 0.]
 [0. 2. 1. 3. 2. 0.]
 [0. 0. 0. 0. 2. 2.]
 [5. 5. 0. 2. 0. 0.]]",2,4,2,9,15,2,perdido,0
10,0,17.0,mejorada,2,3,C:\Users\sescu\AppData\Local\Temp\_fp_repo\analisis\..\tableros\tablero_final.txt,7138484576005690179,"[[0. 0. 0. 0. 0. 1.]
 [0. 0. 1. 0. 1. 1.]
 [5. 1. 0. 0. 0. 0.]
 [0. 1. 0. 0. 0. 3.]
 [5. 0. 1. 0. 5. 0.]
 [0. 0. 0. 1. 0. 0.]
 [0. 0. 5. 0. 3. 2.]
 [5. 0. 0. 3. 2. 2.]]",7,1,9,3,17,2,ganado,1
11,0,38.0,mejorada,2,4,C:\Users\sescu\AppData\Local\Temp\_fp_repo\analisis\..\tableros\tablero_final.txt,7138484576005690179,"[[0. 0. 2. 2. 5. 0.]
 [0. 0. 0. 2. 2. 2.]
 [5. 0. 1. 1. 0. 0.]
 [5. 0. 1. 1. 0. 1.]
 [1. 0. 1. 0. 1. 0.]
 [3. 2. 0. 0. 1. 1.]
 [1. 5. 0. 0. 0. 0.]
 [5. 0. 0. 0. 0. 0.]]",6,3,26,7,38,2,perdido,0
12,0,25.0,mejorada,4,2,C:\Users\sescu\AppData\Local\Temp\_fp_repo\analisis\..\tableros\tablero_final.txt,7138484576005690179,"[[0. 2. 0. 1. 0. 0.]
 [0. 0. 0. 0. 1. 0.]
 [0. 5. 0. 0. 0. 5.]
 [0. 0. 0. 0. 5. 0.]
 [0. 0. 0. 0. 0. 2.]
 [2. 2. 0. 0. 5. 2.]
 [0. 0. 5. 2. 2. 2.]
 [1. 0. 5. 2. 2. 2.]]",6,3,24,11,25,4,perdido,0
13,0,20.0,mejorada,4,3,C:\Users\sescu\AppData\Local\Temp\_fp_repo\analisis\..\tableros\tablero_final.txt,7138484576005690179,"[[0. 2. 2. 2. 2. 2.]
 [1. 5. 5. 2. 2. 2.]
 [5. 0. 0. 0. 5. 2.]
 [1. 0. 0. 0. 0. 0.]
 [1. 0. 1. 0. 1. 1.]
 [0. 0. 0. 0. 0. 0.]
 [5. 0. 0. 3. 0. 0.]
 [5. 1. 1. 2. 0. 0.]]",6,2,26,10,20,4,perdido,0
14,0,9.0,mejorada,4,4,C:\Users\sescu\AppData\Local\Temp\_fp_repo\analisis\..\tableros\tablero_final.txt,7138484576005690179,"[[2. 2. 2. 2. 5. 2.]
 [0. 2. 2. 2. 2. 2.]
 [5. 0. 2. 2. 2. 2.]
 [0. 2. 1. 2. 2. 2.]
 [0. 0. 0. 2. 2. 2.]
 [1. 2. 0. 0. 0. 2.]
 [0. 0. 0. 0. 0. 3.]
 [5. 5. 0. 3. 3. 0.]]",2,1,26,24,9,4,perdido,0
15,0,10.0,mejorada,6,2,C:\Users\sescu\AppData\Local\Temp\_fp_repo\analisis\..\tableros\tablero_final.txt,7138484576005690179,"[[2. 2. 0. 0. 3. 0.]
 [3. 2. 1. 0. 0. 1.]
 [5. 2. 0. 0. 5. 0.]
 [2. 2. 2. 0. 5. 2.]
 [2. 2. 2. 5. 2. 2.]
 [3. 0. 0. 2. 2. 2.]
 [1. 0. 5. 2. 2. 2.]
 [5. 2. 0. 2. 2. 2.]]",2,4,14,24,10,6,perdido,0
16,0,9.0,mejorada,6,3,C:\Users\sescu\AppData\Local\Temp\_fp_repo\analisis\..\tableros\tablero_final.txt,7138484576005690179,"[[1. 3. 0. 0. 2. 0.]
 [0. 1. 0. 5. 0. 0.]
 [0. 0. 0. 5. 5. 5.]
 [0. 3. 1. 0. 2. 2.]
 [1. 0. 1. 1. 2. 5.]
 [2. 0. 1. 5. 2. 2.]
 [1. 1. 0. 0. 2. 2.]
 [1. 1. 1. 2. 2. 2.]]",1,4,25,12,9,6,perdido,0
17,0,5.0,mejorada,6,4,C:\Users\sescu\AppData\Local\Temp\_fp_repo\analisis\..\tableros\tablero_final.txt,7138484576005690179,"[[5. 2. 2. 2. 2. 2.]
 [2. 0. 2. 2. 2. 2.]
 [5. 2. 2. 2. 2. 5.]
 [0. 0. 2. 2. 2. 3.]
 [0. 0. 0. 2. 2. 2.]
 [0. 2. 0. 2. 2. 0.]
 [0. 5. 0. 2. 2. 3.]
 [5. 0. 1. 3. 2. 0.]]",0,1,27,28,5,6,perdido,0
18,1,17.0,aleatoria,2,2,C:\Users\sescu\AppData\Local\Temp\_fp_repo\analisis\..\tableros\tablero_final.txt,4047939128787533792,"[[5. 0. 0. 0. 4. 5.]
 [5. 0. 1. 0. 0. 0.]
 [0. 0. 1. 0. 0. 0.]
 [0. 0. 0. 0. 1. 0.]
 [0. 5. 0. 1. 0. 0.]
 [0. 0. 1. 0. 1. 1.]
 [0. 0. 5. 2. 1. 3.]
 [0. 1. 1. 2. 1. 0.]]",0,2,24,2,17,2,perdido,0
19,1,13.0,aleatoria,2,3,C:\Users\sescu\AppData\Local\Temp\_fp_repo\analisis\..\tableros\tablero_final.txt,4047939128787533792,"[[0. 0. 0. 0. 0. 0.]
 [0. 5. 0. 0. 0. 1.]
 [5. 0. 0. 0. 2. 0.]
 [2. 0. 5. 0. 2. 2.]
 [2. 0. 0. 0. 2. 2.]
 [2. 0. 0. 1. 0. 3.]
 [2. 2. 5. 0. 0. 3.]
 [5. 2. 0. 3. 1. 0.]]",0,0,25,11,13,2,perdido,0
20,1,8.0,aleatoria,2,4,C:\Users\sescu\AppData\Local\Temp\_fp_repo\analisis\..\tableros\tablero_final.txt,4047939128787533792,"[[0. 1. 0. 5. 0. 5.]
 [0. 0. 0. 0. 0. 0.]
 [5. 2. 0. 5. 0. 0.]
 [2. 2. 0. 0. 2. 2.]
 [2. 2. 5. 0. 2. 0.]
 [0. 2. 0. 0. 2. 3.]
 [0. 4. 5. 0. 2. 2.]
 [0. 0. 0. 3. 0. 0.]]",1,1,24,13,8,2,perdido,0
21,1,8.0,aleatoria,4,2,C:\Users\sescu\AppData\Local\Temp\_fp_repo\analisis\..\tableros\tablero_final.txt,4047939128787533792,"[[0. 0. 0. 1. 0. 2.]
 [1. 0. 5. 3. 3. 2.]
 [5. 0. 2. 2. 2. 5.]
 [0. 0. 0. 0. 2. 2.]
 [2. 2. 2. 0. 2. 2.]
 [2. 2. 0. 5. 0. 2.]
 [2. 2. 0. 1. 2. 2.]
 [5. 0. 1. 0. 2. 0.]]",0,3,25,21,8,4,perdido,0
22,1,6.0,aleatoria,4,3,C:\Users\sescu\AppData\Local\Temp\_fp_repo\analisis\..\tableros\tablero_final.txt,4047939128787533792,"[[5. 2. 0. 0. 2. 2.]
 [2. 2. 1. 4. 2. 0.]
 [5. 5. 5. 2. 0. 0.]
 [2. 2. 0. 3. 0. 2.]
 [2. 3. 2. 0. 0. 0.]
 [2. 2. 0. 0. 0. 2.]
 [2. 2. 2. 0. 0. 2.]
 [5. 0. 5. 2. 2. 0.]]",0,2,27,23,6,4,perdido,0
23,1,7.0,aleatoria,4,4,C:\Users\sescu\AppData\Local\Temp\_fp_repo\analisis\..\tableros\tablero_final.txt,4047939128787533792,"[[5. 0. 5. 1. 0. 5.]
 [0. 0. 0. 5. 2. 2.]
 [5. 0. 0. 2. 2. 5.]
 [0. 3. 2. 3. 2. 2.]
 [2. 3. 2. 2. 2. 2.]
 [0. 0. 0. 2. 0. 0.]
 [0. 0. 2. 2. 2. 2.]
 [0. 0. 2. 2. 2. 2.]]",0,3,25,22,7,4,perdido,0
24,1,4.0,aleatoria,6,2,C:\Users\sescu\AppData\Local\Temp\_fp_repo\analisis\..\tableros\tablero_final.txt,4047939128787533792,"[[2. 2. 0. 0. 5. 2.]
 [5. 2. 0. 2. 2. 2.]
 [5. 2. 2. 2. 3. 0.]
 [2. 2. 2. 2. 0. 2.]
 [2. 2. 2. 2. 0. 0.]
 [1. 2. 3. 0. 2. 0.]
 [0. 5. 0. 1. 2. 2.]
 [0. 5. 1. 3. 2. 2.]]",0,3,27,27,4,6,perdido,0
25,1,4.0,aleatoria,6,3,C:\Users\sescu\AppData\Local\Temp\_fp_repo\analisis\..\tableros\tablero_final.txt,4047939128787533792,"[[2. 2. 2. 2. 5. 2.]
 [0. 2. 0. 2. 2. 2.]
 [5. 2. 5. 2. 2. 2.]
 [0. 0. 0. 5. 2. 2.]
 [1. 0. 0. 2. 2. 2.]
 [0. 2. 3. 0. 2. 0.]
 [2. 2. 2. 5. 2. 2.]
 [5. 0. 2. 4. 2. 0.]]",0,1,30,29,4,6,perdido,0
26,1,6.0,aleatoria,6,4,C:\Users\sescu\AppData\Local\Temp\_fp_repo\analisis\..\tableros\tablero_final.txt,4047939128787533792,"[[2. 2. 0. 0. 3. 0.]
 [2. 2. 0. 1. 5. 5.]
 [5. 2. 0. 0. 5. 0.]
 [1. 3. 2. 2. 2. 0.]
 [0. 2. 2. 2. 2. 2.]
 [5. 2. 3. 2. 2. 2.]
 [5. 2. 2. 0. 2. 2.]
 [0. 2. 2. 2. 2. 2.]]",0,4,32,26,6,6,perdido,0
27,1,50.0,mejorada,2,2,C:\Users\sescu\AppData\Local\Temp\_fp_repo\analisis\..\tableros\tablero_final.txt,4047939128787533792,"[[5. 0. 1. 0. 0. 0.]
 [0. 0. 0. 0. 0. 0.]
 [5. 0. 0. 0. 0. 0.]
 [0. 0. 0. 5. 0. 0.]
 [0. 5. 1. 0. 0. 0.]
 [2. 2. 0. 0. 1. 0.]
 [0. 0. 5. 0. 0. 0.]
 [5. 0. 0. 0. 0. 0.]]",6,4,16,2,50,2,perdido,0
28,1,24.0,mejorada,2,3,C:\Users\sescu\AppData\Local\Temp\_fp_repo\analisis\..\tableros\tablero_final.txt,4047939128787533792,"[[0. 0. 0. 0. 5. 0.]
 [0. 1. 0. 0. 0. 0.]
 [1. 1. 0. 0. 0. 5.]
 [0. 1. 0. 1. 0. 0.]
 [1. 1. 1. 0. 0. 0.]
 [1. 0. 1. 0. 5. 2.]
 [0. 5. 0. 1. 2. 2.]
 [5. 0. 0. 3. 2. 2.]]",7,2,13,5,24,2,ganado,1
29,1,19.0,mejorada,2,4,C:\Users\sescu\AppData\Local\Temp\_fp_repo\analisis\..\tableros\tablero_final.txt,4047939128787533792,"[[1. 0. 0. 0. 0. 2.]
 [0. 0. 1. 0. 0. 0.]
 [0. 0. 0. 0. 0. 0.]
 [1. 0. 5. 5. 2. 2.]
 [1. 0. 5. 2. 2. 2.]
 [0. 2. 0. 0. 2. 0.]
 [0. 0. 0. 2. 2. 5.]
 [5. 5. 0. 3. 2. 2.]]",5,2,24,12,19,2,perdido,0
30,1,22.0,mejorada,4,2,C:\Users\sescu\AppData\Local\Temp\_fp_repo\analisis\..\tableros\tablero_final.txt,4047939128787533792,"[[1. 1. 0. 0. 0. 0.]
 [0. 0. 0. 0. 0. 1.]
 [5. 5. 5. 0. 0. 5.]
 [5. 0. 2. 2. 0. 0.]
 [2. 2. 2. 0. 1. 0.]
 [3. 0. 0. 0. 4. 1.]
 [0. 0. 0. 0. 1. 0.]
 [0. 0. 0. 5. 0. 1.]]",3,2,25,5,22,4,perdido,0
31,1,14.0,mejorada,4,3,C:\Users\sescu\AppData\Local\Temp\_fp_repo\analisis\..\tableros\tablero_final.txt,4047939128787533792,"[[0. 1. 0. 2. 0. 0.]
 [0. 1. 0. 2. 0. 1.]
 [5. 5. 0. 1. 1. 0.]
 [5. 3. 1. 0. 2. 2.]
 [1. 1. 5. 0. 0. 2.]
 [0. 1. 0. 0. 0. 0.]
 [0. 0. 0. 1. 0. 3.]
 [5. 5. 0. 3. 0. 0.]]",7,1,7,5,14,4,ganado,1
32,1,10.0,mejorada,4,4,C:\Users\sescu\AppData\Local\Temp\_fp_repo\analisis\..\tableros\tablero_final.txt,4047939128787533792,"[[2. 2. 0. 2. 0. 2.]
 [2. 2. 2. 5. 0. 0.]
 [5. 2. 2. 2. 0. 2.]
 [2. 2. 5. 0. 2. 2.]
 [2. 2. 2. 2. 2. 2.]
 [2. 0. 0. 2. 0. 2.]
 [0. 5. 0. 0. 3. 3.]
 [5. 0. 1. 3. 1. 0.]]",3,0,25,25,10,4,perdido,0
33,1,14.0,mejorada,6,2,C:\Users\sescu\AppData\Local\Temp\_fp_repo\analisis\..\tableros\tablero_final.txt,4047939128787533792,"[[0. 2. 1. 0. 0. 0.]
 [5. 0. 0. 0. 0. 0.]
 [0. 5. 0. 0. 0. 5.]
 [0. 0. 5. 1. 2. 2.]
 [0. 0. 0. 1. 2. 2.]
 [0. 0. 5. 0. 2. 0.]
 [0. 0. 0. 2. 2. 2.]
 [0. 5. 0. 2. 2. 2.]]",5,4,17,12,14,6,perdido,0
34,1,12.0,mejorada,6,3,C:\Users\sescu\AppData\Local\Temp\_fp_repo\analisis\..\tableros\tablero_final.txt,4047939128787533792,"[[0. 1. 0. 0. 2. 2.]
 [0. 0. 0. 0. 3. 2.]
 [2. 2. 0. 0. 2. 5.]
 [0. 0. 0. 5. 2. 2.]
 [0. 2. 2. 2. 2. 2.]
 [0. 3. 2. 2. 2. 2.]
 [5. 5. 2. 2. 2. 2.]
 [5. 0. 0. 3. 2. 2.]]",0,3,25,23,12,6,perdido,0
35,1,6.0,mejorada,6,4,C:\Users\sescu\AppData\Local\Temp\_fp_repo\analisis\..\tableros\tablero_final.txt,4047939128787533792,"[[2. 0. 2. 2. 2. 2.]
 [2. 2. 2. 2. 2. 2.]
 [5. 2. 2. 2. 2. 2.]
 [2. 2. 2. 0. 2. 2.]
 [2. 0. 5. 3. 2. 2.]
 [1. 0. 0. 1. 1. 1.]
 [0. 5. 0. 1. 0. 3.]
 [5. 0. 0. 3. 1. 0.]]",2,0,25,25,6,6,perdido,0
36,2,14.0,aleatoria,2,2,C:\Users\sescu\AppData\Local\Temp\_fp_repo\analisis\..\tableros\tablero_final.txt,7919168045412322065,"[[0. 2. 0. 0. 2. 2.]
 [0. 2. 0. 2. 2. 2.]
 [0. 2. 5. 0. 2. 5.]
 [0. 0. 1. 2. 0. 2.]
 [0. 3. 0. 2. 2. 2.]
 [0. 5. 1. 2. 0. 0.]
 [0. 0. 0. 0. 4. 4.]
 [0. 0. 5. 5. 5. 0.]]",0,0,24,15,14,2,perdido,0
37,2,8.0,aleatoria,2,3,C:\Users\sescu\AppData\Local\Temp\_fp_repo\analisis\..\tableros\tablero_final.txt,7919168045412322065,"[[2. 3. 0. 0. 1. 0.]
 [2. 3. 0. 5. 0. 0.]
 [0. 2. 0. 0. 0. 5.]
 [0. 0. 0. 0. 2. 2.]
 [0. 0. 5. 0. 0. 2.]
 [0. 2. 5. 0. 2. 0.]
 [5. 2. 0. 0. 2. 2.]
 [0. 0. 0. 3. 2. 2.]]",0,1,25,13,8,2,perdido,0
38,2,18.0,aleatoria,2,4,C:\Users\sescu\AppData\Local\Temp\_fp_repo\analisis\..\tableros\tablero_final.txt,7919168045412322065,"[[1. 0. 0. 5. 0. 0.]
 [0. 0. 5. 0. 0. 0.]
 [0. 0. 0. 0. 5. 0.]
 [0. 0. 0. 5. 1. 0.]
 [0. 5. 1. 0. 0. 0.]
 [0. 0. 0. 0. 1. 3.]
 [0. 5. 1. 0. 0. 3.]
 [0. 0. 0. 3. 0. 2.]]",0,0,24,1,18,2,perdido,0
39,2,8.0,aleatoria,4,2,C:\Users\sescu\AppData\Local\Temp\_fp_repo\analisis\..\tableros\tablero_final.txt,7919168045412322065,"[[2. 2. 5. 1. 5. 0.]
 [2. 2. 0. 0. 2. 0.]
 [5. 2. 0. 5. 0. 2.]
 [2. 2. 2. 2. 2. 2.]
 [2. 2. 2. 2. 3. 2.]
 [0. 1. 0. 2. 0. 1.]
 [0. 0. 5. 2. 0. 3.]
 [0. 0. 3. 2. 0. 0.]]",0,3,27,22,8,4,perdido,0
40,2,5.0,aleatoria,4,3,C:\Users\sescu\AppData\Local\Temp\_fp_repo\analisis\..\tableros\tablero_final.txt,7919168045412322065,"[[2. 2. 0. 5. 1. 3.]
 [2. 2. 0. 2. 0. 2.]
 [5. 2. 2. 2. 2. 2.]
 [0. 2. 5. 0. 0. 0.]
 [2. 2. 0. 1. 0. 5.]
 [1. 2. 5. 0. 0. 0.]
 [2. 5. 0. 1. 0. 3.]
 [1. 0. 0. 4. 0. 0.]]",0,0,26,17,5,4,perdido,0
41,2,6.0,aleatoria,4,4,C:\Users\sescu\AppData\Local\Temp\_fp_repo\analisis\..\tableros\tablero_final.txt,7919168045412322065,"[[2. 2. 2. 0. 5. 2.]
 [5. 2. 0. 0. 0. 2.]
 [2. 2. 2. 2. 2. 5.]
 [2. 2. 2. 0. 2. 2.]
 [2. 2. 5. 3. 2. 2.]
 [0. 0. 0. 1. 0. 0.]
 [0. 5. 0. 2. 0. 3.]
 [0. 0. 5. 3. 0. 1.]]",0,0,24,22,6,4,perdido,0
42,2,5.0,aleatoria,6,2,C:\Users\sescu\AppData\Local\Temp\_fp_repo\analisis\..\tableros\tablero_final.txt,7919168045412322065,"[[0. 2. 2. 2. 5. 2.]
 [0. 0. 5. 0. 2. 2.]
 [5. 2. 0. 2. 2. 5.]
 [2. 2. 2. 2. 2. 2.]
 [2. 2. 2. 2. 0. 2.]
 [3. 2. 1. 2. 2. 2.]
 [1. 4. 0. 0. 2. 2.]
 [5. 1. 5. 3. 2. 0.]]",0,2,26,30,5,6,perdido,0
43,2,5.0,aleatoria,6,3,C:\Users\sescu\AppData\Local\Temp\_fp_repo\analisis\..\tableros\tablero_final.txt,7919168045412322065,"[[2. 2. 0. 0. 5. 0.]
 [2. 2. 2. 2. 2. 2.]
 [5. 2. 2. 3. 2. 0.]
 [5. 2. 2. 2. 2. 2.]
 [5. 2. 2. 2. 2. 2.]
 [5. 2. 1. 0. 0. 1.]
 [0. 2. 0. 0. 0. 3.]
 [5. 2. 2. 3. 1. 0.]]",1,1,36,27,5,6,perdido,0
44,2,4.0,aleatoria,6,4,C:\Users\sescu\AppData\Local\Temp\_fp_repo\analisis\..\tableros\tablero_final.txt,7919168045412322065,"[[2. 2. 0. 2. 5. 0.]
 [5. 2. 2. 2. 2. 0.]
 [5. 2. 2. 3. 2. 2.]
 [0. 0. 0. 2. 2. 2.]
 [2. 2. 2. 2. 2. 2.]
 [2. 2. 0. 2. 0. 0.]
 [2. 2. 0. 2. 0. 3.]
 [5. 0. 5. 2. 0. 0.]]",0,1,27,29,4,6,perdido,0
45,2,40.0,mejorada,2,2,C:\Users\sescu\AppData\Local\Temp\_fp_repo\analisis\..\tableros\tablero_final.txt,7919168045412322065,"[[0. 0. 1. 0. 1. 0.]
 [0. 0. 0. 1. 0. 0.]
 [5. 0. 0. 0. 0. 5.]
 [0. 1. 1. 0. 0. 0.]
 [0. 0. 0. 0. 5. 0.]
 [2. 3. 1. 0. 0. 2.]
 [0. 0. 0. 0. 2. 2.]
 [5. 5. 0. 0. 0. 2.]]",5,4,14,5,40,2,perdido,0
46,2,31.0,mejorada,2,3,C:\Users\sescu\AppData\Local\Temp\_fp_repo\analisis\..\tableros\tablero_final.txt,7919168045412322065,"[[1. 1. 0. 0. 0. 1.]
 [0. 0. 0. 0. 1. 5.]
 [5. 0. 0. 5. 0. 5.]
 [0. 0. 0. 0. 1. 1.]
 [0. 0. 1. 0. 0. 0.]
 [1. 3. 0. 0. 1. 0.]
 [0. 0. 5. 0. 0. 1.]
 [1. 5. 0. 0. 0. 0.]]",7,2,12,0,31,2,ganado,1
47,2,36.0,mejorada,2,4,C:\Users\sescu\AppData\Local\Temp\_fp_repo\analisis\..\tableros\tablero_final.txt,7919168045412322065,"[[5. 2. 2. 2. 2. 0.]
 [0. 0. 5. 0. 5. 0.]
 [5. 0. 0. 0. 0. 0.]
 [0. 0. 2. 0. 0. 1.]
 [0. 2. 2. 0. 0. 0.]
 [1. 1. 0. 1. 2. 2.]
 [0. 0. 5. 0. 2. 2.]
 [5. 0. 1. 2. 2. 2.]]",6,4,22,14,36,2,perdido,0
48,2,28.0,mejorada,4,2,C:\Users\sescu\AppData\Local\Temp\_fp_repo\analisis\..\tableros\tablero_final.txt,7919168045412322065,"[[0. 0. 0. 0. 1. 1.]
 [5. 3. 5. 0. 0. 0.]
 [5. 5. 0. 0. 0. 1.]
 [0. 2. 2. 0. 0. 1.]
 [1. 0. 2. 0. 0. 0.]
 [0. 0. 1. 3. 3. 2.]
 [5. 0. 0. 1. 2. 2.]
 [5. 0. 1. 0. 2. 2.]]",4,3,24,8,28,4,perdido,0
49,2,15.0,mejorada,4,3,C:\Users\sescu\AppData\Local\Temp\_fp_repo\analisis\..\tableros\tablero_final.txt,7919168045412322065,"[[0. 1. 0. 0. 5. 0.]
 [0. 0. 3. 1. 1. 0.]
 [0. 0. 5. 1. 0. 5.]
 [0. 0. 1. 0. 5. 0.]
 [0. 0. 0. 0. 1. 0.]
 [0. 0. 0. 0. 2. 2.]
 [0. 5. 0. 3. 2. 2.]
 [5. 0. 1. 3. 2. 2.]]",7,1,8,7,15,4,ganado,1
50,2,11.0,mejorada,4,4,C:\Users\sescu\AppData\Local\Temp\_fp_repo\analisis\..\tableros\tablero_final.txt,7919168045412322065,"[[2. 2. 0. 0. 2. 2.]
 [2. 2. 0. 5. 0. 0.]
 [5. 2. 2. 2. 2. 5.]
 [2. 2. 5. 2. 2. 2.]
 [2. 2. 2. 2. 2. 2.]
 [0. 2. 1. 2. 2. 2.]
 [0. 5. 0. 1. 2. 2.]
 [5. 0. 0. 3. 2. 2.]]",6,1,24,29,11,4,perdido,0
51,2,9.0,mejorada,6,2,C:\Users\sescu\AppData\Local\Temp\_fp_repo\analisis\..\tableros\tablero_final.txt,7919168045412322065,"[[0. 3. 1. 0. 3. 1.]
 [0. 5. 1. 0. 0. 0.]
 [5. 0. 0. 5. 2. 0.]
 [1. 0. 5. 0. 2. 3.]
 [0. 0. 0. 2. 2. 2.]
 [2. 2. 0. 2. 2. 2.]
 [0. 0. 0. 2. 2. 2.]
 [5. 0. 0. 2. 2. 2.]]",4,4,23,16,9,6,perdido,0
52,2,11.0,mejorada,6,3,C:\Users\sescu\AppData\Local\Temp\_fp_repo\analisis\..\tableros\tablero_final.txt,7919168045412322065,"[[2. 2. 1. 0. 2. 0.]
 [0. 5. 0. 0. 2. 2.]
 [0. 5. 0. 0. 2. 0.]
 [0. 0. 0. 5. 0. 0.]
 [0. 0. 1. 0. 2. 0.]
 [0. 2. 2. 5. 2. 2.]
 [0. 2. 0. 0. 2. 2.]
 [5. 0. 1. 1. 2. 0.]]",7,3,16,15,11,6,ganado,1
53,2,5.0,mejorada,6,4,C:\Users\sescu\AppData\Local\Temp\_fp_repo\analisis\..\tableros\tablero_final.txt,7919168045412322065,"[[3. 0. 0. 0. 5. 2.]
 [0. 2. 0. 0. 2. 0.]
 [5. 2. 0. 2. 2. 2.]
 [0. 2. 0. 2. 2. 2.]
 [2. 2. 3. 2. 2. 2.]
 [1. 2. 2. 2. 3. 0.]
 [2. 2. 2. 2. 2. 2.]
 [5. 2. 0. 2. 0. 2.]]",2,6,16,28,5,6,perdido,0
54,3,8.0,aleatoria,2,2,C:\Users\sescu\AppData\Local\Temp\_fp_repo\analisis\..\tableros\tablero_final.txt,6432084778622665797,"[[2. 2. 0. 2. 2. 2.]
 [0. 2. 0. 2. 0. 3.]
 [0. 0. 0. 2. 5. 0.]
 [0. 0. 5. 2. 2. 2.]
 [0. 0. 5. 0. 2. 0.]
 [5. 2. 0. 0. 0. 0.]
 [0. 0. 0. 0. 0. 3.]
 [0. 0. 5. 4. 0. 0.]]",0,1,24,13,8,2,perdido,0
55,3,13.0,aleatoria,2,3,C:\Users\sescu\AppData\Local\Temp\_fp_repo\analisis\..\tableros\tablero_final.txt,6432084778622665797,"[[0. 5. 0. 0. 0. 0.]
 [0. 0. 0. 0. 0. 0.]
 [0. 5. 0. 0. 0. 2.]
 [2. 0. 5. 5. 2. 2.]
 [0. 5. 0. 0. 2. 2.]
 [0. 1. 0. 0. 1. 0.]
 [0. 2. 0. 0. 5. 0.]
 [2. 2. 2. 3. 4. 0.]]",0,0,25,10,13,2,perdido,0
56,3,7.0,aleatoria,2,4,C:\Users\sescu\AppData\Local\Temp\_fp_repo\analisis\..\tableros\tablero_final.txt,6432084778622665797,"[[0. 2. 0. 5. 1. 1.]
 [2. 2. 2. 0. 1. 0.]
 [5. 2. 2. 0. 0. 0.]
 [0. 2. 2. 0. 0. 0.]
 [2. 2. 2. 2. 1. 5.]
 [2. 2. 2. 0. 0. 0.]
 [2. 5. 0. 0. 0. 3.]
 [2. 0. 0. 3. 0. 1.]]",0,0,25,17,7,2,perdido,0
57,3,9.0,aleatoria,4,2,C:\Users\sescu\AppData\Local\Temp\_fp_repo\analisis\..\tableros\tablero_final.txt,6432084778622665797,"[[2. 2. 2. 5. 0. 0.]
 [4. 2. 2. 2. 0. 5.]
 [5. 2. 2. 2. 2. 2.]
 [5. 2. 2. 2. 0. 2.]
 [2. 2. 2. 2. 2. 2.]
 [2. 2. 2. 2. 2. 2.]
 [5. 0. 0. 2. 3. 3.]
 [1. 0. 1. 2. 0. 0.]]",0,2,29,30,9,4,perdido,0
58,3,5.0,aleatoria,4,3,C:\Users\sescu\AppData\Local\Temp\_fp_repo\analisis\..\tableros\tablero_final.txt,6432084778622665797,"[[2. 2. 0. 0. 0. 2.]
 [2. 2. 0. 5. 0. 2.]
 [5. 2. 2. 2. 0. 0.]
 [2. 0. 0. 2. 2. 2.]
 [2. 2. 1. 2. 0. 2.]
 [3. 2. 5. 2. 0. 0.]
 [0. 2. 0. 1. 0. 3.]
 [5. 2. 0. 3. 0. 1.]]",0,0,24,21,5,4,perdido,0
59,3,5.0,aleatoria,4,4,C:\Users\sescu\AppData\Local\Temp\_fp_repo\analisis\..\tableros\tablero_final.txt,6432084778622665797,"[[2. 2. 0. 0. 5. 2.]
 [2. 2. 0. 2. 2. 2.]
 [0. 2. 0. 2. 0. 5.]
 [0. 0. 3. 2. 2. 2.]
 [1. 0. 0. 2. 2. 2.]
 [0. 2. 0. 2. 0. 0.]
 [0. 2. 0. 5. 1. 3.]
 [5. 2. 0. 3. 0. 0.]]",0,1,29,21,5,4,perdido,0
60,3,4.0,aleatoria,6,2,C:\Users\sescu\AppData\Local\Temp\_fp_repo\analisis\..\tableros\tablero_final.txt,6432084778622665797,"[[0. 2. 0. 1. 1. 5.]
 [1. 5. 1. 0. 0. 0.]
 [5. 0. 0. 1. 0. 2.]
 [0. 0. 2. 5. 2. 2.]
 [2. 0. 2. 0. 2. 0.]
 [2. 2. 2. 0. 3. 0.]
 [2. 2. 2. 2. 0. 3.]
 [5. 2. 2. 3. 1. 0.]]",0,0,25,17,4,6,perdido,0
61,3,4.0,aleatoria,6,3,C:\Users\sescu\AppData\Local\Temp\_fp_repo\analisis\..\tableros\tablero_final.txt,6432084778622665797,"[[2. 2. 2. 0. 3. 0.]
 [2. 2. 2. 5. 0. 5.]
 [5. 2. 2. 3. 0. 0.]
 [2. 2. 5. 2. 0. 2.]
 [2. 2. 2. 2. 3. 0.]
 [0. 2. 0. 2. 0. 0.]
 [2. 2. 2. 2. 2. 2.]
 [5. 2. 0. 2. 2. 0.]]",0,3,25,28,4,6,perdido,0
62,3,5.0,aleatoria,6,4,C:\Users\sescu\AppData\Local\Temp\_fp_repo\analisis\..\tableros\tablero_final.txt,6432084778622665797,"[[5. 1. 2. 5. 2. 3.]
 [5. 0. 2. 2. 2. 2.]
 [2. 0. 2. 2. 2. 5.]
 [2. 2. 0. 2. 0. 2.]
 [2. 2. 2. 2. 1. 0.]
 [2. 2. 2. 2. 0. 0.]
 [0. 0. 5. 2. 0. 3.]
 [1. 0. 1. 3. 2. 2.]]",0,0,24,25,5,6,perdido,0
63,3,47.0,mejorada,2,2,C:\Users\sescu\AppData\Local\Temp\_fp_repo\analisis\..\tableros\tablero_final.txt,6432084778622665797,"[[1. 0. 0. 0. 1. 1.]
 [0. 5. 0. 0. 0. 0.]
 [0. 0. 3. 0. 0. 1.]
 [5. 5. 0. 1. 2. 2.]
 [0. 0. 0. 0. 2. 0.]
 [0. 0. 0. 0. 2. 2.]
 [3. 0. 5. 2. 3. 2.]
 [5. 0. 0. 2. 2. 2.]]",3,4,6,10,47,2,perdido,0
64,3,26.0,mejorada,2,3,C:\Users\sescu\AppData\Local\Temp\_fp_repo\analisis\..\tableros\tablero_final.txt,6432084778622665797,"[[0. 0. 1. 0. 0. 1.]
 [0. 0. 0. 0. 0. 0.]
 [5. 0. 5. 5. 0. 1.]
 [3. 5. 0. 0. 0. 0.]
 [0. 0. 0. 0. 1. 1.]
 [0. 0. 1. 0. 0. 3.]
 [0. 0. 0. 1. 0. 2.]
 [5. 5. 0. 3. 0. 2.]]",7,1,14,2,26,2,ganado,1
65,3,24.0,mejorada,2,4,C:\Users\sescu\AppData\Local\Temp\_fp_repo\analisis\..\tableros\tablero_final.txt,6432084778622665797,"[[0. 0. 0. 0. 5. 0.]
 [0. 0. 1. 0. 0. 1.]
 [5. 5. 0. 0. 0. 0.]
 [0. 0. 0. 1. 1. 3.]
 [0. 0. 1. 0. 0. 0.]
 [0. 0. 0. 0. 1. 0.]
 [0. 0. 0. 0. 0. 0.]
 [5. 0. 0. 0. 0. 1.]]",8,1,8,0,24,2,ganado,1
66,3,13.0,mejorada,4,2,C:\Users\sescu\AppData\Local\Temp\_fp_repo\analisis\..\tableros\tablero_final.txt,6432084778622665797,"[[0. 5. 0. 2. 5. 1.]
 [0. 0. 2. 0. 0. 1.]
 [5. 0. 0. 0. 1. 3.]
 [0. 5. 2. 0. 2. 2.]
 [0. 0. 2. 2. 2. 2.]
 [3. 0. 2. 0. 0. 2.]
 [0. 5. 0. 0. 1. 0.]
 [1. 5. 1. 3. 1. 0.]]",5,2,25,11,13,4,perdido,0
67,3,12.0,mejorada,4,3,C:\Users\sescu\AppData\Local\Temp\_fp_repo\analisis\..\tableros\tablero_final.txt,6432084778622665797,"[[0. 1. 0. 0. 5. 0.]
 [0. 1. 0. 0. 0. 0.]
 [5. 0. 0. 0. 5. 0.]
 [0. 2. 2. 0. 0. 2.]
 [0. 0. 2. 0. 2. 2.]
 [2. 0. 1. 0. 2. 2.]
 [0. 5. 0. 0. 2. 2.]
 [5. 0. 0. 2. 3. 2.]]",7,2,16,13,12,4,ganado,1
68,3,8.0,mejorada,4,4,C:\Users\sescu\AppData\Local\Temp\_fp_repo\analisis\..\tableros\tablero_final.txt,6432084778622665797,"[[0. 0. 2. 2. 2. 2.]
 [0. 2. 2. 2. 2. 2.]
 [5. 5. 2. 2. 2. 5.]
 [0. 0. 2. 2. 2. 2.]
 [0. 3. 2. 2. 2. 2.]
 [0. 2. 0. 2. 0. 0.]
 [0. 3. 5. 2. 0. 3.]
 [0. 5. 0. 2. 0. 0.]]",1,3,27,25,8,4,perdido,0
69,3,11.0,mejorada,6,2,C:\Users\sescu\AppData\Local\Temp\_fp_repo\analisis\..\tableros\tablero_final.txt,6432084778622665797,"[[0. 2. 2. 0. 5. 0.]
 [2. 2. 2. 0. 0. 2.]
 [5. 2. 2. 2. 2. 5.]
 [1. 0. 1. 0. 2. 0.]
 [0. 2. 1. 0. 5. 0.]
 [2. 2. 0. 0. 1. 0.]
 [0. 2. 0. 0. 0. 0.]
 [5. 2. 0. 0. 3. 0.]]",7,3,25,17,11,6,perdido,0
70,3,8.0,mejorada,6,3,C:\Users\sescu\AppData\Local\Temp\_fp_repo\analisis\..\tableros\tablero_final.txt,6432084778622665797,"[[1. 0. 0. 2. 2. 0.]
 [0. 0. 0. 0. 2. 2.]
 [0. 0. 0. 0. 2. 5.]
 [5. 0. 0. 0. 5. 2.]
 [0. 5. 1. 0. 2. 2.]
 [3. 0. 3. 2. 0. 2.]
 [0. 0. 0. 2. 0. 2.]
 [2. 5. 0. 2. 0. 2.]]",3,4,24,16,8,6,perdido,0
71,3,6.0,mejorada,6,4,C:\Users\sescu\AppData\Local\Temp\_fp_repo\analisis\..\tableros\tablero_final.txt,6432084778622665797,"[[2. 0. 2. 2. 2. 2.]
 [0. 5. 0. 3. 2. 2.]
 [5. 2. 2. 2. 2. 5.]
 [0. 2. 2. 2. 2. 2.]
 [0. 2. 0. 2. 2. 2.]
 [2. 2. 0. 2. 0. 2.]
 [0. 0. 0. 0. 2. 3.]
 [5. 5. 0. 3. 0. 2.]]",0,2,25,27,6,6,perdido,0
72,4,11.0,aleatoria,2,2,C:\Users\sescu\AppData\Local\Temp\_fp_repo\analisis\..\tableros\tablero_final.txt,868632717012091125,"[[0. 0. 2. 2. 2. 2.]
 [0. 5. 0. 2. 2. 5.]
 [0. 0. 0. 0. 2. 0.]
 [1. 0. 0. 0. 0. 0.]
 [1. 0. 3. 0. 0. 0.]
 [0. 2. 2. 5. 0. 0.]
 [0. 2. 5. 0. 0. 4.]
 [5. 0. 0. 3. 0. 5.]]",0,0,26,10,11,2,perdido,0
73,4,15.0,aleatoria,2,3,C:\Users\sescu\AppData\Local\Temp\_fp_repo\analisis\..\tableros\tablero_final.txt,868632717012091125,"[[2. 2. 0. 0. 1. 1.]
 [0. 2. 0. 0. 5. 0.]
 [0. 0. 0. 1. 0. 0.]
 [2. 0. 1. 0. 5. 0.]
 [2. 0. 5. 0. 0. 0.]
 [1. 2. 0. 1. 0. 1.]
 [0. 2. 0. 5. 2. 3.]
 [5. 4. 0. 3. 0. 0.]]",0,0,24,8,15,2,perdido,0
74,4,14.0,aleatoria,2,4,C:\Users\sescu\AppData\Local\Temp\_fp_repo\analisis\..\tableros\tablero_final.txt,868632717012091125,"[[0. 5. 0. 2. 0. 0.]
 [0. 1. 0. 0. 0. 0.]
 [0. 5. 0. 0. 0. 0.]
 [0. 0. 0. 0. 0. 4.]
 [5. 0. 0. 3. 1. 1.]
 [1. 2. 0. 1. 0. 0.]
 [0. 5. 0. 1. 5. 2.]
 [1. 0. 0. 0. 0. 3.]]",0,2,24,3,14,2,perdido,0
75,4,8.0,aleatoria,4,2,C:\Users\sescu\AppData\Local\Temp\_fp_repo\analisis\..\tableros\tablero_final.txt,868632717012091125,"[[0. 2. 2. 0. 5. 0.]
 [2. 2. 2. 2. 2. 2.]
 [5. 2. 2. 2. 0. 5.]
 [2. 2. 2. 2. 2. 2.]
 [2. 2. 3. 2. 2. 0.]
 [2. 2. 0. 0. 0. 0.]
 [5. 0. 5. 1. 1. 3.]
 [0. 0. 1. 3. 1. 0.]]",0,1,25,23,8,4,perdido,0
76,4,5.0,aleatoria,4,3,C:\Users\sescu\AppData\Local\Temp\_fp_repo\analisis\..\tableros\tablero_final.txt,868632717012091125,"[[2. 2. 2. 2. 5. 2.]
 [2. 2. 2. 2. 2. 2.]
 [5. 0. 2. 2. 2. 2.]
 [0. 5. 0. 2. 2. 2.]
 [0. 3. 5. 0. 2. 0.]
 [0. 1. 0. 2. 2. 2.]
 [0. 5. 0. 0. 0. 2.]
 [5. 0. 0. 3. 2. 2.]]",0,2,24,26,5,4,perdido,0
77,4,7.0,aleatoria,4,4,C:\Users\sescu\AppData\Local\Temp\_fp_repo\analisis\..\tableros\tablero_final.txt,868632717012091125,"[[0. 0. 0. 2. 5. 2.]
 [1. 5. 3. 2. 2. 2.]
 [0. 2. 2. 2. 2. 5.]
 [2. 2. 2. 2. 2. 2.]
 [2. 5. 2. 2. 2. 2.]
 [0. 5. 0. 2. 2. 0.]
 [0. 0. 1. 0. 0. 3.]
 [5. 3. 0. 2. 1. 0.]]",0,2,26,25,7,4,perdido,0
78,4,4.0,aleatoria,6,2,C:\Users\sescu\AppData\Local\Temp\_fp_repo\analisis\..\tableros\tablero_final.txt,868632717012091125,"[[5. 2. 2. 2. 5. 2.]
 [0. 2. 2. 2. 2. 2.]
 [2. 2. 2. 2. 2. 2.]
 [2. 2. 5. 2. 2. 2.]
 [2. 2. 2. 2. 2. 2.]
 [0. 2. 5. 2. 2. 0.]
 [4. 0. 0. 2. 0. 3.]
 [5. 0. 0. 3. 1. 0.]]",0,0,34,31,4,6,perdido,0
79,4,5.0,aleatoria,6,3,C:\Users\sescu\AppData\Local\Temp\_fp_repo\analisis\..\tableros\tablero_final.txt,868632717012091125,"[[2. 2. 2. 0. 5. 2.]
 [2. 2. 2. 2. 2. 2.]
 [5. 2. 2. 2. 2. 5.]
 [0. 0. 5. 3. 2. 2.]
 [0. 1. 0. 0. 0. 2.]
 [0. 2. 0. 2. 0. 2.]
 [2. 2. 5. 1. 1. 3.]
 [5. 2. 2. 3. 0. 0.]]",0,1,26,27,5,6,perdido,0
80,4,6.0,aleatoria,6,4,C:\Users\sescu\AppData\Local\Temp\_fp_repo\analisis\..\tableros\tablero_final.txt,868632717012091125,"[[2. 2. 2. 2. 2. 0.]
 [5. 2. 2. 2. 2. 0.]
 [2. 2. 2. 2. 2. 2.]
 [0. 3. 0. 2. 2. 3.]
 [5. 2. 0. 2. 2. 2.]
 [5. 2. 0. 2. 1. 0.]
 [0. 1. 1. 0. 0. 3.]
 [0. 5. 1. 2. 1. 0.]]",0,2,31,24,6,6,perdido,0
81,4,30.0,mejorada,2,2,C:\Users\sescu\AppData\Local\Temp\_fp_repo\analisis\..\tableros\tablero_final.txt,868632717012091125,"[[0. 0. 0. 1. 0. 1.]
 [0. 0. 0. 5. 0. 1.]
 [0. 0. 5. 0. 1. 5.]
 [0. 0. 0. 0. 0. 3.]
 [0. 5. 0. 1. 0. 0.]
 [1. 2. 1. 0. 2. 2.]
 [0. 5. 0. 1. 2. 2.]
 [5. 0. 0. 3. 2. 2.]]",7,2,6,7,30,2,ganado,1
82,4,53.0,mejorada,2,3,C:\Users\sescu\AppData\Local\Temp\_fp_repo\analisis\..\tableros\tablero_final.txt,868632717012091125,"[[0. 0. 0. 1. 1. 3.]
 [5. 0. 0. 0. 0. 0.]
 [5. 0. 0. 0. 0. 0.]
 [0. 0. 1. 1. 3. 3.]
 [0. 1. 5. 0. 0. 1.]
 [0. 0. 0. 2. 2. 2.]
 [0. 5. 0. 2. 2. 2.]
 [5. 0. 0. 2. 2. 2.]]",2,4,14,9,53,2,perdido,0
83,4,32.0,mejorada,2,4,C:\Users\sescu\AppData\Local\Temp\_fp_repo\analisis\..\tableros\tablero_final.txt,868632717012091125,"[[2. 2. 2. 2. 2. 0.]
 [2. 2. 0. 2. 0. 0.]
 [5. 0. 1. 5. 0. 5.]
 [0. 0. 0. 0. 5. 0.]
 [0. 0. 1. 0. 0. 0.]
 [3. 0. 0. 0. 0. 0.]
 [0. 0. 5. 1. 0. 1.]
 [5. 0. 0. 3. 0. 0.]]",7,1,14,9,32,2,ganado,1
84,4,15.0,mejorada,4,2,C:\Users\sescu\AppData\Local\Temp\_fp_repo\analisis\..\tableros\tablero_final.txt,868632717012091125,"[[0. 1. 0. 1. 0. 0.]
 [0. 0. 0. 1. 0. 0.]
 [5. 0. 0. 0. 0. 0.]
 [5. 2. 0. 0. 0. 0.]
 [5. 0. 5. 2. 0. 3.]
 [2. 0. 0. 0. 2. 2.]
 [0. 5. 1. 3. 2. 2.]
 [5. 0. 0. 3. 2. 2.]]",2,4,10,9,15,4,perdido,0
85,4,12.0,mejorada,4,3,C:\Users\sescu\AppData\Local\Temp\_fp_repo\analisis\..\tableros\tablero_final.txt,868632717012091125,"[[1. 0. 0. 0. 0. 0.]
 [0. 0. 0. 1. 0. 0.]
 [0. 3. 3. 5. 0. 0.]
 [1. 0. 0. 0. 5. 0.]
 [0. 2. 1. 0. 5. 2.]
 [0. 3. 0. 5. 2. 2.]
 [0. 0. 5. 2. 2. 2.]
 [5. 0. 0. 2. 2. 2.]]",3,4,19,10,12,4,perdido,0
86,4,6.0,mejorada,4,4,C:\Users\sescu\AppData\Local\Temp\_fp_repo\analisis\..\tableros\tablero_final.txt,868632717012091125,"[[0. 0. 2. 2. 5. 2.]
 [0. 2. 2. 2. 2. 2.]
 [5. 0. 2. 2. 2. 2.]
 [0. 5. 0. 2. 2. 2.]
 [1. 0. 1. 2. 2. 2.]
 [0. 0. 1. 0. 2. 0.]
 [0. 5. 1. 0. 0. 3.]
 [5. 0. 1. 3. 0. 3.]]",0,0,24,20,6,4,perdido,0
87,4,14.0,mejorada,6,2,C:\Users\sescu\AppData\Local\Temp\_fp_repo\analisis\..\tableros\tablero_final.txt,868632717012091125,"[[1. 0. 3. 2. 2. 2.]
 [0. 0. 2. 2. 2. 2.]
 [0. 0. 5. 2. 0. 2.]
 [2. 0. 5. 4. 5. 0.]
 [0. 0. 0. 1. 0. 2.]
 [2. 2. 0. 0. 5. 0.]
 [2. 0. 1. 2. 0. 0.]
 [5. 5. 0. 2. 3. 0.]]",0,3,28,16,14,6,perdido,0
88,4,7.0,mejorada,6,3,C:\Users\sescu\AppData\Local\Temp\_fp_repo\analisis\..\tableros\tablero_final.txt,868632717012091125,"[[0. 0. 0. 0. 0. 0.]
 [0. 0. 0. 0. 0. 1.]
 [0. 0. 5. 5. 3. 0.]
 [0. 0. 0. 0. 2. 3.]
 [5. 2. 0. 5. 2. 2.]
 [1. 0. 1. 1. 2. 2.]
 [0. 5. 0. 2. 2. 2.]
 [5. 0. 0. 2. 2. 2.]]",3,4,18,12,7,6,perdido,0
89,4,7.0,mejorada,6,4,C:\Users\sescu\AppData\Local\Temp\_fp_repo\analisis\..\tableros\tablero_final.txt,868632717012091125,"[[0. 2. 2. 2. 5. 2.]
 [2. 2. 2. 2. 2. 2.]
 [5. 2. 2. 2. 2. 5.]
 [2. 2. 2. 0. 2. 2.]
 [2. 2. 2. 2. 2. 2.]
 [0. 2. 0. 0. 3. 2.]
 [2. 2. 0. 3. 2. 2.]
 [5. 2. 2. 3. 2. 2.]]",0,1,25,38,7,6,perdido,0
90,5,14.0,aleatoria,2,2,C:\Users\sescu\AppData\Local\Temp\_fp_repo\analisis\..\tableros\tablero_final.txt,8998527916616952261,"[[0. 5. 0. 0. 0. 5.]
 [0. 5. 0. 2. 0. 2.]
 [0. 0. 2. 2. 2. 5.]
 [0. 0. 5. 3. 2. 2.]
 [1. 0. 2. 2. 2. 2.]
 [0. 2. 1. 2. 0. 2.]
 [5. 0. 0. 2. 3. 2.]
 [0. 1. 0. 3. 1. 0.]]",1,1,24,17,14,2,perdido,0
91,5,12.0,aleatoria,2,3,C:\Users\sescu\AppData\Local\Temp\_fp_repo\analisis\..\tableros\tablero_final.txt,8998527916616952261,"[[2. 2. 2. 2. 2. 0.]
 [5. 0. 2. 2. 0. 0.]
 [5. 0. 2. 0. 0. 0.]
 [2. 3. 0. 0. 0. 5.]
 [2. 0. 5. 1. 0. 0.]
 [5. 0. 0. 0. 0. 0.]
 [0. 0. 0. 2. 5. 0.]
 [0. 0. 0. 3. 0. 4.]]",0,0,24,11,12,2,perdido,0
92,5,15.0,aleatoria,2,4,C:\Users\sescu\AppData\Local\Temp\_fp_repo\analisis\..\tableros\tablero_final.txt,8998527916616952261,"[[0. 0. 0. 0. 0. 5.]
 [2. 0. 0. 5. 0. 0.]
 [5. 2. 2. 0. 0. 0.]
 [0. 2. 2. 0. 2. 2.]
 [2. 2. 2. 0. 2. 2.]
 [0. 0. 0. 0. 0. 0.]
 [0. 1. 0. 1. 3. 3.]
 [0. 5. 1. 3. 2. 2.]]",0,0,25,15,15,2,perdido,0
93,5,6.0,aleatoria,4,2,C:\Users\sescu\AppData\Local\Temp\_fp_repo\analisis\..\tableros\tablero_final.txt,8998527916616952261,"[[2. 2. 5. 0. 5. 0.]
 [2. 2. 2. 0. 5. 0.]
 [2. 2. 2. 2. 2. 0.]
 [2. 2. 0. 2. 2. 2.]
 [2. 2. 5. 2. 2. 2.]
 [0. 2. 0. 2. 0. 0.]
 [0. 4. 0. 2. 0. 3.]
 [5. 0. 5. 3. 2. 0.]]",0,0,31,24,6,4,perdido,0
94,5,6.0,aleatoria,4,3,C:\Users\sescu\AppData\Local\Temp\_fp_repo\analisis\..\tableros\tablero_final.txt,8998527916616952261,"[[2. 2. 0. 0. 2. 2.]
 [5. 2. 0. 5. 0. 0.]
 [5. 2. 2. 2. 2. 5.]
 [2. 2. 2. 2. 2. 2.]
 [2. 2. 2. 2. 2. 2.]
 [0. 2. 0. 2. 1. 0.]
 [2. 5. 4. 0. 0. 3.]
 [5. 2. 2. 3. 1. 0.]]",0,0,27,29,6,4,perdido,0
95,5,5.0,aleatoria,4,4,C:\Users\sescu\AppData\Local\Temp\_fp_repo\analisis\..\tableros\tablero_final.txt,8998527916616952261,"[[0. 0. 5. 0. 1. 1.]
 [5. 5. 0. 2. 5. 0.]
 [2. 0. 2. 2. 2. 0.]
 [2. 3. 2. 2. 0. 2.]
 [2. 2. 2. 2. 0. 0.]
 [0. 2. 2. 0. 1. 1.]
 [2. 2. 5. 0. 1. 3.]
 [0. 0. 5. 3. 1. 0.]]",0,1,25,17,5,4,perdido,0
96,5,6.0,aleatoria,6,2,C:\Users\sescu\AppData\Local\Temp\_fp_repo\analisis\..\tableros\tablero_final.txt,8998527916616952261,"[[2. 2. 2. 2. 2. 2.]
 [2. 2. 2. 2. 2. 2.]
 [5. 2. 2. 2. 0. 3.]
 [2. 2. 2. 2. 5. 5.]
 [2. 2. 2. 2. 2. 2.]
 [2. 2. 2. 2. 2. 0.]
 [2. 2. 2. 0. 0. 3.]
 [5. 2. 5. 3. 0. 1.]]",2,2,38,36,6,6,perdido,0
97,5,5.0,aleatoria,6,3,C:\Users\sescu\AppData\Local\Temp\_fp_repo\analisis\..\tableros\tablero_final.txt,8998527916616952261,"[[0. 0. 5. 2. 2. 2.]
 [2. 2. 2. 2. 2. 2.]
 [5. 2. 2. 2. 2. 2.]
 [0. 2. 1. 0. 2. 2.]
 [0. 0. 5. 0. 2. 0.]
 [2. 2. 2. 5. 2. 0.]
 [2. 3. 2. 1. 2. 2.]
 [5. 0. 3. 3. 2. 0.]]",0,3,24,27,5,6,perdido,0
98,5,6.0,aleatoria,6,4,C:\Users\sescu\AppData\Local\Temp\_fp_repo\analisis\..\tableros\tablero_final.txt,8998527916616952261,"[[0. 2. 0. 5. 2. 0.]
 [0. 2. 0. 5. 2. 2.]
 [5. 2. 2. 3. 2. 2.]
 [2. 2. 2. 2. 2. 2.]
 [2. 2. 0. 3. 2. 2.]
 [2. 2. 2. 0. 2. 2.]
 [2. 2. 2. 2. 2. 2.]
 [5. 2. 5. 3. 2. 2.]]",1,3,33,33,6,6,perdido,0
99,5,51.0,mejorada,2,2,C:\Users\sescu\AppData\Local\Temp\_fp_repo\analisis\..\tableros\tablero_final.txt,8998527916616952261,"[[0. 1. 0. 1. 5. 0.]
 [1. 0. 0. 0. 0. 5.]
 [0. 0. 0. 0. 0. 0.]
 [0. 1. 0. 0. 2. 2.]
 [0. 1. 0. 0. 3. 2.]
 [2. 3. 0. 5. 0. 0.]
 [1. 0. 0. 5. 1. 1.]
 [5. 5. 0. 0. 1. 0.]]",7,2,5,4,51,2,ganado,1
100,5,35.0,mejorada,2,3,C:\Users\sescu\AppData\Local\Temp\_fp_repo\analisis\..\tableros\tablero_final.txt,8998527916616952261,"[[0. 0. 0. 0. 5. 1.]
 [0. 0. 5. 0. 1. 1.]
 [0. 0. 0. 0. 1. 5.]
 [0. 0. 1. 0. 0. 3.]
 [0. 1. 1. 5. 2. 2.]
 [0. 0. 0. 3. 2. 2.]
 [0. 5. 0. 2. 2. 2.]
 [5. 1. 0. 3. 2. 2.]]",3,4,17,9,35,2,perdido,0
101,5,17.0,mejorada,2,4,C:\Users\sescu\AppData\Local\Temp\_fp_repo\analisis\..\tableros\tablero_final.txt,8998527916616952261,"[[0. 0. 0. 1. 0. 1.]
 [0. 0. 0. 0. 0. 0.]
 [5. 0. 0. 2. 0. 0.]
 [0. 0. 0. 0. 0. 0.]
 [0. 0. 0. 0. 0. 0.]
 [1. 3. 0. 0. 0. 3.]
 [0. 5. 0. 1. 2. 3.]
 [5. 0. 0. 0. 2. 0.]]",7,1,15,3,17,2,ganado,1
102,5,20.0,mejorada,4,2,C:\Users\sescu\AppData\Local\Temp\_fp_repo\analisis\..\tableros\tablero_final.txt,8998527916616952261,"[[1. 0. 1. 1. 5. 1.]
 [0. 0. 0. 0. 0. 0.]
 [0. 5. 0. 0. 0. 0.]
 [2. 0. 0. 0. 1. 0.]
 [2. 0. 2. 0. 1. 0.]
 [0. 0. 1. 0. 0. 0.]
 [5. 0. 0. 1. 1. 0.]
 [5. 0. 1. 3. 0. 1.]]",7,2,16,3,20,4,ganado,1
103,5,19.0,mejorada,4,3,C:\Users\sescu\AppData\Local\Temp\_fp_repo\analisis\..\tableros\tablero_final.txt,8998527916616952261,"[[0. 0. 3. 0. 1. 1.]
 [0. 0. 0. 0. 0. 0.]
 [0. 5. 5. 5. 0. 1.]
 [0. 0. 1. 0. 0. 0.]
 [1. 1. 0. 0. 0. 0.]
 [0. 0. 0. 5. 2. 2.]
 [5. 0. 0. 0. 2. 2.]
 [5. 1. 0. 3. 2. 3.]]",7,1,19,5,19,4,ganado,1
104,5,11.0,mejorada,4,4,C:\Users\sescu\AppData\Local\Temp\_fp_repo\analisis\..\tableros\tablero_final.txt,8998527916616952261,"[[2. 2. 2. 2. 2. 2.]
 [2. 2. 0. 2. 0. 2.]
 [5. 2. 2. 0. 2. 5.]
 [2. 2. 1. 0. 2. 5.]
 [0. 0. 5. 0. 2. 2.]
 [1. 2. 0. 2. 2. 2.]
 [0. 0. 5. 1. 2. 2.]
 [5. 1. 0. 3. 2. 2.]]",6,3,25,27,11,4,perdido,0
105,5,11.0,mejorada,6,2,C:\Users\sescu\AppData\Local\Temp\_fp_repo\analisis\..\tableros\tablero_final.txt,8998527916616952261,"[[2. 2. 1. 0. 0. 0.]
 [2. 0. 0. 1. 5. 0.]
 [2. 0. 5. 1. 0. 5.]
 [2. 2. 2. 0. 0. 0.]
 [2. 2. 2. 0. 5. 2.]
 [1. 2. 1. 3. 2. 2.]
 [0. 0. 1. 0. 2. 2.]
 [5. 5. 1. 3. 2. 2.]]",2,1,26,18,11,6,perdido,0
106,5,13.0,mejorada,6,3,C:\Users\sescu\AppData\Local\Temp\_fp_repo\analisis\..\tableros\tablero_final.txt,8998527916616952261,"[[0. 1. 0. 0. 1. 0.]
 [0. 0. 0. 0. 0. 1.]
 [0. 1. 1. 5. 5. 0.]
 [0. 5. 0. 0. 2. 2.]
 [1. 0. 0. 0. 2. 5.]
 [3. 0. 0. 0. 2. 2.]
 [5. 0. 0. 2. 2. 2.]
 [0. 5. 0. 2. 2. 2.]]",4,4,12,11,13,6,perdido,0
107,5,5.0,mejorada,6,4,C:\Users\sescu\AppData\Local\Temp\_fp_repo\analisis\..\tableros\tablero_final.txt,8998527916616952261,"[[2. 2. 2. 2. 2. 2.]
 [2. 2. 0. 2. 2. 2.]
 [5. 2. 2. 2. 2. 5.]
 [2. 5. 0. 2. 2. 2.]
 [2. 2. 2. 2. 2. 2.]
 [1. 2. 0. 2. 0. 3.]
 [0. 5. 0. 0. 1. 3.]
 [5. 1. 0. 3. 1. 1.]]",0,1,26,28,5,6,perdido,0
108,6,12.0,aleatoria,2,2,C:\Users\sescu\AppData\Local\Temp\_fp_repo\analisis\..\tableros\tablero_final.txt,7020274643477799479,"[[0. 0. 3. 0. 0. 0.]
 [0. 0. 0. 1. 0. 2.]
 [0. 5. 0. 0. 0. 0.]
 [0. 0. 0. 1. 0. 2.]
 [0. 0. 5. 5. 0. 0.]
 [5. 2. 1. 0. 5. 4.]
 [0. 0. 0. 5. 0. 3.]
 [0. 0. 0. 0. 2. 0.]]",0,0,25,4,12,2,perdido,0
109,6,9.0,aleatoria,2,3,C:\Users\sescu\AppData\Local\Temp\_fp_repo\analisis\..\tableros\tablero_final.txt,7020274643477799479,"[[0. 0. 0. 0. 2. 3.]
 [0. 5. 2. 2. 0. 2.]
 [0. 0. 0. 0. 0. 2.]
 [1. 0. 0. 0. 2. 2.]
 [0. 5. 5. 0. 0. 2.]
 [0. 2. 1. 5. 0. 0.]
 [2. 2. 5. 0. 0. 3.]
 [2. 0. 0. 0. 5. 0.]]",0,0,28,12,9,2,perdido,0
110,6,12.0,aleatoria,2,4,C:\Users\sescu\AppData\Local\Temp\_fp_repo\analisis\..\tableros\tablero_final.txt,7020274643477799479,"[[1. 0. 0. 0. 1. 0.]
 [0. 0. 5. 0. 0. 1.]
 [0. 0. 0. 0. 0. 5.]
 [1. 0. 0. 5. 0. 1.]
 [5. 0. 3. 0. 0. 5.]
 [0. 2. 0. 0. 0. 0.]
 [0. 0. 0. 5. 1. 3.]
 [0. 0. 0. 4. 0. 0.]]",0,0,25,1,12,2,perdido,0
111,6,11.0,aleatoria,4,2,C:\Users\sescu\AppData\Local\Temp\_fp_repo\analisis\..\tableros\tablero_final.txt,7020274643477799479,"[[2. 2. 0. 0. 2. 2.]
 [2. 2. 2. 2. 2. 2.]
 [5. 2. 2. 2. 2. 5.]
 [5. 0. 2. 2. 5. 2.]
 [0. 5. 2. 2. 2. 2.]
 [0. 2. 0. 2. 3. 2.]
 [0. 0. 0. 0. 2. 3.]
 [0. 5. 0. 3. 0. 0.]]",0,1,26,27,11,4,perdido,0
112,6,8.0,aleatoria,4,3,C:\Users\sescu\AppData\Local\Temp\_fp_repo\analisis\..\tableros\tablero_final.txt,7020274643477799479,"[[3. 2. 5. 0. 0. 0.]
 [0. 2. 5. 0. 1. 0.]
 [5. 2. 2. 2. 0. 0.]
 [2. 2. 0. 2. 0. 0.]
 [2. 2. 2. 2. 0. 5.]
 [2. 2. 2. 0. 0. 0.]
 [2. 2. 2. 0. 1. 3.]
 [5. 0. 0. 3. 1. 0.]]",0,3,27,19,8,4,perdido,0
113,6,7.0,aleatoria,4,4,C:\Users\sescu\AppData\Local\Temp\_fp_repo\analisis\..\tableros\tablero_final.txt,7020274643477799479,"[[2. 2. 0. 2. 0. 0.]
 [2. 2. 0. 2. 0. 0.]
 [3. 2. 0. 2. 2. 5.]
 [0. 0. 5. 0. 2. 2.]
 [0. 0. 5. 0. 2. 2.]
 [0. 1. 0. 0. 0. 2.]
 [0. 0. 5. 1. 2. 2.]
 [3. 5. 0. 4. 2. 0.]]",0,2,25,18,7,4,perdido,0
114,6,6.0,aleatoria,6,2,C:\Users\sescu\AppData\Local\Temp\_fp_repo\analisis\..\tableros\tablero_final.txt,7020274643477799479,"[[0. 3. 5. 2. 0. 2.]
 [5. 0. 2. 2. 2. 2.]
 [5. 2. 2. 2. 2. 2.]
 [2. 2. 2. 2. 2. 2.]
 [2. 2. 2. 2. 3. 2.]
 [1. 2. 1. 2. 2. 2.]
 [2. 2. 0. 2. 2. 3.]
 [5. 0. 2. 2. 0. 0.]]",0,3,27,32,6,6,perdido,0
115,6,6.0,aleatoria,6,3,C:\Users\sescu\AppData\Local\Temp\_fp_repo\analisis\..\tableros\tablero_final.txt,7020274643477799479,"[[2. 2. 2. 2. 5. 2.]
 [2. 5. 2. 0. 0. 2.]
 [5. 3. 0. 2. 0. 2.]
 [2. 2. 0. 2. 3. 2.]
 [2. 2. 2. 2. 2. 0.]
 [5. 2. 2. 2. 2. 2.]
 [5. 0. 0. 1. 2. 2.]
 [0. 1. 0. 3. 2. 2.]]",0,3,33,30,6,6,perdido,0
116,6,3.0,aleatoria,6,4,C:\Users\sescu\AppData\Local\Temp\_fp_repo\analisis\..\tableros\tablero_final.txt,7020274643477799479,"[[2. 3. 0. 0. 5. 2.]
 [0. 2. 0. 0. 0. 2.]
 [5. 2. 2. 2. 2. 5.]
 [2. 2. 2. 0. 2. 2.]
 [2. 0. 3. 0. 0. 2.]
 [0. 5. 0. 0. 0. 2.]
 [2. 2. 0. 0. 0. 2.]
 [0. 5. 0. 3. 0. 2.]]",0,1,27,22,3,6,perdido,0
117,6,27.0,mejorada,2,2,C:\Users\sescu\AppData\Local\Temp\_fp_repo\analisis\..\tableros\tablero_final.txt,7020274643477799479,"[[0. 0. 0. 0. 0. 0.]
 [5. 0. 0. 0. 0. 1.]
 [0. 5. 0. 0. 0. 5.]
 [0. 0. 0. 5. 2. 2.]
 [0. 0. 0. 0. 2. 2.]
 [2. 0. 0. 5. 0. 1.]
 [0. 0. 0. 0. 0. 1.]
 [5. 0. 0. 1. 0. 0.]]",4,4,10,5,27,2,perdido,0
118,6,40.0,mejorada,2,3,C:\Users\sescu\AppData\Local\Temp\_fp_repo\analisis\..\tableros\tablero_final.txt,7020274643477799479,"[[1. 0. 0. 0. 1. 0.]
 [0. 0. 0. 1. 0. 0.]
 [3. 0. 5. 0. 5. 0.]
 [0. 3. 5. 0. 0. 0.]
 [1. 0. 0. 0. 0. 1.]
 [1. 1. 5. 3. 0. 0.]
 [0. 5. 0. 0. 5. 0.]
 [0. 0. 0. 1. 0. 0.]]",7,1,8,0,40,2,ganado,1
119,6,28.0,mejorada,2,4,C:\Users\sescu\AppData\Local\Temp\_fp_repo\analisis\..\tableros\tablero_final.txt,7020274643477799479,"[[2. 0. 0. 0. 0. 0.]
 [0. 1. 1. 0. 0. 0.]
 [0. 0. 0. 0. 0. 5.]
 [2. 2. 0. 0. 0. 2.]
 [5. 0. 0. 1. 5. 0.]
 [2. 3. 1. 0. 0. 0.]
 [0. 5. 0. 0. 0. 2.]
 [5. 1. 1. 0. 2. 2.]]",7,2,18,8,28,2,ganado,1
120,6,14.0,mejorada,4,2,C:\Users\sescu\AppData\Local\Temp\_fp_repo\analisis\..\tableros\tablero_final.txt,7020274643477799479,"[[1. 3. 0. 0. 0. 0.]
 [0. 0. 0. 0. 0. 0.]
 [5. 0. 5. 0. 0. 0.]
 [0. 5. 0. 0. 2. 3.]
 [0. 5. 2. 0. 2. 2.]
 [0. 0. 0. 0. 2. 2.]
 [0. 0. 0. 2. 2. 2.]
 [5. 0. 3. 2. 2. 2.]]",1,4,17,12,14,4,perdido,0
121,6,16.0,mejorada,4,3,C:\Users\sescu\AppData\Local\Temp\_fp_repo\analisis\..\tableros\tablero_final.txt,7020274643477799479,"[[1. 1. 2. 0. 1. 0.]
 [0. 0. 0. 1. 0. 0.]
 [0. 0. 1. 0. 0. 5.]
 [1. 0. 1. 0. 0. 0.]
 [0. 0. 0. 2. 0. 0.]
 [3. 0. 0. 0. 5. 5.]
 [0. 5. 5. 2. 2. 2.]
 [0. 0. 0. 2. 2. 2.]]",7,3,17,8,16,4,ganado,1
122,6,12.0,mejorada,4,4,C:\Users\sescu\AppData\Local\Temp\_fp_repo\analisis\..\tableros\tablero_final.txt,7020274643477799479,"[[3. 2. 3. 2. 5. 2.]
 [2. 0. 5. 0. 2. 0.]
 [2. 2. 0. 0. 0. 0.]
 [2. 2. 5. 0. 0. 0.]
 [2. 2. 1. 0. 0. 2.]
 [0. 0. 0. 0. 2. 2.]
 [0. 0. 0. 2. 2. 3.]
 [5. 5. 0. 2. 2. 2.]]",3,4,22,20,12,4,perdido,0
123,6,7.0,mejorada,6,2,C:\Users\sescu\AppData\Local\Temp\_fp_repo\analisis\..\tableros\tablero_final.txt,7020274643477799479,"[[2. 0. 0. 1. 0. 0.]
 [2. 0. 0. 0. 0. 0.]
 [5. 0. 0. 0. 0. 5.]
 [0. 0. 1. 2. 2. 2.]
 [3. 0. 0. 2. 2. 2.]
 [3. 3. 0. 5. 2. 2.]
 [0. 0. 0. 1. 2. 2.]
 [1. 0. 0. 5. 2. 2.]]",1,4,13,14,7,6,perdido,0
124,6,10.0,mejorada,6,3,C:\Users\sescu\AppData\Local\Temp\_fp_repo\analisis\..\tableros\tablero_final.txt,7020274643477799479,"[[2. 2. 0. 5. 0. 0.]
 [2. 2. 0. 1. 1. 1.]
 [5. 2. 2. 5. 0. 0.]
 [2. 2. 1. 0. 0. 2.]
 [2. 2. 1. 2. 5. 2.]
 [0. 2. 3. 2. 3. 2.]
 [0. 5. 5. 1. 2. 2.]
 [1. 0. 0. 3. 0. 2.]]",4,4,26,20,10,6,perdido,0
125,6,7.0,mejorada,6,4,C:\Users\sescu\AppData\Local\Temp\_fp_repo\analisis\..\tableros\tablero_final.txt,7020274643477799479,"[[2. 2. 2. 2. 5. 2.]
 [5. 0. 2. 2. 2. 2.]
 [0. 0. 2. 3. 2. 2.]
 [1. 0. 0. 2. 2. 2.]
 [0. 1. 2. 2. 2. 2.]
 [1. 2. 5. 2. 2. 2.]
 [0. 5. 0. 2. 3. 2.]
 [5. 0. 0. 3. 2. 2.]]",1,4,26,28,7,6,perdido,0
126,7,10.0,aleatoria,2,2,C:\Users\sescu\AppData\Local\Temp\_fp_repo\analisis\..\tableros\tablero_final.txt,7250163532461132703,"[[0. 2. 2. 2. 2. 2.]
 [0. 5. 2. 2. 5. 2.]
 [0. 0. 2. 2. 0. 5.]
 [0. 0. 5. 0. 0. 1.]
 [2. 0. 0. 0. 0. 0.]
 [1. 5. 0. 0. 1. 0.]
 [0. 5. 0. 0. 0. 3.]
 [1. 0. 0. 3. 0. 3.]]",1,0,24,11,10,2,perdido,0
127,7,8.0,aleatoria,2,3,C:\Users\sescu\AppData\Local\Temp\_fp_repo\analisis\..\tableros\tablero_final.txt,7250163532461132703,"[[2. 2. 0. 2. 5. 2.]
 [0. 2. 2. 0. 2. 2.]
 [0. 0. 0. 0. 0. 0.]
 [0. 0. 0. 0. 2. 2.]
 [0. 0. 5. 4. 0. 0.]
 [0. 5. 0. 0. 0. 0.]
 [1. 0. 0. 0. 0. 3.]
 [5. 1. 0. 3. 0. 0.]]",0,0,24,11,8,2,perdido,0
128,7,10.0,aleatoria,2,4,C:\Users\sescu\AppData\Local\Temp\_fp_repo\analisis\..\tableros\tablero_final.txt,7250163532461132703,"[[0. 0. 1. 0. 0. 0.]
 [0. 0. 0. 0. 5. 0.]
 [0. 0. 0. 0. 5. 5.]
 [2. 0. 2. 0. 0. 2.]
 [2. 2. 2. 2. 0. 0.]
 [0. 2. 0. 5. 2. 0.]
 [0. 5. 0. 5. 2. 3.]
 [0. 0. 0. 4. 3. 1.]]",0,0,27,10,10,2,perdido,0
129,7,8.0,aleatoria,4,2,C:\Users\sescu\AppData\Local\Temp\_fp_repo\analisis\..\tableros\tablero_final.txt,7250163532461132703,"[[0. 2. 0. 5. 2. 2.]
 [0. 2. 0. 0. 0. 2.]
 [5. 4. 1. 0. 2. 2.]
 [5. 0. 1. 3. 2. 2.]
 [0. 2. 0. 0. 2. 2.]
 [5. 2. 0. 5. 2. 2.]
 [2. 2. 0. 0. 2. 2.]
 [5. 2. 2. 3. 2. 0.]]",0,1,24,22,8,4,perdido,0
130,7,9.0,aleatoria,4,3,C:\Users\sescu\AppData\Local\Temp\_fp_repo\analisis\..\tableros\tablero_final.txt,7250163532461132703,"[[2. 2. 0. 0. 0. 1.]
 [0. 0. 0. 1. 4. 0.]
 [5. 5. 0. 2. 0. 5.]
 [2. 2. 0. 2. 2. 0.]
 [3. 2. 2. 2. 2. 0.]
 [0. 1. 0. 2. 2. 2.]
 [2. 0. 0. 2. 2. 2.]
 [2. 0. 5. 3. 0. 0.]]",0,2,24,20,9,4,perdido,0
131,7,7.0,aleatoria,4,4,C:\Users\sescu\AppData\Local\Temp\_fp_repo\analisis\..\tableros\tablero_final.txt,7250163532461132703,"[[0. 2. 2. 2. 2. 2.]
 [2. 2. 2. 2. 2. 2.]
 [5. 5. 2. 0. 2. 5.]
 [5. 0. 2. 0. 0. 2.]
 [1. 0. 3. 0. 0. 0.]
 [0. 2. 0. 1. 1. 1.]
 [2. 2. 2. 0. 0. 3.]
 [5. 2. 2. 0. 0. 3.]]",0,2,30,22,7,4,perdido,0
132,7,5.0,aleatoria,6,2,C:\Users\sescu\AppData\Local\Temp\_fp_repo\analisis\..\tableros\tablero_final.txt,7250163532461132703,"[[2. 2. 0. 5. 5. 0.]
 [2. 2. 3. 4. 0. 2.]
 [2. 2. 0. 2. 2. 2.]
 [5. 2. 0. 5. 0. 2.]
 [2. 2. 2. 2. 1. 0.]
 [2. 2. 2. 2. 2. 2.]
 [2. 2. 2. 0. 2. 2.]
 [5. 3. 0. 2. 2. 2.]]",0,4,33,31,5,6,perdido,0
133,7,6.0,aleatoria,6,3,C:\Users\sescu\AppData\Local\Temp\_fp_repo\analisis\..\tableros\tablero_final.txt,7250163532461132703,"[[2. 2. 2. 0. 0. 5.]
 [2. 2. 2. 0. 2. 0.]
 [5. 2. 2. 2. 2. 5.]
 [2. 2. 3. 2. 2. 2.]
 [2. 2. 2. 0. 2. 2.]
 [2. 1. 2. 0. 2. 2.]
 [0. 0. 0. 0. 2. 3.]
 [5. 0. 1. 3. 2. 0.]]",0,2,37,29,6,6,perdido,0
134,7,6.0,aleatoria,6,4,C:\Users\sescu\AppData\Local\Temp\_fp_repo\analisis\..\tableros\tablero_final.txt,7250163532461132703,"[[2. 2. 2. 2. 2. 2.]
 [5. 2. 2. 5. 2. 2.]
 [5. 2. 2. 2. 2. 2.]
 [5. 2. 1. 2. 2. 2.]
 [0. 0. 3. 2. 2. 2.]
 [2. 2. 2. 2. 2. 2.]
 [0. 2. 2. 2. 2. 3.]
 [5. 0. 2. 3. 0. 1.]]",0,0,32,33,6,6,perdido,0
135,7,28.0,mejorada,2,2,C:\Users\sescu\AppData\Local\Temp\_fp_repo\analisis\..\tableros\tablero_final.txt,7250163532461132703,"[[1. 0. 0. 0. 0. 0.]
 [0. 0. 0. 0. 1. 0.]
 [0. 5. 0. 0. 0. 0.]
 [1. 0. 0. 0. 2. 2.]
 [1. 1. 0. 0. 0. 2.]
 [0. 0. 0. 0. 0. 3.]
 [5. 0. 0. 1. 5. 0.]
 [5. 0. 0. 3. 5. 0.]]",7,1,17,3,28,2,ganado,1
136,7,33.0,mejorada,2,3,C:\Users\sescu\AppData\Local\Temp\_fp_repo\analisis\..\tableros\tablero_final.txt,7250163532461132703,"[[1. 0. 5. 0. 5. 0.]
 [1. 1. 0. 5. 0. 0.]
 [1. 0. 0. 0. 0. 5.]
 [0. 0. 0. 0. 0. 1.]
 [1. 0. 5. 0. 0. 0.]
 [0. 0. 0. 0. 0. 0.]
 [0. 0. 0. 0. 0. 1.]
 [0. 1. 0. 0. 0. 1.]]",7,1,16,0,33,2,ganado,1
137,7,24.0,mejorada,2,4,C:\Users\sescu\AppData\Local\Temp\_fp_repo\analisis\..\tableros\tablero_final.txt,7250163532461132703,"[[0. 0. 0. 0. 0. 1.]
 [0. 0. 1. 0. 0. 1.]
 [5. 0. 0. 0. 1. 1.]
 [0. 0. 5. 0. 5. 5.]
 [0. 0. 1. 0. 0. 0.]
 [1. 2. 0. 2. 2. 2.]
 [0. 0. 5. 2. 2. 2.]
 [5. 0. 0. 2. 2. 2.]]",6,4,11,10,24,2,perdido,0
138,7,11.0,mejorada,4,2,C:\Users\sescu\AppData\Local\Temp\_fp_repo\analisis\..\tableros\tablero_final.txt,7250163532461132703,"[[3. 0. 2. 0. 0. 1.]
 [1. 0. 5. 0. 0. 0.]
 [1. 0. 0. 0. 0. 3.]
 [0. 0. 0. 5. 0. 0.]
 [0. 1. 1. 5. 5. 0.]
 [2. 2. 1. 1. 5. 2.]
 [0. 1. 5. 2. 2. 2.]
 [0. 0. 0. 3. 2. 2.]]",2,4,15,9,11,4,perdido,0
139,7,20.0,mejorada,4,3,C:\Users\sescu\AppData\Local\Temp\_fp_repo\analisis\..\tableros\tablero_final.txt,7250163532461132703,"[[0. 1. 2. 0. 0. 0.]
 [0. 0. 0. 1. 1. 0.]
 [1. 0. 0. 0. 0. 2.]
 [5. 5. 2. 0. 0. 0.]
 [1. 0. 0. 1. 0. 0.]
 [1. 0. 1. 0. 0. 0.]
 [0. 5. 0. 5. 5. 0.]
 [5. 0. 1. 2. 0. 2.]]",5,4,20,5,20,4,perdido,0
140,7,12.0,mejorada,4,4,C:\Users\sescu\AppData\Local\Temp\_fp_repo\analisis\..\tableros\tablero_final.txt,7250163532461132703,"[[2. 0. 2. 2. 0. 2.]
 [2. 0. 2. 0. 0. 0.]
 [5. 2. 2. 2. 2. 0.]
 [2. 0. 2. 0. 0. 2.]
 [2. 2. 2. 0. 2. 2.]
 [1. 0. 0. 2. 2. 2.]
 [0. 5. 3. 0. 2. 3.]
 [5. 0. 1. 3. 2. 2.]]",2,4,24,25,12,4,perdido,0
141,7,9.0,mejorada,6,2,C:\Users\sescu\AppData\Local\Temp\_fp_repo\analisis\..\tableros\tablero_final.txt,7250163532461132703,"[[2. 2. 2. 2. 5. 2.]
 [0. 2. 0. 3. 2. 2.]
 [5. 0. 5. 0. 2. 2.]
 [0. 1. 3. 0. 0. 0.]
 [0. 0. 0. 5. 0. 0.]
 [1. 0. 1. 1. 2. 2.]
 [0. 0. 0. 2. 0. 2.]
 [5. 5. 0. 3. 2. 2.]]",3,2,26,17,9,6,perdido,0
142,7,8.0,mejorada,6,3,C:\Users\sescu\AppData\Local\Temp\_fp_repo\analisis\..\tableros\tablero_final.txt,7250163532461132703,"[[0. 2. 2. 3. 0. 0.]
 [0. 2. 2. 2. 0. 0.]
 [5. 0. 2. 0. 0. 5.]
 [2. 2. 2. 2. 2. 2.]
 [2. 2. 2. 2. 2. 2.]
 [2. 2. 1. 2. 0. 0.]
 [0. 5. 0. 2. 0. 3.]
 [5. 0. 0. 2. 3. 1.]]",2,4,22,23,8,6,perdido,0
143,7,7.0,mejorada,6,4,C:\Users\sescu\AppData\Local\Temp\_fp_repo\analisis\..\tableros\tablero_final.txt,7250163532461132703,"[[0. 2. 2. 2. 3. 2.]
 [2. 2. 2. 2. 2. 2.]
 [5. 2. 2. 2. 2. 5.]
 [2. 2. 2. 2. 2. 2.]
 [2. 2. 2. 2. 2. 2.]
 [0. 2. 1. 2. 0. 3.]
 [0. 0. 1. 2. 1. 3.]
 [5. 5. 0. 2. 0. 1.]]",1,3,27,32,7,6,perdido,0
144,8,10.0,aleatoria,2,2,C:\Users\sescu\AppData\Local\Temp\_fp_repo\analisis\..\tableros\tablero_final.txt,1181639697159514249,"[[0. 0. 0. 0. 0. 2.]
 [0. 0. 0. 1. 5. 2.]
 [0. 5. 0. 5. 2. 5.]
 [0. 0. 0. 0. 0. 2.]
 [0. 0. 0. 1. 3. 0.]
 [0. 2. 5. 0. 0. 0.]
 [0. 5. 0. 2. 0. 3.]
 [0. 0. 0. 2. 0. 0.]]",0,2,24,8,10,2,perdido,0
145,8,11.0,aleatoria,2,3,C:\Users\sescu\AppData\Local\Temp\_fp_repo\analisis\..\tableros\tablero_final.txt,1181639697159514249,"[[0. 0. 0. 0. 0. 1.]
 [0. 0. 5. 0. 0. 0.]
 [0. 0. 5. 2. 0. 2.]
 [0. 0. 0. 2. 2. 2.]
 [0. 5. 5. 2. 2. 2.]
 [5. 5. 0. 0. 1. 3.]
 [1. 0. 0. 1. 0. 3.]
 [0. 0. 0. 3. 0. 1.]]",0,0,24,8,11,2,perdido,0
146,8,6.0,aleatoria,2,4,C:\Users\sescu\AppData\Local\Temp\_fp_repo\analisis\..\tableros\tablero_final.txt,1181639697159514249,"[[2. 2. 0. 0. 1. 0.]
 [0. 2. 0. 0. 5. 0.]
 [5. 0. 5. 0. 0. 2.]
 [2. 0. 5. 0. 2. 2.]
 [2. 2. 0. 0. 2. 2.]
 [0. 2. 3. 0. 0. 0.]
 [0. 2. 0. 0. 1. 3.]
 [5. 0. 0. 3. 0. 0.]]",0,1,25,13,6,2,perdido,0
147,8,8.0,aleatoria,4,2,C:\Users\sescu\AppData\Local\Temp\_fp_repo\analisis\..\tableros\tablero_final.txt,1181639697159514249,"[[0. 2. 1. 0. 1. 1.]
 [0. 2. 0. 0. 0. 0.]
 [5. 2. 0. 1. 5. 5.]
 [0. 2. 2. 5. 2. 0.]
 [2. 2. 2. 1. 0. 2.]
 [2. 2. 2. 0. 0. 0.]
 [5. 2. 2. 0. 0. 3.]
 [5. 2. 2. 3. 1. 0.]]",1,1,25,18,8,4,perdido,0
148,8,8.0,aleatoria,4,3,C:\Users\sescu\AppData\Local\Temp\_fp_repo\analisis\..\tableros\tablero_final.txt,1181639697159514249,"[[2. 2. 2. 2. 5. 2.]
 [2. 2. 2. 2. 2. 2.]
 [5. 2. 2. 2. 2. 2.]
 [0. 4. 5. 0. 2. 2.]
 [2. 0. 1. 0. 0. 2.]
 [0. 0. 1. 1. 1. 0.]
 [0. 5. 0. 0. 1. 3.]
 [0. 0. 1. 3. 0. 0.]]",0,0,24,21,8,4,perdido,0
149,8,6.0,aleatoria,4,4,C:\Users\sescu\AppData\Local\Temp\_fp_repo\analisis\..\tableros\tablero_final.txt,1181639697159514249,"[[2. 2. 0. 0. 0. 0.]
 [2. 2. 2. 2. 0. 0.]
 [5. 2. 2. 5. 5. 2.]
 [2. 2. 2. 2. 2. 2.]
 [2. 2. 2. 2. 2. 2.]
 [0. 0. 2. 2. 1. 0.]
 [0. 5. 0. 3. 0. 3.]
 [1. 5. 0. 3. 0. 1.]]",0,0,26,23,6,4,perdido,0
150,8,5.0,aleatoria,6,2,C:\Users\sescu\AppData\Local\Temp\_fp_repo\analisis\..\tableros\tablero_final.txt,1181639697159514249,"[[2. 2. 2. 2. 2. 2.]
 [2. 2. 2. 2. 2. 2.]
 [5. 5. 2. 2. 2. 5.]
 [2. 2. 2. 0. 2. 2.]
 [2. 2. 2. 3. 0. 2.]
 [5. 1. 2. 0. 0. 0.]
 [5. 1. 0. 1. 0. 3.]
 [0. 0. 0. 3. 1. 0.]]",0,1,30,27,5,6,perdido,0
151,8,7.0,aleatoria,6,3,C:\Users\sescu\AppData\Local\Temp\_fp_repo\analisis\..\tableros\tablero_final.txt,1181639697159514249,"[[3. 0. 0. 2. 3. 2.]
 [0. 2. 0. 2. 2. 2.]
 [5. 2. 2. 2. 0. 5.]
 [2. 3. 2. 2. 0. 2.]
 [2. 2. 2. 2. 5. 0.]
 [2. 2. 2. 2. 2. 2.]
 [0. 2. 2. 2. 2. 2.]
 [5. 0. 2. 2. 2. 0.]]",0,2,26,32,7,6,perdido,0
152,8,4.0,aleatoria,6,4,C:\Users\sescu\AppData\Local\Temp\_fp_repo\analisis\..\tableros\tablero_final.txt,1181639697159514249,"[[2. 0. 5. 0. 2. 2.]
 [2. 2. 0. 2. 0. 2.]
 [5. 2. 2. 2. 0. 5.]
 [2. 2. 2. 0. 0. 2.]
 [2. 0. 3. 0. 0. 2.]
 [2. 2. 0. 1. 0. 2.]
 [2. 2. 0. 1. 2. 2.]
 [5. 5. 0. 3. 2. 2.]]",1,2,24,27,4,6,perdido,0
153,8,20.0,mejorada,2,2,C:\Users\sescu\AppData\Local\Temp\_fp_repo\analisis\..\tableros\tablero_final.txt,1181639697159514249,"[[0. 0. 5. 0. 0. 0.]
 [0. 0. 0. 0. 0. 3.]
 [0. 0. 5. 0. 0. 0.]
 [0. 3. 0. 0. 2. 2.]
 [0. 5. 0. 1. 2. 2.]
 [0. 0. 0. 1. 2. 2.]
 [0. 5. 0. 2. 2. 2.]
 [5. 1. 0. 2. 2. 2.]]",7,2,11,12,20,2,ganado,1
154,8,26.0,mejorada,2,3,C:\Users\sescu\AppData\Local\Temp\_fp_repo\analisis\..\tableros\tablero_final.txt,1181639697159514249,"[[0. 0. 0. 0. 0. 1.]
 [5. 0. 0. 1. 0. 0.]
 [0. 0. 0. 5. 5. 0.]
 [0. 0. 5. 0. 0. 0.]
 [0. 0. 0. 0. 0. 5.]
 [0. 0. 1. 0. 0. 2.]
 [0. 0. 0. 0. 0. 0.]
 [1. 0. 1. 0. 1. 0.]]",7,2,13,1,26,2,ganado,1
155,8,35.0,mejorada,2,4,C:\Users\sescu\AppData\Local\Temp\_fp_repo\analisis\..\tableros\tablero_final.txt,1181639697159514249,"[[0. 0. 0. 1. 0. 0.]
 [1. 0. 0. 1. 0. 1.]
 [5. 0. 1. 0. 0. 1.]
 [0. 0. 5. 0. 1. 1.]
 [0. 0. 1. 5. 1. 1.]
 [0. 2. 0. 0. 2. 2.]
 [5. 0. 1. 2. 0. 2.]
 [5. 0. 1. 2. 0. 2.]]",5,4,12,7,35,2,perdido,0
156,8,10.0,mejorada,4,2,C:\Users\sescu\AppData\Local\Temp\_fp_repo\analisis\..\tableros\tablero_final.txt,1181639697159514249,"[[1. 0. 1. 5. 5. 0.]
 [0. 5. 0. 0. 0. 0.]
 [1. 0. 0. 0. 5. 0.]
 [1. 3. 0. 0. 0. 2.]
 [1. 1. 1. 1. 0. 0.]
 [0. 3. 1. 1. 1. 0.]
 [5. 0. 0. 0. 0. 2.]
 [5. 1. 1. 3. 0. 0.]]",7,1,3,2,10,4,ganado,1
157,8,12.0,mejorada,4,3,C:\Users\sescu\AppData\Local\Temp\_fp_repo\analisis\..\tableros\tablero_final.txt,1181639697159514249,"[[0. 0. 0. 0. 2. 2.]
 [2. 3. 2. 5. 0. 0.]
 [2. 2. 2. 0. 5. 1.]
 [3. 0. 0. 1. 0. 2.]
 [0. 0. 5. 0. 1. 0.]
 [1. 2. 1. 0. 5. 0.]
 [0. 0. 0. 0. 0. 0.]
 [1. 0. 0. 3. 0. 0.]]",2,3,26,9,12,4,perdido,0
158,8,10.0,mejorada,4,4,C:\Users\sescu\AppData\Local\Temp\_fp_repo\analisis\..\tableros\tablero_final.txt,1181639697159514249,"[[1. 0. 2. 2. 5. 2.]
 [0. 0. 2. 2. 2. 2.]
 [5. 0. 2. 0. 0. 2.]
 [0. 0. 0. 1. 2. 2.]
 [1. 1. 0. 1. 2. 2.]
 [3. 0. 0. 1. 2. 0.]
 [0. 0. 5. 3. 2. 2.]
 [1. 0. 5. 3. 2. 2.]]",2,1,26,19,10,4,perdido,0
159,8,15.0,mejorada,6,2,C:\Users\sescu\AppData\Local\Temp\_fp_repo\analisis\..\tableros\tablero_final.txt,1181639697159514249,"[[0. 1. 0. 0. 0. 0.]
 [0. 5. 0. 0. 0. 0.]
 [5. 0. 0. 0. 0. 0.]
 [5. 0. 0. 0. 0. 1.]
 [0. 0. 0. 0. 0. 0.]
 [2. 2. 2. 3. 2. 3.]
 [2. 2. 2. 2. 0. 0.]
 [5. 2. 2. 2. 0. 3.]]",2,4,30,12,15,6,perdido,0
160,8,10.0,mejorada,6,3,C:\Users\sescu\AppData\Local\Temp\_fp_repo\analisis\..\tableros\tablero_final.txt,1181639697159514249,"[[2. 2. 2. 2. 5. 2.]
 [0. 2. 2. 2. 2. 2.]
 [5. 2. 0. 0. 2. 2.]
 [2. 3. 0. 0. 2. 3.]
 [3. 5. 1. 5. 0. 2.]
 [1. 0. 0. 1. 2. 2.]
 [0. 0. 2. 2. 2. 2.]
 [5. 0. 2. 2. 2. 2.]]",2,4,24,27,10,6,perdido,0
161,8,6.0,mejorada,6,4,C:\Users\sescu\AppData\Local\Temp\_fp_repo\analisis\..\tableros\tablero_final.txt,1181639697159514249,"[[1. 0. 2. 2. 2. 2.]
 [0. 1. 0. 2. 2. 2.]
 [1. 1. 5. 2. 2. 5.]
 [1. 3. 0. 2. 2. 2.]
 [1. 1. 3. 2. 2. 2.]
 [1. 0. 0. 5. 5. 2.]
 [0. 0. 1. 0. 0. 0.]
 [1. 1. 0. 3. 0. 0.]]",1,2,24,17,6,6,perdido,0
162,9,10.0,aleatoria,2,2,C:\Users\sescu\AppData\Local\Temp\_fp_repo\analisis\..\tableros\tablero_final.txt,4154077065378586294,"[[0. 2. 0. 0. 1. 1.]
 [0. 2. 0. 1. 0. 0.]
 [5. 2. 0. 5. 0. 5.]
 [0. 2. 0. 1. 2. 2.]
 [0. 0. 0. 0. 0. 2.]
 [0. 1. 5. 1. 0. 3.]
 [0. 5. 1. 5. 2. 3.]
 [0. 0. 0. 4. 2. 2.]]",0,0,26,10,10,2,perdido,0
163,9,9.0,aleatoria,2,3,C:\Users\sescu\AppData\Local\Temp\_fp_repo\analisis\..\tableros\tablero_final.txt,4154077065378586294,"[[0. 0. 1. 0. 0. 0.]
 [0. 0. 0. 0. 0. 0.]
 [0. 5. 0. 0. 5. 0.]
 [0. 0. 0. 0. 2. 2.]
 [0. 0. 5. 0. 0. 2.]
 [0. 2. 2. 0. 0. 3.]
 [2. 2. 2. 2. 0. 3.]
 [5. 2. 2. 3. 1. 0.]]",0,1,26,12,9,2,perdido,0
164,9,9.0,aleatoria,2,4,C:\Users\sescu\AppData\Local\Temp\_fp_repo\analisis\..\tableros\tablero_final.txt,4154077065378586294,"[[0. 2. 2. 0. 0. 2.]
 [0. 2. 0. 0. 0. 0.]
 [0. 0. 0. 5. 0. 3.]
 [0. 2. 5. 5. 2. 2.]
 [0. 0. 5. 0. 2. 2.]
 [0. 1. 0. 0. 0. 0.]
 [1. 0. 0. 4. 0. 3.]
 [0. 1. 5. 5. 1. 1.]]",0,0,24,9,9,2,perdido,0
165,9,7.0,aleatoria,4,2,C:\Users\sescu\AppData\Local\Temp\_fp_repo\analisis\..\tableros\tablero_final.txt,4154077065378586294,"[[2. 2. 0. 0. 0. 3.]
 [5. 2. 5. 2. 5. 0.]
 [0. 2. 2. 2. 0. 0.]
 [2. 0. 0. 2. 2. 2.]
 [2. 2. 2. 2. 2. 2.]
 [1. 2. 0. 2. 0. 0.]
 [0. 5. 0. 2. 2. 3.]
 [1. 5. 0. 3. 2. 2.]]",0,3,27,23,7,4,perdido,0
166,9,6.0,aleatoria,4,3,C:\Users\sescu\AppData\Local\Temp\_fp_repo\analisis\..\tableros\tablero_final.txt,4154077065378586294,"[[2. 2. 2. 5. 0. 0.]
 [2. 2. 2. 0. 0. 2.]
 [2. 2. 2. 2. 2. 5.]
 [2. 0. 0. 0. 2. 2.]
 [2. 3. 5. 1. 0. 2.]
 [2. 2. 2. 0. 0. 0.]
 [2. 2. 2. 0. 2. 3.]
 [5. 5. 2. 3. 0. 0.]]",0,0,24,26,6,4,perdido,0
167,9,5.0,aleatoria,4,4,C:\Users\sescu\AppData\Local\Temp\_fp_repo\analisis\..\tableros\tablero_final.txt,4154077065378586294,"[[2. 2. 2. 2. 5. 2.]
 [0. 0. 0. 2. 2. 0.]
 [0. 0. 2. 2. 2. 5.]
 [0. 0. 5. 2. 2. 2.]
 [3. 1. 0. 0. 2. 0.]
 [0. 5. 5. 0. 1. 0.]
 [0. 0. 0. 1. 1. 3.]
 [1. 0. 0. 3. 0. 0.]]",0,1,25,15,5,4,perdido,0
168,9,5.0,aleatoria,6,2,C:\Users\sescu\AppData\Local\Temp\_fp_repo\analisis\..\tableros\tablero_final.txt,4154077065378586294,"[[0. 2. 2. 2. 2. 2.]
 [0. 2. 2. 2. 2. 0.]
 [2. 2. 2. 2. 2. 5.]
 [2. 5. 5. 2. 2. 2.]
 [2. 2. 2. 2. 2. 2.]
 [2. 2. 2. 3. 2. 0.]
 [2. 2. 2. 2. 2. 3.]
 [5. 5. 0. 3. 2. 2.]]",0,3,32,36,5,6,perdido,0
169,9,5.0,aleatoria,6,3,C:\Users\sescu\AppData\Local\Temp\_fp_repo\analisis\..\tableros\tablero_final.txt,4154077065378586294,"[[2. 2. 2. 2. 5. 2.]
 [2. 2. 2. 2. 2. 2.]
 [5. 5. 2. 2. 2. 2.]
 [2. 2. 2. 2. 2. 2.]
 [2. 2. 2. 2. 2. 2.]
 [0. 2. 0. 2. 0. 0.]
 [5. 2. 3. 2. 0. 3.]
 [5. 0. 0. 2. 0. 0.]]",0,3,35,35,5,6,perdido,0
170,9,4.0,aleatoria,6,4,C:\Users\sescu\AppData\Local\Temp\_fp_repo\analisis\..\tableros\tablero_final.txt,4154077065378586294,"[[0. 3. 1. 0. 5. 0.]
 [2. 2. 0. 0. 2. 2.]
 [5. 2. 0. 1. 0. 2.]
 [2. 2. 0. 5. 2. 2.]
 [2. 2. 0. 0. 2. 2.]
 [0. 2. 0. 2. 0. 2.]
 [2. 2. 0. 0. 0. 3.]
 [5. 2. 5. 3. 2. 0.]]",0,0,26,23,4,6,perdido,0
171,9,39.0,mejorada,2,2,C:\Users\sescu\AppData\Local\Temp\_fp_repo\analisis\..\tableros\tablero_final.txt,4154077065378586294,"[[1. 0. 0. 0. 0. 0.]
 [1. 0. 0. 1. 0. 0.]
 [0. 5. 0. 0. 0. 5.]
 [0. 0. 0. 0. 0. 5.]
 [0. 5. 0. 0. 0. 0.]
 [1. 0. 0. 0. 1. 1.]
 [0. 5. 0. 0. 0. 1.]
 [0. 5. 0. 2. 0. 0.]]",7,3,16,1,39,2,ganado,1
172,9,35.0,mejorada,2,3,C:\Users\sescu\AppData\Local\Temp\_fp_repo\analisis\..\tableros\tablero_final.txt,4154077065378586294,"[[0. 2. 1. 1. 5. 0.]
 [5. 0. 0. 1. 0. 0.]
 [0. 0. 5. 0. 5. 0.]
 [0. 0. 0. 0. 0. 0.]
 [0. 0. 0. 0. 0. 0.]
 [3. 0. 1. 1. 0. 0.]
 [0. 5. 0. 0. 0. 0.]
 [5. 0. 1. 0. 0. 0.]]",7,1,14,1,35,2,ganado,1
173,9,26.0,mejorada,2,4,C:\Users\sescu\AppData\Local\Temp\_fp_repo\analisis\..\tableros\tablero_final.txt,4154077065378586294,"[[0. 0. 0. 0. 5. 0.]
 [0. 0. 0. 0. 0. 0.]
 [5. 0. 0. 0. 0. 3.]
 [0. 0. 0. 0. 2. 2.]
 [3. 0. 0. 0. 2. 2.]
 [3. 0. 0. 0. 5. 2.]
 [0. 0. 0. 5. 2. 2.]
 [5. 0. 0. 1. 0. 2.]]",4,3,24,8,26,2,perdido,0
174,9,24.0,mejorada,4,2,C:\Users\sescu\AppData\Local\Temp\_fp_repo\analisis\..\tableros\tablero_final.txt,4154077065378586294,"[[0. 0. 1. 1. 1. 0.]
 [0. 1. 0. 1. 1. 0.]
 [0. 0. 0. 1. 0. 5.]
 [0. 0. 0. 0. 0. 0.]
 [0. 0. 0. 0. 0. 0.]
 [1. 2. 0. 5. 0. 0.]
 [1. 5. 0. 1. 5. 0.]
 [5. 0. 0. 0. 5. 0.]]",7,3,23,1,24,4,ganado,1
175,9,26.0,mejorada,4,3,C:\Users\sescu\AppData\Local\Temp\_fp_repo\analisis\..\tableros\tablero_final.txt,4154077065378586294,"[[2. 2. 2. 2. 2. 2.]
 [2. 0. 0. 0. 2. 2.]
 [5. 0. 0. 5. 0. 2.]
 [2. 0. 1. 0. 0. 0.]
 [5. 1. 0. 5. 0. 0.]
 [0. 0. 0. 0. 0. 1.]
 [1. 0. 0. 2. 0. 0.]
 [5. 0. 0. 3. 5. 1.]]",5,4,17,13,26,4,perdido,0
176,9,8.0,mejorada,4,4,C:\Users\sescu\AppData\Local\Temp\_fp_repo\analisis\..\tableros\tablero_final.txt,4154077065378586294,"[[0. 1. 2. 2. 2. 2.]
 [0. 0. 2. 2. 2. 2.]
 [5. 0. 5. 2. 2. 5.]
 [0. 0. 0. 2. 2. 2.]
 [0. 0. 2. 2. 2. 2.]
 [3. 0. 0. 2. 0. 0.]
 [0. 5. 0. 2. 2. 3.]
 [5. 0. 0. 3. 2. 2.]]",2,0,27,23,8,4,perdido,0
177,9,18.0,mejorada,6,2,C:\Users\sescu\AppData\Local\Temp\_fp_repo\analisis\..\tableros\tablero_final.txt,4154077065378586294,"[[0. 0. 5. 2. 2. 2.]
 [1. 0. 5. 0. 2. 0.]
 [0. 0. 5. 0. 0. 0.]
 [0. 1. 1. 0. 5. 1.]
 [1. 1. 3. 0. 0. 0.]
 [2. 0. 0. 1. 0. 2.]
 [0. 5. 2. 0. 0. 0.]
 [5. 0. 2. 2. 0. 0.]]",7,3,17,9,18,6,ganado,1
178,9,13.0,mejorada,6,3,C:\Users\sescu\AppData\Local\Temp\_fp_repo\analisis\..\tableros\tablero_final.txt,4154077065378586294,"[[5. 2. 2. 2. 5. 0.]
 [0. 0. 2. 2. 2. 0.]
 [5. 2. 2. 2. 2. 2.]
 [0. 2. 2. 2. 2. 2.]
 [1. 0. 2. 2. 2. 2.]
 [3. 2. 0. 2. 2. 2.]
 [5. 0. 5. 3. 2. 2.]
 [0. 0. 0. 3. 2. 2.]]",1,2,24,30,13,6,perdido,0
179,9,5.0,mejorada,6,4,C:\Users\sescu\AppData\Local\Temp\_fp_repo\analisis\..\tableros\tablero_final.txt,4154077065378586294,"[[0. 2. 2. 2. 2. 2.]
 [5. 2. 2. 2. 2. 2.]
 [5. 2. 2. 2. 2. 5.]
 [2. 2. 0. 2. 2. 2.]
 [2. 2. 2. 0. 2. 2.]
 [1. 2. 0. 2. 3. 0.]
 [0. 5. 0. 1. 0. 3.]
 [5. 0. 2. 3. 0. 0.]]",0,0,25,29,5,6,perdido,0
180,10,9.0,aleatoria,2,2,C:\Users\sescu\AppData\Local\Temp\_fp_repo\analisis\..\tableros\tablero_final.txt,3420008128027789332,"[[0. 0. 0. 0. 2. 2.]
 [1. 5. 0. 0. 0. 0.]
 [1. 5. 0. 0. 0. 0.]
 [1. 0. 0. 0. 0. 2.]
 [0. 5. 5. 0. 3. 0.]
 [2. 2. 2. 1. 0. 0.]
 [2. 2. 2. 5. 3. 3.]
 [5. 0. 0. 0. 0. 0.]]",0,0,26,10,9,2,perdido,0
181,10,10.0,aleatoria,2,3,C:\Users\sescu\AppData\Local\Temp\_fp_repo\analisis\..\tableros\tablero_final.txt,3420008128027789332,"[[2. 2. 3. 0. 0. 2.]
 [2. 2. 0. 0. 2. 0.]
 [0. 2. 0. 1. 0. 0.]
 [0. 2. 3. 0. 1. 0.]
 [2. 2. 0. 1. 5. 0.]
 [0. 5. 0. 0. 0. 0.]
 [0. 0. 0. 0. 1. 4.]
 [0. 5. 0. 5. 0. 0.]]",0,0,26,10,10,2,perdido,0
182,10,11.0,aleatoria,2,4,C:\Users\sescu\AppData\Local\Temp\_fp_repo\analisis\..\tableros\tablero_final.txt,3420008128027789332,"[[0. 0. 0. 2. 5. 0.]
 [2. 0. 5. 2. 2. 0.]
 [5. 3. 0. 2. 0. 0.]
 [2. 0. 2. 2. 2. 0.]
 [2. 2. 0. 2. 3. 2.]
 [2. 2. 2. 2. 0. 0.]
 [0. 0. 0. 0. 0. 3.]
 [5. 0. 0. 5. 0. 0.]]",0,1,28,18,11,2,perdido,0
183,10,6.0,aleatoria,4,2,C:\Users\sescu\AppData\Local\Temp\_fp_repo\analisis\..\tableros\tablero_final.txt,3420008128027789332,"[[2. 2. 0. 2. 2. 2.]
 [2. 2. 0. 0. 0. 2.]
 [5. 0. 2. 2. 2. 5.]
 [0. 0. 0. 0. 2. 2.]
 [2. 2. 0. 2. 0. 2.]
 [2. 2. 5. 2. 0. 0.]
 [2. 2. 5. 0. 1. 3.]
 [2. 5. 0. 3. 0. 1.]]",0,1,25,23,6,4,perdido,0
184,10,6.0,aleatoria,4,3,C:\Users\sescu\AppData\Local\Temp\_fp_repo\analisis\..\tableros\tablero_final.txt,3420008128027789332,"[[2. 2. 5. 2. 2. 2.]
 [0. 2. 2. 0. 2. 2.]
 [2. 2. 2. 2. 2. 5.]
 [5. 2. 0. 2. 2. 2.]
 [0. 2. 0. 2. 2. 2.]
 [0. 2. 2. 2. 2. 2.]
 [0. 0. 0. 0. 2. 2.]
 [5. 5. 0. 4. 3. 2.]]",0,3,29,31,6,4,perdido,0
185,10,6.0,aleatoria,4,4,C:\Users\sescu\AppData\Local\Temp\_fp_repo\analisis\..\tableros\tablero_final.txt,3420008128027789332,"[[0. 2. 0. 0. 2. 3.]
 [5. 2. 0. 5. 0. 2.]
 [5. 2. 2. 2. 2. 2.]
 [2. 2. 2. 0. 0. 2.]
 [2. 2. 2. 0. 2. 0.]
 [5. 2. 0. 0. 0. 0.]
 [0. 2. 2. 1. 0. 3.]
 [5. 2. 2. 3. 0. 0.]]",0,0,24,24,6,4,perdido,0
186,10,6.0,aleatoria,6,2,C:\Users\sescu\AppData\Local\Temp\_fp_repo\analisis\..\tableros\tablero_final.txt,3420008128027789332,"[[2. 2. 0. 4. 5. 5.]
 [2. 2. 2. 2. 2. 2.]
 [5. 2. 2. 2. 2. 2.]
 [0. 2. 2. 2. 2. 2.]
 [0. 2. 2. 2. 2. 2.]
 [5. 2. 2. 0. 2. 2.]
 [1. 0. 2. 2. 2. 3.]
 [5. 2. 2. 3. 2. 2.]]",0,1,31,35,6,6,perdido,0
187,10,5.0,aleatoria,6,3,C:\Users\sescu\AppData\Local\Temp\_fp_repo\analisis\..\tableros\tablero_final.txt,3420008128027789332,"[[3. 2. 2. 0. 2. 2.]
 [2. 2. 2. 2. 5. 2.]
 [5. 2. 2. 2. 2. 5.]
 [2. 0. 0. 2. 2. 2.]
 [3. 1. 0. 2. 2. 2.]
 [5. 2. 2. 2. 0. 0.]
 [2. 2. 2. 2. 0. 3.]
 [5. 2. 0. 2. 1. 1.]]",0,3,34,31,5,6,perdido,0
188,10,7.0,aleatoria,6,4,C:\Users\sescu\AppData\Local\Temp\_fp_repo\analisis\..\tableros\tablero_final.txt,3420008128027789332,"[[2. 2. 1. 1. 0. 3.]
 [0. 2. 1. 5. 0. 0.]
 [5. 2. 0. 2. 5. 5.]
 [2. 2. 3. 2. 2. 2.]
 [2. 2. 3. 2. 2. 2.]
 [1. 2. 2. 2. 0. 2.]
 [5. 2. 0. 2. 2. 2.]
 [1. 0. 5. 2. 2. 0.]]",0,3,25,27,7,6,perdido,0
189,10,60.0,mejorada,2,2,C:\Users\sescu\AppData\Local\Temp\_fp_repo\analisis\..\tableros\tablero_final.txt,3420008128027789332,"[[0. 0. 0. 0. 1. 0.]
 [0. 0. 1. 0. 0. 0.]
 [5. 0. 0. 5. 0. 0.]
 [0. 0. 2. 0. 0. 0.]
 [1. 0. 0. 0. 0. 1.]
 [2. 2. 0. 5. 0. 0.]
 [0. 0. 5. 0. 5. 0.]
 [5. 0. 0. 0. 0. 0.]]",6,4,10,3,60,2,perdido,0
190,10,22.0,mejorada,2,3,C:\Users\sescu\AppData\Local\Temp\_fp_repo\analisis\..\tableros\tablero_final.txt,3420008128027789332,"[[0. 1. 0. 1. 0. 1.]
 [0. 1. 0. 0. 0. 0.]
 [5. 0. 0. 0. 0. 0.]
 [0. 0. 1. 5. 5. 0.]
 [0. 0. 0. 0. 0. 3.]
 [0. 5. 0. 0. 1. 0.]
 [0. 0. 1. 0. 0. 3.]
 [0. 5. 0. 3. 0. 1.]]",7,0,11,0,22,2,ganado,1
191,10,32.0,mejorada,2,4,C:\Users\sescu\AppData\Local\Temp\_fp_repo\analisis\..\tableros\tablero_final.txt,3420008128027789332,"[[2. 2. 0. 0. 0. 0.]
 [0. 0. 0. 0. 0. 0.]
 [0. 0. 2. 0. 0. 0.]
 [0. 0. 2. 0. 0. 0.]
 [0. 0. 2. 0. 5. 1.]
 [1. 0. 0. 0. 2. 0.]
 [0. 0. 0. 2. 2. 2.]
 [5. 5. 0. 2. 2. 2.]]",5,5,15,12,32,2,perdido,0
192,10,28.0,mejorada,4,2,C:\Users\sescu\AppData\Local\Temp\_fp_repo\analisis\..\tableros\tablero_final.txt,3420008128027789332,"[[1. 1. 0. 0. 1. 0.]
 [0. 1. 0. 5. 0. 0.]
 [1. 1. 1. 0. 0. 5.]
 [0. 0. 1. 1. 1. 0.]
 [0. 1. 5. 0. 5. 0.]
 [0. 2. 1. 1. 0. 1.]
 [1. 0. 1. 0. 0. 0.]
 [5. 5. 0. 0. 0. 0.]]",6,3,26,1,28,4,perdido,0
193,10,15.0,mejorada,4,3,C:\Users\sescu\AppData\Local\Temp\_fp_repo\analisis\..\tableros\tablero_final.txt,3420008128027789332,"[[1. 0. 0. 0. 0. 0.]
 [0. 0. 0. 0. 0. 0.]
 [5. 2. 0. 2. 0. 5.]
 [0. 2. 1. 2. 0. 0.]
 [2. 2. 0. 2. 0. 5.]
 [1. 2. 0. 2. 0. 5.]
 [0. 0. 1. 2. 0. 1.]
 [0. 5. 0. 2. 0. 3.]]",4,4,14,11,15,4,perdido,0
194,10,8.0,mejorada,4,4,C:\Users\sescu\AppData\Local\Temp\_fp_repo\analisis\..\tableros\tablero_final.txt,3420008128027789332,"[[3. 1. 2. 2. 2. 2.]
 [0. 0. 2. 2. 2. 2.]
 [5. 1. 0. 0. 2. 5.]
 [0. 5. 2. 0. 2. 3.]
 [0. 0. 2. 1. 2. 0.]
 [0. 0. 0. 0. 0. 0.]
 [0. 0. 5. 1. 2. 2.]
 [5. 0. 0. 3. 2. 2.]]",1,4,17,18,8,4,perdido,0
195,10,9.0,mejorada,6,2,C:\Users\sescu\AppData\Local\Temp\_fp_repo\analisis\..\tableros\tablero_final.txt,3420008128027789332,"[[2. 0. 0. 0. 0. 2.]
 [2. 2. 0. 2. 2. 2.]
 [2. 0. 0. 2. 2. 5.]
 [2. 0. 2. 2. 2. 2.]
 [0. 2. 2. 2. 2. 3.]
 [0. 0. 2. 2. 2. 2.]
 [5. 0. 2. 3. 2. 2.]
 [5. 0. 0. 3. 2. 2.]]",1,1,28,29,9,6,perdido,0
196,10,6.0,mejorada,6,3,C:\Users\sescu\AppData\Local\Temp\_fp_repo\analisis\..\tableros\tablero_final.txt,3420008128027789332,"[[0. 2. 0. 0. 0. 1.]
 [0. 2. 0. 0. 2. 0.]
 [5. 0. 2. 2. 2. 0.]
 [5. 0. 3. 2. 3. 2.]
 [5. 5. 2. 0. 3. 2.]
 [0. 0. 0. 0. 2. 2.]
 [0. 0. 5. 2. 2. 2.]
 [5. 0. 1. 2. 2. 2.]]",1,5,16,18,6,6,perdido,0
197,10,6.0,mejorada,6,4,C:\Users\sescu\AppData\Local\Temp\_fp_repo\analisis\..\tableros\tablero_final.txt,3420008128027789332,"[[0. 2. 2. 0. 2. 2.]
 [5. 2. 0. 2. 2. 2.]
 [5. 2. 2. 2. 2. 2.]
 [2. 2. 2. 2. 2. 2.]
 [2. 2. 2. 2. 2. 2.]
 [0. 2. 5. 2. 2. 2.]
 [0. 0. 0. 0. 2. 3.]
 [5. 0. 0. 3. 2. 3.]]",1,2,27,32,6,6,perdido,0
198,11,13.0,aleatoria,2,2,C:\Users\sescu\AppData\Local\Temp\_fp_repo\analisis\..\tableros\tablero_final.txt,8547898282882222422,"[[0. 0. 0. 1. 0. 1.]
 [0. 0. 0. 3. 0. 0.]
 [0. 5. 0. 0. 0. 1.]
 [3. 0. 1. 0. 2. 2.]
 [2. 0. 5. 5. 5. 2.]
 [0. 0. 0. 0. 2. 2.]
 [0. 0. 0. 5. 5. 2.]
 [0. 0. 0. 4. 1. 0.]]",0,1,26,7,13,2,perdido,0
199,11,12.0,aleatoria,2,3,C:\Users\sescu\AppData\Local\Temp\_fp_repo\analisis\..\tableros\tablero_final.txt,8547898282882222422,"[[0. 3. 0. 0. 0. 0.]
 [0. 2. 0. 5. 1. 4.]
 [5. 0. 0. 0. 5. 0.]
 [0. 0. 0. 5. 0. 0.]
 [2. 2. 0. 0. 5. 0.]
 [0. 1. 5. 0. 2. 0.]
 [0. 0. 0. 0. 2. 2.]
 [0. 0. 0. 3. 2. 2.]]",2,1,25,8,12,2,perdido,0
200,11,13.0,aleatoria,2,4,C:\Users\sescu\AppData\Local\Temp\_fp_repo\analisis\..\tableros\tablero_final.txt,8547898282882222422,"[[2. 2. 0. 0. 5. 0.]
 [2. 2. 2. 0. 0. 0.]
 [2. 2. 2. 0. 0. 1.]
 [2. 0. 0. 2. 2. 2.]
 [2. 2. 0. 0. 0. 2.]
 [1. 2. 5. 5. 0. 0.]
 [0. 0. 0. 1. 0. 3.]
 [0. 5. 5. 3. 0. 1.]]",0,0,24,16,13,2,perdido,0
201,11,11.0,aleatoria,4,2,C:\Users\sescu\AppData\Local\Temp\_fp_repo\analisis\..\tableros\tablero_final.txt,8547898282882222422,"[[2. 2. 2. 2. 0. 0.]
 [5. 2. 2. 0. 0. 2.]
 [0. 2. 5. 0. 2. 2.]
 [0. 2. 1. 5. 2. 2.]
 [2. 2. 0. 5. 0. 2.]
 [0. 3. 1. 0. 1. 0.]
 [0. 0. 0. 2. 0. 3.]
 [0. 5. 2. 2. 3. 0.]]",0,2,24,19,11,4,perdido,0
202,11,8.0,aleatoria,4,3,C:\Users\sescu\AppData\Local\Temp\_fp_repo\analisis\..\tableros\tablero_final.txt,8547898282882222422,"[[2. 2. 0. 0. 2. 2.]
 [0. 2. 5. 2. 2. 0.]
 [5. 2. 2. 2. 2. 2.]
 [5. 2. 5. 2. 2. 5.]
 [2. 2. 2. 2. 2. 0.]
 [2. 2. 2. 0. 1. 1.]
 [0. 2. 2. 2. 0. 3.]
 [0. 5. 2. 3. 1. 0.]]",0,1,26,28,8,4,perdido,0
203,11,5.0,aleatoria,4,4,C:\Users\sescu\AppData\Local\Temp\_fp_repo\analisis\..\tableros\tablero_final.txt,8547898282882222422,"[[5. 2. 2. 2. 2. 2.]
 [0. 2. 2. 2. 2. 2.]
 [5. 2. 2. 2. 2. 2.]
 [2. 2. 2. 2. 2. 2.]
 [2. 2. 2. 0. 2. 2.]
 [2. 2. 1. 5. 0. 0.]
 [2. 5. 0. 0. 0. 3.]
 [0. 0. 4. 3. 2. 0.]]",0,0,28,30,5,4,perdido,0
204,11,6.0,aleatoria,6,2,C:\Users\sescu\AppData\Local\Temp\_fp_repo\analisis\..\tableros\tablero_final.txt,8547898282882222422,"[[2. 2. 0. 2. 0. 1.]
 [2. 2. 2. 2. 5. 0.]
 [5. 2. 0. 0. 3. 0.]
 [2. 2. 2. 5. 2. 2.]
 [2. 2. 2. 3. 0. 2.]
 [2. 2. 0. 0. 2. 2.]
 [0. 5. 5. 1. 2. 2.]
 [0. 0. 1. 3. 2. 2.]]",0,2,24,26,6,6,perdido,0
205,11,4.0,aleatoria,6,3,C:\Users\sescu\AppData\Local\Temp\_fp_repo\analisis\..\tableros\tablero_final.txt,8547898282882222422,"[[0. 0. 2. 2. 5. 2.]
 [0. 1. 0. 2. 2. 2.]
 [5. 0. 0. 2. 2. 5.]
 [2. 5. 0. 0. 2. 2.]
 [2. 2. 1. 0. 3. 2.]
 [0. 2. 1. 3. 2. 2.]
 [2. 0. 0. 0. 2. 2.]
 [0. 5. 1. 5. 2. 0.]]",0,4,17,23,4,6,perdido,0
206,11,6.0,aleatoria,6,4,C:\Users\sescu\AppData\Local\Temp\_fp_repo\analisis\..\tableros\tablero_final.txt,8547898282882222422,"[[2. 2. 2. 0. 5. 0.]
 [0. 2. 2. 2. 2. 2.]
 [2. 2. 2. 2. 2. 2.]
 [5. 0. 0. 2. 2. 2.]
 [5. 0. 2. 2. 2. 0.]
 [2. 2. 2. 0. 0. 0.]
 [2. 2. 2. 0. 0. 3.]
 [5. 2. 2. 3. 3. 1.]]",0,0,24,29,6,6,perdido,0
207,11,23.0,mejorada,2,2,C:\Users\sescu\AppData\Local\Temp\_fp_repo\analisis\..\tableros\tablero_final.txt,8547898282882222422,"[[0. 0. 0. 0. 0. 0.]
 [0. 0. 0. 3. 0. 0.]
 [0. 0. 4. 5. 0. 0.]
 [0. 0. 0. 3. 5. 0.]
 [0. 1. 5. 0. 2. 2.]
 [1. 2. 1. 0. 2. 2.]
 [0. 5. 0. 2. 0. 2.]
 [5. 0. 0. 2. 2. 2.]]",3,4,13,10,23,2,perdido,0
208,11,59.0,mejorada,2,3,C:\Users\sescu\AppData\Local\Temp\_fp_repo\analisis\..\tableros\tablero_final.txt,8547898282882222422,"[[0. 0. 0. 5. 5. 0.]
 [1. 1. 0. 0. 0. 0.]
 [1. 0. 5. 0. 0. 1.]
 [0. 0. 0. 0. 0. 1.]
 [0. 0. 0. 1. 1. 1.]
 [0. 0. 0. 0. 0. 0.]
 [5. 1. 0. 2. 0. 0.]
 [5. 0. 0. 2. 1. 1.]]",6,4,20,2,59,2,perdido,0
209,11,23.0,mejorada,2,4,C:\Users\sescu\AppData\Local\Temp\_fp_repo\analisis\..\tableros\tablero_final.txt,8547898282882222422,"[[2. 0. 2. 2. 2. 2.]
 [2. 0. 2. 0. 0. 0.]
 [0. 2. 2. 5. 5. 5.]
 [0. 0. 0. 0. 0. 2.]
 [0. 0. 0. 5. 0. 2.]
 [0. 2. 0. 0. 0. 0.]
 [1. 0. 5. 0. 0. 2.]
 [0. 5. 1. 3. 0. 2.]]",7,2,18,14,23,2,ganado,1
210,11,21.0,mejorada,4,2,C:\Users\sescu\AppData\Local\Temp\_fp_repo\analisis\..\tableros\tablero_final.txt,8547898282882222422,"[[1. 1. 2. 2. 2. 2.]
 [1. 0. 0. 2. 0. 2.]
 [0. 0. 0. 1. 0. 5.]
 [0. 0. 0. 1. 5. 0.]
 [0. 1. 0. 0. 0. 0.]
 [0. 0. 0. 0. 5. 0.]
 [0. 0. 0. 1. 2. 0.]
 [5. 5. 1. 3. 2. 2.]]",6,3,27,10,21,4,perdido,0
211,11,15.0,mejorada,4,3,C:\Users\sescu\AppData\Local\Temp\_fp_repo\analisis\..\tableros\tablero_final.txt,8547898282882222422,"[[2. 0. 2. 2. 2. 2.]
 [2. 2. 2. 2. 5. 0.]
 [5. 2. 0. 0. 0. 0.]
 [2. 2. 2. 2. 0. 5.]
 [2. 2. 2. 2. 2. 2.]
 [0. 2. 0. 0. 5. 0.]
 [5. 3. 1. 0. 4. 0.]
 [5. 0. 0. 3. 1. 1.]]",3,0,25,22,15,4,perdido,0
212,11,9.0,mejorada,4,4,C:\Users\sescu\AppData\Local\Temp\_fp_repo\analisis\..\tableros\tablero_final.txt,8547898282882222422,"[[0. 2. 5. 1. 0. 2.]
 [2. 2. 0. 0. 2. 2.]
 [5. 5. 0. 0. 2. 5.]
 [0. 0. 2. 0. 2. 2.]
 [2. 0. 2. 2. 2. 2.]
 [2. 2. 1. 0. 2. 2.]
 [1. 5. 0. 0. 0. 3.]
 [5. 0. 1. 3. 1. 1.]]",4,2,24,20,9,4,perdido,0
213,11,14.0,mejorada,6,2,C:\Users\sescu\AppData\Local\Temp\_fp_repo\analisis\..\tableros\tablero_final.txt,8547898282882222422,"[[0. 3. 0. 5. 5. 0.]
 [0. 1. 0. 0. 5. 2.]
 [2. 0. 0. 0. 0. 0.]
 [0. 0. 1. 0. 2. 2.]
 [0. 0. 5. 2. 2. 2.]
 [2. 2. 1. 0. 2. 2.]
 [0. 0. 0. 2. 2. 2.]
 [5. 5. 1. 2. 2. 2.]]",4,4,23,17,14,6,perdido,0
214,11,10.0,mejorada,6,3,C:\Users\sescu\AppData\Local\Temp\_fp_repo\analisis\..\tableros\tablero_final.txt,8547898282882222422,"[[0. 1. 0. 2. 2. 2.]
 [0. 5. 0. 2. 2. 2.]
 [5. 0. 5. 2. 2. 3.]
 [0. 0. 2. 2. 2. 2.]
 [2. 2. 2. 2. 2. 2.]
 [3. 0. 2. 2. 2. 2.]
 [0. 0. 0. 2. 2. 2.]
 [5. 5. 0. 3. 2. 2.]]",1,3,30,27,10,6,perdido,0
215,11,5.0,mejorada,6,4,C:\Users\sescu\AppData\Local\Temp\_fp_repo\analisis\..\tableros\tablero_final.txt,8547898282882222422,"[[0. 5. 1. 0. 2. 2.]
 [0. 0. 0. 3. 2. 2.]
 [5. 5. 2. 2. 2. 5.]
 [0. 0. 2. 2. 2. 2.]
 [0. 0. 0. 2. 2. 2.]
 [2. 3. 0. 0. 2. 0.]
 [0. 5. 0. 2. 2. 2.]
 [5. 0. 1. 2. 2. 2.]]",0,5,10,23,5,6,perdido,0
216,12,9.0,aleatoria,2,2,C:\Users\sescu\AppData\Local\Temp\_fp_repo\analisis\..\tableros\tablero_final.txt,5938607544058144514,"[[2. 2. 5. 0. 0. 0.]
 [2. 2. 1. 5. 5. 0.]
 [2. 0. 0. 1. 5. 0.]
 [2. 3. 0. 0. 2. 2.]
 [2. 2. 2. 0. 0. 0.]
 [5. 3. 0. 0. 0. 0.]
 [0. 2. 2. 0. 5. 4.]
 [0. 2. 2. 0. 0. 0.]]",1,1,24,15,9,2,perdido,0
217,12,11.0,aleatoria,2,3,C:\Users\sescu\AppData\Local\Temp\_fp_repo\analisis\..\tableros\tablero_final.txt,5938607544058144514,"[[0. 1. 0. 5. 2. 2.]
 [0. 0. 2. 0. 2. 2.]
 [0. 2. 2. 2. 2. 2.]
 [3. 2. 5. 0. 2. 3.]
 [0. 0. 0. 0. 2. 0.]
 [2. 2. 5. 0. 5. 0.]
 [2. 2. 0. 1. 5. 0.]
 [2. 0. 0. 3. 5. 0.]]",0,0,25,18,11,2,perdido,0
218,12,10.0,aleatoria,2,4,C:\Users\sescu\AppData\Local\Temp\_fp_repo\analisis\..\tableros\tablero_final.txt,5938607544058144514,"[[2. 2. 2. 0. 0. 1.]
 [0. 2. 5. 3. 0. 0.]
 [0. 2. 2. 0. 0. 2.]
 [2. 2. 0. 5. 5. 0.]
 [5. 0. 0. 0. 0. 3.]
 [1. 1. 0. 0. 0. 1.]
 [0. 0. 0. 0. 0. 5.]
 [0. 0. 0. 5. 0. 0.]]",0,0,24,9,10,2,perdido,0
219,12,10.0,aleatoria,4,2,C:\Users\sescu\AppData\Local\Temp\_fp_repo\analisis\..\tableros\tablero_final.txt,5938607544058144514,"[[2. 2. 0. 5. 5. 2.]
 [2. 2. 0. 4. 0. 0.]
 [5. 0. 0. 5. 1. 0.]
 [2. 0. 3. 2. 3. 2.]
 [0. 0. 1. 2. 1. 0.]
 [0. 2. 0. 2. 2. 2.]
 [0. 0. 2. 2. 2. 2.]
 [0. 5. 2. 2. 2. 0.]]",0,2,27,21,10,4,perdido,0
220,12,8.0,aleatoria,4,3,C:\Users\sescu\AppData\Local\Temp\_fp_repo\analisis\..\tableros\tablero_final.txt,5938607544058144514,"[[2. 2. 5. 2. 5. 0.]
 [2. 2. 2. 2. 2. 0.]
 [5. 2. 2. 2. 2. 2.]
 [2. 2. 0. 0. 2. 2.]
 [2. 0. 2. 0. 2. 2.]
 [5. 2. 2. 2. 2. 2.]
 [0. 0. 0. 2. 3. 2.]
 [5. 3. 0. 3. 0. 2.]]",1,4,29,30,8,4,perdido,0
221,12,7.0,aleatoria,4,4,C:\Users\sescu\AppData\Local\Temp\_fp_repo\analisis\..\tableros\tablero_final.txt,5938607544058144514,"[[2. 2. 2. 2. 2. 2.]
 [5. 0. 2. 0. 5. 2.]
 [5. 2. 2. 2. 2. 2.]
 [2. 0. 0. 2. 2. 2.]
 [2. 2. 5. 2. 2. 0.]
 [2. 2. 1. 3. 1. 0.]
 [5. 2. 0. 1. 0. 3.]
 [0. 0. 0. 3. 0. 0.]]",0,0,27,24,7,4,perdido,0
222,12,4.0,aleatoria,6,2,C:\Users\sescu\AppData\Local\Temp\_fp_repo\analisis\..\tableros\tablero_final.txt,5938607544058144514,"[[2. 2. 0. 2. 5. 2.]
 [3. 2. 2. 2. 2. 2.]
 [0. 2. 5. 2. 2. 5.]
 [2. 2. 0. 0. 2. 2.]
 [2. 0. 0. 5. 2. 2.]
 [0. 5. 0. 1. 0. 1.]
 [2. 0. 0. 0. 1. 3.]
 [2. 2. 0. 3. 1. 1.]]",0,1,30,24,4,6,perdido,0
223,12,5.0,aleatoria,6,3,C:\Users\sescu\AppData\Local\Temp\_fp_repo\analisis\..\tableros\tablero_final.txt,5938607544058144514,"[[2. 2. 2. 5. 0. 0.]
 [2. 2. 2. 2. 2. 5.]
 [5. 2. 2. 2. 2. 5.]
 [2. 2. 3. 2. 2. 2.]
 [2. 2. 2. 2. 2. 2.]
 [0. 2. 2. 2. 2. 2.]
 [2. 2. 5. 0. 2. 3.]
 [5. 0. 0. 3. 2. 0.]]",0,0,29,35,5,6,perdido,0
224,12,4.0,aleatoria,6,4,C:\Users\sescu\AppData\Local\Temp\_fp_repo\analisis\..\tableros\tablero_final.txt,5938607544058144514,"[[2. 2. 1. 0. 0. 2.]
 [0. 2. 0. 5. 2. 0.]
 [5. 2. 2. 3. 2. 5.]
 [0. 0. 1. 0. 2. 2.]
 [1. 0. 5. 0. 2. 2.]
 [0. 2. 0. 0. 0. 0.]
 [2. 0. 2. 0. 1. 3.]
 [5. 2. 2. 3. 0. 1.]]",0,0,25,20,4,6,perdido,0
225,12,64.0,mejorada,2,2,C:\Users\sescu\AppData\Local\Temp\_fp_repo\analisis\..\tableros\tablero_final.txt,5938607544058144514,"[[0. 0. 0. 0. 5. 0.]
 [0. 1. 0. 0. 5. 1.]
 [5. 0. 0. 0. 5. 0.]
 [0. 0. 0. 0. 0. 0.]
 [0. 0. 0. 0. 1. 0.]
 [2. 0. 1. 0. 0. 0.]
 [0. 5. 0. 0. 0. 0.]
 [5. 0. 1. 0. 0. 0.]]",6,4,17,1,64,2,perdido,0
226,12,26.0,mejorada,2,3,C:\Users\sescu\AppData\Local\Temp\_fp_repo\analisis\..\tableros\tablero_final.txt,5938607544058144514,"[[0. 0. 0. 0. 0. 0.]
 [0. 0. 0. 0. 0. 0.]
 [5. 0. 1. 0. 0. 0.]
 [5. 5. 0. 0. 0. 0.]
 [0. 0. 0. 0. 1. 1.]
 [0. 0. 0. 0. 2. 0.]
 [5. 0. 0. 0. 2. 3.]
 [5. 0. 1. 2. 0. 3.]]",7,2,15,3,26,2,ganado,1
227,12,22.0,mejorada,2,4,C:\Users\sescu\AppData\Local\Temp\_fp_repo\analisis\..\tableros\tablero_final.txt,5938607544058144514,"[[2. 2. 0. 0. 0. 0.]
 [0. 0. 0. 1. 5. 1.]
 [5. 0. 0. 0. 0. 0.]
 [0. 1. 0. 0. 0. 0.]
 [0. 0. 0. 0. 0. 0.]
 [0. 0. 1. 2. 0. 0.]
 [0. 5. 0. 2. 2. 2.]
 [5. 0. 5. 2. 0. 0.]]",6,4,19,7,22,2,perdido,0
228,12,16.0,mejorada,4,2,C:\Users\sescu\AppData\Local\Temp\_fp_repo\analisis\..\tableros\tablero_final.txt,5938607544058144514,"[[0. 1. 0. 0. 3. 0.]
 [5. 1. 1. 0. 0. 0.]
 [0. 1. 5. 0. 0. 0.]
 [0. 0. 1. 0. 0. 0.]
 [2. 2. 0. 0. 0. 0.]
 [0. 0. 0. 5. 2. 2.]
 [0. 0. 5. 5. 2. 2.]
 [5. 0. 0. 1. 2. 2.]]",4,4,10,8,16,4,perdido,0
229,12,15.0,mejorada,4,3,C:\Users\sescu\AppData\Local\Temp\_fp_repo\analisis\..\tableros\tablero_final.txt,5938607544058144514,"[[0. 0. 5. 2. 0. 2.]
 [0. 5. 5. 0. 2. 2.]
 [0. 0. 5. 2. 2. 2.]
 [0. 0. 1. 0. 0. 2.]
 [0. 1. 1. 0. 0. 2.]
 [0. 0. 2. 2. 0. 0.]
 [0. 5. 0. 2. 1. 1.]
 [1. 1. 5. 2. 0. 0.]]",7,3,25,13,15,4,perdido,0
230,12,8.0,mejorada,4,4,C:\Users\sescu\AppData\Local\Temp\_fp_repo\analisis\..\tableros\tablero_final.txt,5938607544058144514,"[[0. 0. 3. 5. 5. 0.]
 [0. 0. 2. 2. 2. 2.]
 [5. 0. 2. 2. 2. 5.]
 [0. 2. 0. 2. 2. 2.]
 [1. 0. 0. 2. 2. 2.]
 [3. 0. 0. 2. 2. 2.]
 [1. 5. 0. 2. 2. 2.]
 [5. 0. 1. 2. 2. 2.]]",3,5,26,25,8,4,perdido,0
231,12,9.0,mejorada,6,2,C:\Users\sescu\AppData\Local\Temp\_fp_repo\analisis\..\tableros\tablero_final.txt,5938607544058144514,"[[0. 0. 0. 0. 0. 0.]
 [1. 0. 5. 0. 0. 0.]
 [0. 3. 2. 0. 5. 2.]
 [5. 0. 2. 2. 0. 2.]
 [1. 5. 2. 2. 2. 2.]
 [0. 5. 2. 2. 3. 2.]
 [0. 0. 2. 2. 0. 2.]
 [3. 1. 0. 2. 2. 2.]]",0,5,17,18,9,6,perdido,0
232,12,8.0,mejorada,6,3,C:\Users\sescu\AppData\Local\Temp\_fp_repo\analisis\..\tableros\tablero_final.txt,5938607544058144514,"[[3. 1. 2. 2. 2. 5.]
 [0. 0. 2. 2. 2. 2.]
 [5. 0. 5. 2. 2. 2.]
 [0. 0. 2. 2. 2. 2.]
 [0. 0. 2. 2. 2. 2.]
 [1. 0. 2. 2. 2. 2.]
 [2. 0. 2. 1. 2. 5.]
 [1. 0. 2. 3. 2. 3.]]",1,3,24,27,8,6,perdido,0
233,12,5.0,mejorada,6,4,C:\Users\sescu\AppData\Local\Temp\_fp_repo\analisis\..\tableros\tablero_final.txt,5938607544058144514,"[[2. 2. 2. 2. 5. 2.]
 [0. 2. 0. 2. 2. 2.]
 [5. 2. 2. 2. 2. 2.]
 [2. 2. 2. 0. 0. 2.]
 [2. 2. 2. 2. 2. 2.]
 [0. 2. 1. 0. 0. 1.]
 [0. 2. 0. 3. 1. 3.]
 [5. 0. 0. 3. 1. 0.]]",0,0,27,27,5,6,perdido,0
234,13,11.0,aleatoria,2,2,C:\Users\sescu\AppData\Local\Temp\_fp_repo\analisis\..\tableros\tablero_final.txt,7588636456839696474,"[[0. 2. 0. 5. 0. 0.]
 [2. 2. 0. 0. 0. 0.]
 [3. 2. 0. 0. 0. 5.]
 [2. 2. 0. 1. 0. 0.]
 [0. 0. 3. 0. 1. 5.]
 [0. 2. 0. 0. 0. 1.]
 [0. 0. 5. 5. 1. 3.]
 [0. 5. 0. 0. 0. 2.]]",1,0,24,8,11,2,perdido,0
235,13,6.0,aleatoria,2,3,C:\Users\sescu\AppData\Local\Temp\_fp_repo\analisis\..\tableros\tablero_final.txt,7588636456839696474,"[[2. 2. 2. 5. 0. 2.]
 [2. 2. 0. 0. 0. 0.]
 [2. 3. 5. 1. 0. 0.]
 [2. 2. 0. 5. 0. 2.]
 [2. 5. 0. 0. 0. 0.]
 [0. 5. 0. 0. 0. 0.]
 [0. 0. 0. 1. 1. 3.]
 [5. 0. 0. 3. 0. 1.]]",0,0,28,11,6,2,perdido,0
236,13,11.0,aleatoria,2,4,C:\Users\sescu\AppData\Local\Temp\_fp_repo\analisis\..\tableros\tablero_final.txt,7588636456839696474,"[[0. 0. 2. 0. 0. 0.]
 [0. 5. 2. 5. 2. 2.]
 [2. 2. 2. 2. 2. 2.]
 [0. 0. 2. 2. 0. 2.]
 [0. 0. 5. 3. 0. 0.]
 [0. 0. 0. 2. 1. 5.]
 [1. 5. 5. 0. 1. 3.]
 [0. 0. 0. 3. 0. 1.]]",0,0,24,14,11,2,perdido,0
237,13,9.0,aleatoria,4,2,C:\Users\sescu\AppData\Local\Temp\_fp_repo\analisis\..\tableros\tablero_final.txt,7588636456839696474,"[[2. 2. 5. 2. 5. 0.]
 [2. 2. 2. 2. 2. 2.]
 [5. 2. 2. 3. 2. 2.]
 [2. 2. 5. 2. 2. 2.]
 [2. 2. 1. 2. 2. 2.]
 [2. 0. 5. 5. 2. 0.]
 [0. 2. 0. 3. 2. 2.]
 [0. 0. 0. 3. 2. 0.]]",0,3,33,31,9,4,perdido,0
238,13,10.0,aleatoria,4,3,C:\Users\sescu\AppData\Local\Temp\_fp_repo\analisis\..\tableros\tablero_final.txt,7588636456839696474,"[[2. 2. 0. 0. 2. 2.]
 [2. 3. 2. 0. 0. 2.]
 [5. 2. 3. 2. 0. 2.]
 [2. 2. 5. 2. 2. 2.]
 [2. 0. 5. 5. 0. 2.]
 [0. 1. 3. 2. 2. 0.]
 [0. 5. 0. 2. 2. 2.]
 [0. 0. 0. 5. 2. 2.]]",1,2,26,25,10,4,perdido,0
239,13,7.0,aleatoria,4,4,C:\Users\sescu\AppData\Local\Temp\_fp_repo\analisis\..\tableros\tablero_final.txt,7588636456839696474,"[[0. 2. 0. 0. 0. 2.]
 [0. 2. 0. 5. 2. 0.]
 [0. 0. 0. 2. 2. 5.]
 [2. 0. 0. 5. 2. 2.]
 [2. 0. 0. 1. 2. 2.]
 [5. 5. 1. 0. 2. 2.]
 [0. 0. 1. 3. 2. 2.]
 [0. 0. 1. 3. 2. 2.]]",0,1,26,19,7,4,perdido,0
240,13,7.0,aleatoria,6,2,C:\Users\sescu\AppData\Local\Temp\_fp_repo\analisis\..\tableros\tablero_final.txt,7588636456839696474,"[[2. 2. 2. 2. 5. 2.]
 [2. 2. 2. 2. 2. 2.]
 [5. 2. 2. 2. 2. 2.]
 [2. 2. 2. 2. 2. 2.]
 [2. 2. 2. 3. 2. 2.]
 [2. 2. 2. 5. 2. 2.]
 [0. 5. 0. 2. 2. 2.]
 [5. 0. 0. 3. 2. 2.]]",0,2,31,39,7,6,perdido,0
241,13,4.0,aleatoria,6,3,C:\Users\sescu\AppData\Local\Temp\_fp_repo\analisis\..\tableros\tablero_final.txt,7588636456839696474,"[[5. 2. 2. 2. 5. 2.]
 [2. 2. 2. 2. 2. 2.]
 [5. 2. 2. 2. 2. 2.]
 [5. 2. 2. 2. 0. 2.]
 [2. 2. 2. 2. 0. 2.]
 [0. 2. 5. 0. 0. 1.]
 [1. 1. 0. 3. 0. 3.]
 [0. 0. 5. 3. 0. 0.]]",0,0,25,26,4,6,perdido,0
242,13,5.0,aleatoria,6,4,C:\Users\sescu\AppData\Local\Temp\_fp_repo\analisis\..\tableros\tablero_final.txt,7588636456839696474,"[[2. 0. 2. 0. 5. 2.]
 [2. 2. 2. 0. 2. 5.]
 [2. 2. 2. 2. 2. 2.]
 [5. 0. 5. 0. 0. 2.]
 [1. 0. 0. 1. 1. 0.]
 [0. 2. 2. 1. 0. 0.]
 [5. 0. 5. 1. 3. 3.]
 [2. 2. 0. 3. 1. 1.]]",0,1,28,19,5,6,perdido,0
243,13,21.0,mejorada,2,2,C:\Users\sescu\AppData\Local\Temp\_fp_repo\analisis\..\tableros\tablero_final.txt,7588636456839696474,"[[0. 0. 0. 0. 1. 0.]
 [0. 5. 5. 0. 5. 0.]
 [1. 0. 5. 0. 0. 1.]
 [0. 1. 1. 0. 2. 2.]
 [0. 1. 1. 1. 2. 2.]
 [1. 1. 0. 0. 2. 0.]
 [1. 0. 0. 1. 2. 3.]
 [5. 5. 1. 3. 0. 1.]]",7,0,5,6,21,2,ganado,1
244,13,91.0,mejorada,2,3,C:\Users\sescu\AppData\Local\Temp\_fp_repo\analisis\..\tableros\tablero_final.txt,7588636456839696474,"[[2. 0. 0. 0. 0. 0.]
 [2. 2. 0. 0. 0. 0.]
 [2. 0. 5. 0. 0. 0.]
 [0. 0. 5. 0. 0. 0.]
 [1. 1. 0. 5. 0. 0.]
 [0. 0. 0. 0. 0. 0.]
 [5. 0. 5. 0. 0. 0.]
 [0. 0. 0. 0. 0. 0.]]",5,3,25,4,91,2,perdido,0
245,13,28.0,mejorada,2,4,C:\Users\sescu\AppData\Local\Temp\_fp_repo\analisis\..\tableros\tablero_final.txt,7588636456839696474,"[[2. 2. 2. 2. 0. 0.]
 [2. 2. 2. 2. 2. 2.]
 [5. 2. 2. 2. 2. 5.]
 [2. 0. 2. 2. 2. 2.]
 [0. 5. 0. 2. 2. 2.]
 [3. 0. 2. 2. 5. 3.]
 [1. 0. 0. 2. 1. 3.]
 [5. 0. 1. 2. 0. 1.]]",0,1,27,28,28,2,perdido,0
246,13,21.0,mejorada,4,2,C:\Users\sescu\AppData\Local\Temp\_fp_repo\analisis\..\tableros\tablero_final.txt,7588636456839696474,"[[0. 0. 0. 0. 0. 0.]
 [1. 0. 0. 0. 0. 0.]
 [1. 0. 0. 5. 0. 3.]
 [0. 0. 1. 5. 2. 2.]
 [0. 0. 0. 5. 0. 2.]
 [1. 0. 0. 2. 2. 2.]
 [0. 5. 0. 1. 2. 3.]
 [5. 0. 0. 3. 2. 2.]]",3,4,15,9,21,4,perdido,0
247,13,27.0,mejorada,4,3,C:\Users\sescu\AppData\Local\Temp\_fp_repo\analisis\..\tableros\tablero_final.txt,7588636456839696474,"[[2. 0. 0. 0. 0. 0.]
 [0. 5. 0. 0. 0. 0.]
 [5. 0. 0. 1. 0. 0.]
 [0. 2. 0. 5. 5. 0.]
 [2. 2. 1. 0. 0. 0.]
 [2. 2. 0. 0. 0. 1.]
 [2. 2. 2. 2. 1. 0.]
 [0. 0. 2. 2. 5. 0.]]",5,4,23,12,27,4,perdido,0
248,13,9.0,mejorada,4,4,C:\Users\sescu\AppData\Local\Temp\_fp_repo\analisis\..\tableros\tablero_final.txt,7588636456839696474,"[[0. 0. 5. 2. 2. 3.]
 [0. 0. 2. 2. 2. 2.]
 [5. 0. 0. 0. 2. 5.]
 [0. 0. 5. 2. 2. 2.]
 [0. 0. 1. 2. 2. 2.]
 [3. 0. 0. 2. 2. 2.]
 [5. 5. 1. 0. 2. 2.]
 [0. 0. 0. 3. 0. 2.]]",2,4,27,20,9,4,perdido,0
249,13,14.0,mejorada,6,2,C:\Users\sescu\AppData\Local\Temp\_fp_repo\analisis\..\tableros\tablero_final.txt,7588636456839696474,"[[1. 0. 0. 2. 0. 0.]
 [0. 1. 0. 0. 0. 0.]
 [0. 5. 0. 0. 0. 0.]
 [1. 5. 1. 5. 2. 2.]
 [5. 0. 1. 3. 2. 0.]
 [3. 0. 1. 0. 2. 2.]
 [0. 0. 1. 2. 2. 2.]
 [5. 5. 0. 2. 2. 2.]]",1,3,26,12,14,6,perdido,0
250,13,6.0,mejorada,6,3,C:\Users\sescu\AppData\Local\Temp\_fp_repo\analisis\..\tableros\tablero_final.txt,7588636456839696474,"[[2. 2. 5. 2. 5. 2.]
 [0. 0. 0. 0. 2. 2.]
 [0. 0. 0. 5. 2. 0.]
 [0. 0. 0. 1. 0. 2.]
 [5. 0. 2. 0. 0. 3.]
 [1. 0. 0. 2. 2. 2.]
 [1. 1. 5. 2. 2. 2.]
 [5. 3. 0. 3. 2. 2.]]",3,3,24,18,6,6,perdido,0
251,13,7.0,mejorada,6,4,C:\Users\sescu\AppData\Local\Temp\_fp_repo\analisis\..\tableros\tablero_final.txt,7588636456839696474,"[[2. 2. 2. 2. 2. 2.]
 [2. 2. 2. 2. 2. 2.]
 [5. 2. 2. 2. 2. 5.]
 [5. 2. 3. 3. 2. 2.]
 [0. 0. 2. 2. 2. 2.]
 [0. 5. 0. 2. 0. 3.]
 [0. 0. 0. 2. 0. 2.]
 [1. 0. 0. 2. 0. 2.]]",2,4,35,30,7,6,perdido,0
252,14,11.0,aleatoria,2,2,C:\Users\sescu\AppData\Local\Temp\_fp_repo\analisis\..\tableros\tablero_final.txt,4089774122208370449,"[[0. 0. 0. 0. 0. 3.]
 [5. 5. 0. 2. 2. 2.]
 [0. 5. 2. 2. 2. 0.]
 [0. 0. 5. 2. 2. 2.]
 [0. 0. 0. 2. 2. 0.]
 [5. 3. 0. 0. 1. 0.]
 [0. 0. 5. 2. 0. 3.]
 [0. 0. 0. 2. 0. 1.]]",0,2,25,13,11,2,perdido,0
253,14,12.0,aleatoria,2,3,C:\Users\sescu\AppData\Local\Temp\_fp_repo\analisis\..\tableros\tablero_final.txt,4089774122208370449,"[[0. 2. 2. 5. 5. 0.]
 [2. 2. 2. 2. 2. 2.]
 [5. 2. 2. 2. 2. 2.]
 [0. 2. 0. 2. 0. 2.]
 [0. 2. 0. 2. 0. 2.]
 [0. 2. 2. 2. 2. 0.]
 [0. 3. 5. 2. 3. 3.]
 [5. 0. 0. 2. 0. 0.]]",0,3,26,26,12,2,perdido,0
254,14,13.0,aleatoria,2,4,C:\Users\sescu\AppData\Local\Temp\_fp_repo\analisis\..\tableros\tablero_final.txt,4089774122208370449,"[[0. 2. 1. 0. 0. 0.]
 [1. 0. 0. 0. 0. 5.]
 [0. 0. 0. 0. 0. 0.]
 [5. 0. 0. 0. 0. 0.]
 [1. 1. 5. 0. 5. 5.]
 [5. 3. 0. 1. 1. 1.]
 [0. 0. 0. 0. 0. 3.]
 [0. 0. 0. 0. 3. 1.]]",0,0,24,1,13,2,perdido,0
255,14,7.0,aleatoria,4,2,C:\Users\sescu\AppData\Local\Temp\_fp_repo\analisis\..\tableros\tablero_final.txt,4089774122208370449,"[[0. 5. 2. 2. 5. 2.]
 [0. 0. 5. 0. 2. 2.]
 [0. 2. 5. 0. 0. 2.]
 [2. 2. 0. 0. 2. 2.]
 [2. 0. 0. 2. 0. 3.]
 [0. 2. 0. 2. 2. 0.]
 [1. 5. 0. 2. 3. 3.]
 [0. 2. 2. 2. 0. 0.]]",1,2,24,21,7,4,perdido,0
256,14,5.0,aleatoria,4,3,C:\Users\sescu\AppData\Local\Temp\_fp_repo\analisis\..\tableros\tablero_final.txt,4089774122208370449,"[[0. 1. 0. 2. 5. 2.]
 [0. 1. 2. 2. 2. 2.]
 [5. 0. 2. 2. 2. 0.]
 [2. 2. 5. 0. 2. 2.]
 [2. 0. 0. 0. 0. 0.]
 [0. 2. 0. 2. 0. 1.]
 [3. 0. 0. 0. 0. 3.]
 [1. 5. 5. 3. 0. 0.]]",0,0,25,18,5,4,perdido,0
257,14,7.0,aleatoria,4,4,C:\Users\sescu\AppData\Local\Temp\_fp_repo\analisis\..\tableros\tablero_final.txt,4089774122208370449,"[[5. 2. 0. 2. 0. 3.]
 [2. 2. 2. 2. 5. 2.]
 [5. 2. 2. 2. 2. 3.]
 [5. 2. 2. 2. 2. 2.]
 [0. 2. 2. 2. 2. 2.]
 [2. 2. 0. 0. 0. 2.]
 [2. 0. 1. 1. 0. 2.]
 [0. 1. 0. 3. 0. 0.]]",0,2,24,26,7,4,perdido,0
258,14,5.0,aleatoria,6,2,C:\Users\sescu\AppData\Local\Temp\_fp_repo\analisis\..\tableros\tablero_final.txt,4089774122208370449,"[[2. 2. 2. 2. 5. 2.]
 [2. 0. 2. 2. 2. 2.]
 [5. 2. 5. 2. 2. 2.]
 [2. 2. 0. 0. 0. 2.]
 [2. 4. 5. 2. 0. 0.]
 [0. 2. 1. 2. 3. 3.]
 [2. 2. 0. 0. 2. 2.]
 [5. 2. 2. 2. 2. 0.]]",0,3,24,32,5,6,perdido,0
259,14,5.0,aleatoria,6,3,C:\Users\sescu\AppData\Local\Temp\_fp_repo\analisis\..\tableros\tablero_final.txt,4089774122208370449,"[[0. 0. 0. 1. 3. 2.]
 [0. 5. 5. 0. 0. 5.]
 [2. 5. 2. 2. 0. 2.]
 [2. 0. 0. 2. 2. 2.]
 [2. 2. 2. 2. 2. 2.]
 [0. 2. 5. 2. 2. 2.]
 [0. 5. 1. 0. 2. 2.]
 [0. 3. 0. 2. 3. 2.]]",0,2,28,23,5,6,perdido,0
260,14,4.0,aleatoria,6,4,C:\Users\sescu\AppData\Local\Temp\_fp_repo\analisis\..\tableros\tablero_final.txt,4089774122208370449,"[[5. 0. 2. 2. 2. 2.]
 [0. 2. 2. 2. 2. 2.]
 [5. 2. 2. 2. 2. 2.]
 [2. 2. 2. 0. 0. 2.]
 [2. 2. 2. 2. 5. 0.]
 [1. 2. 0. 2. 2. 2.]
 [0. 5. 5. 1. 0. 3.]
 [0. 0. 0. 3. 0. 0.]]",0,0,28,26,4,6,perdido,0
261,14,45.0,mejorada,2,2,C:\Users\sescu\AppData\Local\Temp\_fp_repo\analisis\..\tableros\tablero_final.txt,4089774122208370449,"[[5. 0. 0. 3. 0. 0.]
 [0. 0. 5. 0. 0. 1.]
 [3. 0. 0. 0. 0. 0.]
 [0. 0. 5. 3. 0. 0.]
 [0. 5. 0. 0. 0. 0.]
 [1. 5. 0. 1. 2. 2.]
 [0. 0. 5. 2. 2. 2.]
 [1. 0. 0. 2. 2. 2.]]",2,4,9,8,45,2,perdido,0
262,14,55.0,mejorada,2,3,C:\Users\sescu\AppData\Local\Temp\_fp_repo\analisis\..\tableros\tablero_final.txt,4089774122208370449,"[[0. 0. 0. 0. 5. 0.]
 [0. 0. 0. 0. 5. 2.]
 [0. 0. 5. 0. 0. 0.]
 [0. 0. 1. 0. 0. 0.]
 [0. 1. 0. 0. 0. 1.]
 [2. 0. 1. 0. 0. 0.]
 [0. 5. 0. 0. 0. 0.]
 [5. 1. 1. 0. 0. 0.]]",6,4,16,2,55,2,perdido,0
263,14,13.0,mejorada,2,4,C:\Users\sescu\AppData\Local\Temp\_fp_repo\analisis\..\tableros\tablero_final.txt,4089774122208370449,"[[0. 1. 0. 0. 5. 0.]
 [0. 0. 1. 0. 2. 0.]
 [0. 0. 0. 0. 0. 2.]
 [0. 0. 5. 0. 0. 0.]
 [0. 0. 2. 2. 2. 0.]
 [1. 2. 0. 2. 1. 1.]
 [0. 0. 3. 0. 0. 3.]
 [5. 5. 0. 3. 0. 1.]]",7,1,12,8,13,2,ganado,1
264,14,21.0,mejorada,4,2,C:\Users\sescu\AppData\Local\Temp\_fp_repo\analisis\..\tableros\tablero_final.txt,4089774122208370449,"[[0. 0. 0. 5. 0. 1.]
 [1. 0. 3. 0. 0. 1.]
 [5. 1. 1. 0. 5. 0.]
 [0. 0. 0. 0. 1. 0.]
 [2. 2. 2. 1. 0. 0.]
 [0. 0. 1. 0. 3. 1.]
 [5. 0. 5. 0. 0. 0.]
 [0. 0. 0. 0. 1. 3.]]",2,5,21,3,21,4,perdido,0
265,14,14.0,mejorada,4,3,C:\Users\sescu\AppData\Local\Temp\_fp_repo\analisis\..\tableros\tablero_final.txt,4089774122208370449,"[[0. 0. 0. 0. 5. 0.]
 [0. 2. 0. 0. 0. 0.]
 [5. 0. 0. 0. 0. 0.]
 [0. 0. 0. 5. 3. 2.]
 [0. 0. 1. 0. 0. 2.]
 [2. 0. 0. 5. 2. 2.]
 [1. 0. 0. 2. 2. 2.]
 [5. 5. 0. 2. 2. 2.]]",7,2,12,12,14,4,ganado,1
266,14,11.0,mejorada,4,4,C:\Users\sescu\AppData\Local\Temp\_fp_repo\analisis\..\tableros\tablero_final.txt,4089774122208370449,"[[0. 0. 5. 2. 2. 2.]
 [0. 0. 2. 2. 2. 2.]
 [5. 5. 0. 2. 2. 5.]
 [1. 0. 0. 2. 2. 2.]
 [0. 2. 2. 2. 2. 0.]
 [1. 0. 0. 2. 2. 2.]
 [0. 5. 0. 3. 2. 2.]
 [5. 0. 1. 3. 2. 3.]]",2,3,27,23,11,4,perdido,0
267,14,13.0,mejorada,6,2,C:\Users\sescu\AppData\Local\Temp\_fp_repo\analisis\..\tableros\tablero_final.txt,4089774122208370449,"[[2. 2. 0. 1. 5. 2.]
 [0. 0. 0. 0. 2. 0.]
 [5. 0. 2. 2. 5. 0.]
 [2. 0. 2. 0. 0. 5.]
 [2. 0. 2. 2. 2. 0.]
 [2. 0. 0. 3. 1. 0.]
 [0. 5. 0. 1. 0. 0.]
 [5. 0. 0. 3. 0. 0.]]",2,1,24,13,13,6,perdido,0
268,14,7.0,mejorada,6,3,C:\Users\sescu\AppData\Local\Temp\_fp_repo\analisis\..\tableros\tablero_final.txt,4089774122208370449,"[[2. 2. 2. 2. 5. 2.]
 [0. 2. 2. 2. 2. 2.]
 [5. 2. 2. 2. 2. 2.]
 [0. 2. 2. 2. 2. 2.]
 [0. 0. 0. 2. 2. 0.]
 [3. 1. 0. 2. 2. 2.]
 [1. 0. 5. 0. 0. 2.]
 [5. 3. 0. 3. 0. 2.]]",0,2,26,28,7,6,perdido,0
269,14,9.0,mejorada,6,4,C:\Users\sescu\AppData\Local\Temp\_fp_repo\analisis\..\tableros\tablero_final.txt,4089774122208370449,"[[0. 2. 2. 2. 2. 2.]
 [5. 3. 2. 2. 2. 2.]
 [5. 5. 0. 2. 2. 2.]
 [0. 3. 2. 2. 2. 2.]
 [2. 2. 0. 2. 2. 5.]
 [0. 0. 2. 2. 2. 2.]
 [3. 0. 0. 2. 2. 2.]
 [5. 1. 0. 2. 2. 2.]]",1,3,37,30,9,6,perdido,0
270,15,9.0,aleatoria,2,2,C:\Users\sescu\AppData\Local\Temp\_fp_repo\analisis\..\tableros\tablero_final.txt,2095907272200333468,"[[0. 0. 0. 2. 0. 2.]
 [1. 0. 2. 2. 2. 2.]
 [0. 5. 2. 2. 2. 2.]
 [0. 0. 3. 2. 0. 2.]
 [5. 5. 0. 2. 0. 0.]
 [0. 5. 2. 2. 1. 0.]
 [0. 5. 0. 2. 0. 3.]
 [5. 0. 0. 2. 0. 3.]]",0,1,26,17,9,2,perdido,0
271,15,13.0,aleatoria,2,3,C:\Users\sescu\AppData\Local\Temp\_fp_repo\analisis\..\tableros\tablero_final.txt,2095907272200333468,"[[0. 0. 0. 5. 0. 5.]
 [0. 0. 5. 0. 0. 0.]
 [0. 0. 0. 0. 5. 0.]
 [1. 0. 0. 0. 2. 2.]
 [0. 0. 2. 0. 0. 2.]
 [0. 2. 2. 0. 0. 1.]
 [2. 0. 5. 0. 3. 3.]
 [0. 1. 5. 0. 0. 0.]]",0,0,25,7,13,2,perdido,0
272,15,10.0,aleatoria,2,4,C:\Users\sescu\AppData\Local\Temp\_fp_repo\analisis\..\tableros\tablero_final.txt,2095907272200333468,"[[5. 1. 0. 0. 0. 0.]
 [0. 0. 0. 0. 5. 0.]
 [2. 0. 0. 0. 3. 5.]
 [2. 3. 1. 0. 0. 2.]
 [2. 2. 0. 0. 1. 0.]
 [0. 5. 0. 1. 0. 2.]
 [0. 0. 0. 5. 0. 0.]
 [0. 0. 5. 4. 0. 0.]]",0,1,24,6,10,2,perdido,0
273,15,8.0,aleatoria,4,2,C:\Users\sescu\AppData\Local\Temp\_fp_repo\analisis\..\tableros\tablero_final.txt,2095907272200333468,"[[2. 2. 0. 0. 0. 3.]
 [2. 2. 0. 0. 5. 2.]
 [5. 0. 0. 0. 5. 2.]
 [0. 0. 0. 0. 2. 2.]
 [2. 2. 5. 1. 2. 2.]
 [2. 5. 0. 0. 2. 2.]
 [1. 0. 0. 1. 2. 2.]
 [3. 0. 0. 3. 2. 2.]]",0,2,26,19,8,4,perdido,0
274,15,10.0,aleatoria,4,3,C:\Users\sescu\AppData\Local\Temp\_fp_repo\analisis\..\tableros\tablero_final.txt,2095907272200333468,"[[1. 1. 0. 5. 0. 0.]
 [5. 0. 3. 2. 0. 5.]
 [0. 0. 2. 2. 0. 5.]
 [0. 2. 0. 2. 2. 2.]
 [2. 2. 0. 2. 3. 2.]
 [5. 0. 2. 2. 2. 2.]
 [0. 0. 0. 2. 0. 2.]
 [0. 5. 0. 2. 2. 2.]]",1,3,24,20,10,4,perdido,0
275,15,8.0,aleatoria,4,4,C:\Users\sescu\AppData\Local\Temp\_fp_repo\analisis\..\tableros\tablero_final.txt,2095907272200333468,"[[0. 0. 2. 2. 2. 2.]
 [0. 0. 0. 0. 2. 5.]
 [5. 5. 2. 0. 0. 5.]
 [2. 2. 0. 2. 2. 2.]
 [2. 2. 3. 0. 0. 2.]
 [2. 2. 0. 2. 1. 1.]
 [0. 2. 5. 1. 0. 3.]
 [0. 0. 0. 3. 0. 0.]]",0,1,27,19,8,4,perdido,0
276,15,5.0,aleatoria,6,2,C:\Users\sescu\AppData\Local\Temp\_fp_repo\analisis\..\tableros\tablero_final.txt,2095907272200333468,"[[3. 0. 5. 0. 0. 0.]
 [0. 0. 5. 0. 0. 2.]
 [2. 0. 0. 2. 2. 5.]
 [2. 0. 1. 3. 0. 2.]
 [2. 2. 5. 0. 2. 2.]
 [2. 2. 0. 5. 2. 2.]
 [2. 2. 2. 1. 2. 2.]
 [5. 2. 0. 3. 0. 0.]]",0,1,26,22,5,6,perdido,0
277,15,6.0,aleatoria,6,3,C:\Users\sescu\AppData\Local\Temp\_fp_repo\analisis\..\tableros\tablero_final.txt,2095907272200333468,"[[2. 2. 2. 2. 5. 2.]
 [2. 2. 2. 2. 2. 2.]
 [5. 2. 2. 2. 2. 5.]
 [2. 2. 0. 2. 2. 2.]
 [2. 0. 0. 2. 2. 2.]
 [0. 2. 2. 2. 2. 0.]
 [0. 0. 2. 2. 2. 3.]
 [0. 5. 5. 3. 0. 1.]]",0,2,31,34,6,6,perdido,0
278,15,6.0,aleatoria,6,4,C:\Users\sescu\AppData\Local\Temp\_fp_repo\analisis\..\tableros\tablero_final.txt,2095907272200333468,"[[2. 2. 2. 2. 4. 2.]
 [2. 2. 2. 2. 2. 2.]
 [5. 0. 0. 2. 2. 5.]
 [0. 2. 0. 2. 2. 2.]
 [2. 2. 2. 0. 2. 2.]
 [2. 2. 0. 2. 1. 1.]
 [2. 2. 2. 1. 1. 3.]
 [5. 2. 0. 3. 0. 0.]]",0,0,26,32,6,6,perdido,0
279,15,23.0,mejorada,2,2,C:\Users\sescu\AppData\Local\Temp\_fp_repo\analisis\..\tableros\tablero_final.txt,2095907272200333468,"[[1. 0. 0. 0. 0. 0.]
 [1. 0. 0. 0. 0. 0.]
 [0. 0. 0. 3. 2. 0.]
 [0. 0. 0. 1. 2. 2.]
 [0. 5. 0. 0. 2. 3.]
 [2. 0. 0. 0. 2. 2.]
 [5. 5. 0. 5. 2. 3.]
 [1. 0. 1. 0. 0. 1.]]",4,4,9,8,23,2,perdido,0
280,15,31.0,mejorada,2,3,C:\Users\sescu\AppData\Local\Temp\_fp_repo\analisis\..\tableros\tablero_final.txt,2095907272200333468,"[[0. 0. 0. 5. 0. 0.]
 [0. 0. 0. 0. 0. 0.]
 [0. 0. 0. 0. 5. 0.]
 [0. 0. 0. 5. 2. 2.]
 [1. 0. 0. 2. 2. 2.]
 [0. 0. 1. 0. 2. 2.]
 [5. 0. 0. 2. 2. 2.]
 [5. 1. 1. 3. 2. 2.]]",6,2,26,12,31,2,perdido,0
281,15,23.0,mejorada,2,4,C:\Users\sescu\AppData\Local\Temp\_fp_repo\analisis\..\tableros\tablero_final.txt,2095907272200333468,"[[5. 0. 0. 1. 0. 0.]
 [0. 3. 0. 0. 1. 0.]
 [5. 5. 0. 2. 0. 0.]
 [2. 2. 2. 2. 0. 0.]
 [2. 2. 2. 2. 2. 2.]
 [2. 2. 5. 2. 2. 2.]
 [0. 5. 0. 2. 2. 2.]
 [1. 0. 0. 2. 3. 0.]]",4,3,28,20,23,2,perdido,0
282,15,17.0,mejorada,4,2,C:\Users\sescu\AppData\Local\Temp\_fp_repo\analisis\..\tableros\tablero_final.txt,2095907272200333468,"[[0. 1. 0. 0. 0. 0.]
 [0. 0. 0. 0. 0. 1.]
 [1. 0. 0. 0. 0. 5.]
 [0. 0. 0. 0. 2. 3.]
 [0. 1. 0. 0. 3. 2.]
 [1. 0. 0. 5. 2. 2.]
 [0. 0. 5. 0. 2. 2.]
 [5. 0. 0. 5. 2. 2.]]",5,3,24,8,17,4,perdido,0
283,15,16.0,mejorada,4,3,C:\Users\sescu\AppData\Local\Temp\_fp_repo\analisis\..\tableros\tablero_final.txt,2095907272200333468,"[[2. 2. 0. 5. 2. 2.]
 [2. 2. 0. 0. 2. 0.]
 [5. 2. 0. 1. 0. 0.]
 [2. 2. 0. 5. 0. 0.]
 [0. 2. 0. 5. 0. 1.]
 [3. 2. 2. 0. 0. 0.]
 [0. 2. 3. 0. 0. 0.]
 [5. 0. 0. 3. 5. 0.]]",5,1,28,14,16,4,perdido,0
284,15,12.0,mejorada,4,4,C:\Users\sescu\AppData\Local\Temp\_fp_repo\analisis\..\tableros\tablero_final.txt,2095907272200333468,"[[0. 0. 0. 2. 5. 2.]
 [0. 2. 2. 2. 2. 2.]
 [5. 2. 0. 2. 2. 2.]
 [0. 0. 0. 0. 0. 2.]
 [0. 2. 3. 2. 0. 0.]
 [2. 0. 0. 2. 3. 2.]
 [2. 2. 0. 1. 0. 2.]
 [5. 5. 0. 3. 2. 2.]]",0,5,16,23,12,4,perdido,0
285,15,15.0,mejorada,6,2,C:\Users\sescu\AppData\Local\Temp\_fp_repo\analisis\..\tableros\tablero_final.txt,2095907272200333468,"[[1. 1. 0. 1. 5. 1.]
 [0. 0. 5. 0. 5. 0.]
 [0. 0. 1. 0. 1. 0.]
 [1. 0. 0. 2. 0. 2.]
 [0. 0. 1. 2. 2. 2.]
 [2. 2. 0. 2. 2. 2.]
 [0. 0. 5. 2. 2. 2.]
 [5. 0. 3. 2. 2. 2.]]",7,3,15,16,15,6,ganado,1
286,15,9.0,mejorada,6,3,C:\Users\sescu\AppData\Local\Temp\_fp_repo\analisis\..\tableros\tablero_final.txt,2095907272200333468,"[[2. 0. 3. 2. 5. 2.]
 [2. 2. 0. 2. 5. 0.]
 [2. 5. 3. 0. 1. 0.]
 [0. 0. 0. 5. 0. 0.]
 [0. 0. 3. 2. 0. 0.]
 [2. 5. 2. 2. 2. 2.]
 [0. 0. 0. 2. 2. 2.]
 [5. 0. 2. 2. 2. 2.]]",1,5,24,20,9,6,perdido,0
287,15,4.0,mejorada,6,4,C:\Users\sescu\AppData\Local\Temp\_fp_repo\analisis\..\tableros\tablero_final.txt,2095907272200333468,"[[2. 2. 2. 2. 0. 2.]
 [2. 2. 2. 2. 2. 0.]
 [5. 2. 3. 2. 2. 5.]
 [2. 2. 0. 2. 3. 2.]
 [2. 2. 2. 2. 2. 2.]
 [0. 2. 0. 2. 2. 2.]
 [0. 5. 0. 2. 0. 3.]
 [5. 0. 0. 2. 0. 0.]]",0,4,22,31,4,6,perdido,0
288,16,13.0,aleatoria,2,2,C:\Users\sescu\AppData\Local\Temp\_fp_repo\analisis\..\tableros\tablero_final.txt,5115141816626912272,"[[0. 2. 5. 0. 5. 2.]
 [0. 2. 0. 0. 0. 2.]
 [2. 2. 2. 5. 0. 0.]
 [0. 2. 0. 0. 0. 1.]
 [1. 0. 0. 5. 2. 3.]
 [1. 0. 0. 0. 5. 0.]
 [1. 0. 5. 0. 0. 4.]
 [0. 0. 0. 4. 0. 0.]]",0,0,25,9,13,2,perdido,0
289,16,15.0,aleatoria,2,3,C:\Users\sescu\AppData\Local\Temp\_fp_repo\analisis\..\tableros\tablero_final.txt,5115141816626912272,"[[0. 5. 0. 0. 0. 5.]
 [0. 1. 0. 1. 0. 0.]
 [0. 0. 0. 3. 0. 0.]
 [0. 0. 0. 0. 0. 1.]
 [1. 1. 3. 5. 0. 0.]
 [0. 0. 0. 5. 0. 0.]
 [0. 1. 5. 3. 1. 0.]
 [0. 0. 0. 5. 0. 2.]]",0,0,24,1,15,2,perdido,0
290,16,10.0,aleatoria,2,4,C:\Users\sescu\AppData\Local\Temp\_fp_repo\analisis\..\tableros\tablero_final.txt,5115141816626912272,"[[2. 2. 5. 0. 1. 1.]
 [2. 5. 0. 0. 0. 0.]
 [0. 0. 5. 0. 0. 0.]
 [0. 0. 5. 0. 2. 2.]
 [1. 0. 1. 0. 0. 2.]
 [3. 1. 0. 0. 1. 0.]
 [0. 1. 0. 1. 0. 3.]
 [0. 0. 0. 5. 0. 0.]]",0,0,24,6,10,2,perdido,0
291,16,7.0,aleatoria,4,2,C:\Users\sescu\AppData\Local\Temp\_fp_repo\analisis\..\tableros\tablero_final.txt,5115141816626912272,"[[1. 5. 0. 1. 5. 0.]
 [0. 5. 0. 5. 2. 2.]
 [2. 2. 0. 2. 2. 2.]
 [2. 2. 2. 2. 2. 2.]
 [2. 2. 2. 0. 2. 0.]
 [2. 2. 0. 5. 5. 1.]
 [1. 3. 0. 2. 0. 3.]
 [4. 0. 0. 2. 0. 1.]]",0,1,25,21,7,4,perdido,0
292,16,8.0,aleatoria,4,3,C:\Users\sescu\AppData\Local\Temp\_fp_repo\analisis\..\tableros\tablero_final.txt,5115141816626912272,"[[0. 2. 0. 1. 0. 2.]
 [0. 2. 5. 0. 0. 2.]
 [0. 0. 0. 2. 2. 2.]
 [0. 0. 5. 2. 2. 2.]
 [1. 0. 5. 2. 2. 2.]
 [1. 1. 0. 2. 0. 1.]
 [5. 5. 2. 1. 0. 3.]
 [0. 0. 3. 3. 0. 1.]]",0,0,24,15,8,4,perdido,0
293,16,6.0,aleatoria,4,4,C:\Users\sescu\AppData\Local\Temp\_fp_repo\analisis\..\tableros\tablero_final.txt,5115141816626912272,"[[2. 2. 0. 0. 0. 2.]
 [2. 2. 2. 2. 2. 2.]
 [5. 0. 2. 2. 2. 5.]
 [2. 2. 5. 3. 2. 2.]
 [0. 5. 1. 1. 0. 2.]
 [0. 2. 0. 0. 0. 0.]
 [1. 0. 5. 0. 0. 3.]
 [0. 1. 0. 3. 1. 0.]]",0,0,24,19,6,4,perdido,0
294,16,6.0,aleatoria,6,2,C:\Users\sescu\AppData\Local\Temp\_fp_repo\analisis\..\tableros\tablero_final.txt,5115141816626912272,"[[3. 2. 3. 2. 5. 2.]
 [5. 2. 2. 2. 2. 0.]
 [5. 2. 2. 2. 2. 2.]
 [2. 0. 2. 2. 2. 2.]
 [2. 2. 2. 2. 2. 2.]
 [5. 2. 1. 2. 2. 2.]
 [0. 0. 1. 0. 2. 2.]
 [0. 0. 0. 3. 2. 0.]]",0,1,29,31,6,6,perdido,0
295,16,5.0,aleatoria,6,3,C:\Users\sescu\AppData\Local\Temp\_fp_repo\analisis\..\tableros\tablero_final.txt,5115141816626912272,"[[2. 2. 2. 2. 5. 2.]
 [0. 2. 2. 2. 2. 2.]
 [5. 2. 2. 2. 3. 2.]
 [0. 0. 2. 2. 2. 2.]
 [0. 2. 5. 2. 2. 3.]
 [0. 2. 0. 0. 2. 3.]
 [2. 2. 2. 2. 2. 2.]
 [5. 2. 2. 2. 2. 2.]]",0,6,30,36,5,6,perdido,0
296,16,7.0,aleatoria,6,4,C:\Users\sescu\AppData\Local\Temp\_fp_repo\analisis\..\tableros\tablero_final.txt,5115141816626912272,"[[2. 2. 0. 2. 5. 2.]
 [2. 2. 2. 2. 2. 2.]
 [5. 2. 2. 2. 2. 2.]
 [2. 2. 0. 3. 2. 0.]
 [2. 0. 5. 3. 0. 0.]
 [2. 2. 2. 1. 2. 2.]
 [2. 2. 0. 0. 2. 2.]
 [2. 5. 5. 3. 2. 0.]]",0,3,30,31,7,6,perdido,0
297,16,42.0,mejorada,2,2,C:\Users\sescu\AppData\Local\Temp\_fp_repo\analisis\..\tableros\tablero_final.txt,5115141816626912272,"[[0. 0. 0. 0. 0. 0.]
 [0. 1. 0. 0. 0. 0.]
 [5. 0. 0. 0. 0. 0.]
 [5. 5. 0. 5. 0. 0.]
 [0. 0. 0. 0. 0. 1.]
 [2. 0. 1. 2. 0. 0.]
 [0. 1. 0. 0. 2. 0.]
 [5. 0. 0. 0. 2. 2.]]",6,4,19,5,42,2,perdido,0
298,16,29.0,mejorada,2,3,C:\Users\sescu\AppData\Local\Temp\_fp_repo\analisis\..\tableros\tablero_final.txt,5115141816626912272,"[[0. 0. 0. 1. 5. 1.]
 [5. 0. 0. 1. 0. 1.]
 [0. 0. 0. 0. 0. 1.]
 [0. 0. 0. 0. 3. 2.]
 [0. 1. 1. 1. 2. 2.]
 [3. 2. 0. 5. 2. 2.]
 [0. 0. 5. 2. 2. 2.]
 [5. 1. 0. 2. 3. 2.]]",2,4,6,11,29,2,perdido,0
299,16,16.0,mejorada,2,4,C:\Users\sescu\AppData\Local\Temp\_fp_repo\analisis\..\tableros\tablero_final.txt,5115141816626912272,"[[1. 1. 0. 0. 5. 0.]
 [0. 5. 5. 0. 0. 3.]
 [1. 0. 0. 0. 0. 5.]
 [1. 0. 0. 0. 0. 0.]
 [0. 0. 1. 0. 0. 0.]
 [0. 1. 0. 1. 1. 5.]
 [0. 0. 1. 0. 0. 5.]
 [0. 1. 0. 3. 2. 2.]]",7,2,17,2,16,2,ganado,1
300,16,27.0,mejorada,4,2,C:\Users\sescu\AppData\Local\Temp\_fp_repo\analisis\..\tableros\tablero_final.txt,5115141816626912272,"[[0. 0. 0. 0. 0. 0.]
 [0. 0. 0. 2. 2. 0.]
 [0. 5. 5. 5. 2. 5.]
 [3. 0. 0. 0. 0. 0.]
 [0. 0. 0. 0. 0. 0.]
 [1. 0. 0. 0. 0. 0.]
 [0. 5. 1. 0. 0. 0.]
 [5. 0. 0. 3. 3. 0.]]",4,4,20,3,27,4,perdido,0
301,16,15.0,mejorada,4,3,C:\Users\sescu\AppData\Local\Temp\_fp_repo\analisis\..\tableros\tablero_final.txt,5115141816626912272,"[[1. 0. 1. 1. 0. 1.]
 [0. 0. 1. 1. 5. 3.]
 [1. 0. 0. 1. 0. 5.]
 [0. 0. 5. 0. 2. 2.]
 [0. 0. 0. 0. 2. 0.]
 [2. 0. 0. 5. 2. 2.]
 [0. 5. 0. 0. 2. 2.]
 [5. 0. 0. 0. 2. 2.]]",3,4,21,10,15,4,perdido,0
302,16,8.0,mejorada,4,4,C:\Users\sescu\AppData\Local\Temp\_fp_repo\analisis\..\tableros\tablero_final.txt,5115141816626912272,"[[2. 2. 2. 2. 2. 2.]
 [2. 2. 2. 2. 2. 2.]
 [5. 2. 2. 2. 2. 5.]
 [3. 2. 2. 2. 2. 2.]
 [0. 2. 2. 2. 2. 2.]
 [0. 5. 0. 2. 0. 1.]
 [0. 0. 0. 0. 0. 3.]
 [5. 0. 0. 3. 1. 0.]]",2,1,26,29,8,4,perdido,0
303,16,12.0,mejorada,6,2,C:\Users\sescu\AppData\Local\Temp\_fp_repo\analisis\..\tableros\tablero_final.txt,5115141816626912272,"[[2. 2. 2. 0. 1. 1.]
 [3. 2. 2. 0. 0. 0.]
 [2. 2. 2. 2. 5. 0.]
 [2. 2. 2. 2. 0. 0.]
 [2. 2. 3. 5. 0. 5.]
 [2. 2. 0. 5. 5. 5.]
 [0. 0. 0. 0. 0. 0.]
 [0. 3. 0. 2. 2. 2.]]",3,3,27,20,12,6,perdido,0
304,16,7.0,mejorada,6,3,C:\Users\sescu\AppData\Local\Temp\_fp_repo\analisis\..\tableros\tablero_final.txt,5115141816626912272,"[[0. 0. 2. 2. 2. 2.]
 [2. 2. 2. 2. 2. 2.]
 [5. 2. 2. 5. 0. 5.]
 [0. 2. 1. 0. 2. 2.]
 [1. 0. 1. 5. 3. 2.]
 [2. 2. 2. 0. 0. 2.]
 [0. 5. 0. 0. 1. 3.]
 [5. 0. 1. 3. 1. 0.]]",2,1,26,20,7,6,perdido,0
305,16,6.0,mejorada,6,4,C:\Users\sescu\AppData\Local\Temp\_fp_repo\analisis\..\tableros\tablero_final.txt,5115141816626912272,"[[2. 2. 2. 2. 5. 2.]
 [2. 2. 2. 2. 2. 2.]
 [5. 2. 2. 2. 2. 5.]
 [2. 2. 2. 2. 2. 2.]
 [2. 2. 2. 2. 2. 0.]
 [0. 2. 0. 2. 0. 0.]
 [0. 5. 0. 3. 1. 3.]
 [5. 0. 0. 3. 1. 1.]]",4,1,28,31,6,6,perdido,0
306,17,11.0,aleatoria,2,2,C:\Users\sescu\AppData\Local\Temp\_fp_repo\analisis\..\tableros\tablero_final.txt,588610295420051415,"[[0. 0. 2. 2. 5. 0.]
 [0. 0. 0. 3. 0. 5.]
 [1. 0. 0. 0. 0. 0.]
 [0. 0. 0. 0. 5. 5.]
 [5. 0. 0. 0. 0. 0.]
 [0. 0. 0. 5. 0. 0.]
 [0. 0. 1. 0. 0. 4.]
 [2. 0. 1. 4. 0. 0.]]",0,0,24,3,11,2,perdido,0
307,17,10.0,aleatoria,2,3,C:\Users\sescu\AppData\Local\Temp\_fp_repo\analisis\..\tableros\tablero_final.txt,588610295420051415,"[[0. 2. 0. 0. 2. 2.]
 [2. 2. 0. 5. 0. 0.]
 [3. 3. 0. 0. 0. 0.]
 [2. 0. 0. 0. 0. 2.]
 [0. 0. 5. 5. 2. 2.]
 [5. 0. 0. 5. 0. 0.]
 [0. 0. 0. 1. 2. 2.]
 [1. 0. 0. 3. 0. 2.]]",0,2,24,12,10,2,perdido,0
308,17,12.0,aleatoria,2,4,C:\Users\sescu\AppData\Local\Temp\_fp_repo\analisis\..\tableros\tablero_final.txt,588610295420051415,"[[2. 2. 2. 0. 3. 0.]
 [2. 2. 0. 0. 0. 0.]
 [5. 0. 0. 0. 5. 4.]
 [0. 2. 0. 0. 5. 0.]
 [0. 0. 2. 0. 5. 0.]
 [0. 0. 0. 0. 2. 2.]
 [0. 5. 0. 0. 0. 2.]
 [0. 0. 0. 3. 0. 2.]]",1,2,24,12,12,2,perdido,0
309,17,5.0,aleatoria,4,2,C:\Users\sescu\AppData\Local\Temp\_fp_repo\analisis\..\tableros\tablero_final.txt,588610295420051415,"[[2. 2. 2. 0. 5. 2.]
 [2. 2. 2. 2. 2. 2.]
 [5. 0. 2. 2. 2. 2.]
 [0. 0. 5. 2. 2. 2.]
 [2. 2. 0. 2. 2. 2.]
 [0. 2. 2. 0. 0. 0.]
 [0. 2. 5. 2. 0. 3.]
 [5. 2. 0. 3. 3. 1.]]",0,0,28,27,5,4,perdido,0
310,17,5.0,aleatoria,4,3,C:\Users\sescu\AppData\Local\Temp\_fp_repo\analisis\..\tableros\tablero_final.txt,588610295420051415,"[[0. 2. 0. 2. 5. 2.]
 [2. 2. 2. 0. 2. 0.]
 [2. 0. 0. 2. 2. 0.]
 [2. 0. 5. 0. 2. 2.]
 [2. 0. 0. 3. 2. 2.]
 [0. 2. 0. 1. 0. 0.]
 [2. 2. 2. 1. 0. 3.]
 [5. 5. 0. 3. 0. 0.]]",0,0,26,22,5,4,perdido,0
311,17,5.0,aleatoria,4,4,C:\Users\sescu\AppData\Local\Temp\_fp_repo\analisis\..\tableros\tablero_final.txt,588610295420051415,"[[2. 2. 0. 0. 0. 5.]
 [2. 2. 0. 5. 0. 0.]
 [2. 2. 0. 2. 2. 0.]
 [2. 2. 0. 5. 2. 2.]
 [2. 0. 0. 3. 2. 2.]
 [2. 5. 2. 0. 0. 2.]
 [0. 0. 2. 0. 0. 3.]
 [5. 5. 2. 3. 0. 2.]]",0,1,32,21,5,4,perdido,0
312,17,4.0,aleatoria,6,2,C:\Users\sescu\AppData\Local\Temp\_fp_repo\analisis\..\tableros\tablero_final.txt,588610295420051415,"[[2. 2. 0. 0. 2. 2.]
 [2. 2. 2. 2. 2. 2.]
 [0. 2. 2. 2. 2. 5.]
 [2. 2. 2. 2. 2. 0.]
 [5. 2. 5. 2. 0. 2.]
 [2. 2. 0. 0. 0. 3.]
 [2. 5. 5. 0. 0. 3.]
 [0. 0. 0. 3. 1. 1.]]",0,1,28,26,4,6,perdido,0
313,17,5.0,aleatoria,6,3,C:\Users\sescu\AppData\Local\Temp\_fp_repo\analisis\..\tableros\tablero_final.txt,588610295420051415,"[[2. 2. 5. 0. 2. 2.]
 [0. 2. 2. 2. 2. 2.]
 [5. 2. 2. 2. 2. 5.]
 [2. 0. 2. 2. 2. 2.]
 [2. 2. 2. 2. 3. 2.]
 [2. 2. 2. 2. 2. 2.]
 [2. 0. 5. 0. 0. 3.]
 [2. 5. 0. 3. 1. 0.]]",0,0,24,32,5,6,perdido,0
314,17,5.0,aleatoria,6,4,C:\Users\sescu\AppData\Local\Temp\_fp_repo\analisis\..\tableros\tablero_final.txt,588610295420051415,"[[0. 5. 1. 0. 0. 2.]
 [2. 2. 0. 5. 0. 2.]
 [5. 2. 0. 0. 2. 2.]
 [2. 2. 2. 2. 2. 2.]
 [0. 2. 0. 2. 2. 2.]
 [2. 2. 0. 2. 3. 0.]
 [2. 2. 2. 0. 0. 3.]
 [5. 2. 2. 3. 0. 0.]]",0,0,28,26,5,6,perdido,0
315,17,39.0,mejorada,2,2,C:\Users\sescu\AppData\Local\Temp\_fp_repo\analisis\..\tableros\tablero_final.txt,588610295420051415,"[[0. 0. 3. 0. 1. 0.]
 [0. 0. 0. 0. 0. 0.]
 [0. 5. 1. 0. 0. 0.]
 [0. 0. 0. 0. 5. 0.]
 [0. 4. 0. 0. 1. 5.]
 [1. 0. 5. 0. 0. 0.]
 [0. 5. 0. 1. 0. 0.]
 [1. 0. 0. 3. 0. 0.]]",7,0,14,0,39,2,ganado,1
316,17,15.0,mejorada,2,3,C:\Users\sescu\AppData\Local\Temp\_fp_repo\analisis\..\tableros\tablero_final.txt,588610295420051415,"[[0. 0. 0. 1. 0. 0.]
 [0. 1. 0. 0. 5. 5.]
 [0. 0. 0. 1. 0. 0.]
 [0. 1. 0. 0. 0. 0.]
 [0. 1. 3. 5. 0. 1.]
 [0. 1. 0. 0. 2. 2.]
 [0. 5. 0. 1. 0. 3.]
 [5. 0. 0. 3. 0. 1.]]",7,1,8,2,15,2,ganado,1
317,17,16.0,mejorada,2,4,C:\Users\sescu\AppData\Local\Temp\_fp_repo\analisis\..\tableros\tablero_final.txt,588610295420051415,"[[1. 0. 0. 2. 5. 0.]
 [0. 0. 0. 0. 0. 5.]
 [0. 0. 0. 0. 0. 5.]
 [5. 0. 2. 0. 0. 1.]
 [0. 0. 2. 0. 1. 0.]
 [0. 2. 1. 1. 2. 2.]
 [0. 0. 0. 0. 0. 3.]
 [5. 5. 0. 3. 0. 1.]]",8,0,4,6,16,2,ganado,1
318,17,15.0,mejorada,4,2,C:\Users\sescu\AppData\Local\Temp\_fp_repo\analisis\..\tableros\tablero_final.txt,588610295420051415,"[[0. 0. 2. 2. 0. 0.]
 [0. 0. 2. 2. 2. 0.]
 [5. 2. 2. 0. 2. 0.]
 [2. 2. 1. 1. 0. 0.]
 [2. 2. 5. 5. 0. 0.]
 [3. 0. 5. 0. 0. 0.]
 [0. 0. 0. 1. 0. 0.]
 [0. 5. 0. 3. 1. 0.]]",7,1,15,12,15,4,ganado,1
319,17,14.0,mejorada,4,3,C:\Users\sescu\AppData\Local\Temp\_fp_repo\analisis\..\tableros\tablero_final.txt,588610295420051415,"[[0. 1. 0. 0. 5. 1.]
 [0. 1. 0. 0. 0. 1.]
 [2. 5. 0. 5. 0. 0.]
 [2. 0. 2. 0. 0. 0.]
 [0. 2. 2. 5. 0. 0.]
 [2. 0. 1. 2. 0. 1.]
 [0. 5. 0. 2. 0. 0.]
 [5. 0. 1. 2. 0. 0.]]",7,3,23,9,14,4,ganado,1
320,17,9.0,mejorada,4,4,C:\Users\sescu\AppData\Local\Temp\_fp_repo\analisis\..\tableros\tablero_final.txt,588610295420051415,"[[0. 0. 0. 2. 2. 2.]
 [2. 0. 5. 0. 2. 2.]
 [5. 0. 1. 0. 2. 5.]
 [2. 0. 0. 2. 2. 2.]
 [2. 2. 2. 0. 2. 2.]
 [3. 0. 0. 0. 2. 0.]
 [0. 5. 0. 1. 2. 3.]
 [5. 0. 0. 3. 2. 2.]]",0,0,25,21,9,4,perdido,0
321,17,12.0,mejorada,6,2,C:\Users\sescu\AppData\Local\Temp\_fp_repo\analisis\..\tableros\tablero_final.txt,588610295420051415,"[[0. 0. 0. 5. 5. 0.]
 [0. 0. 0. 5. 3. 2.]
 [1. 0. 0. 5. 5. 2.]
 [0. 0. 1. 1. 0. 0.]
 [2. 0. 0. 1. 2. 0.]
 [3. 0. 0. 0. 2. 2.]
 [0. 0. 5. 2. 2. 2.]
 [0. 0. 1. 3. 2. 2.]]",3,3,25,11,12,6,perdido,0
322,17,5.0,mejorada,6,3,C:\Users\sescu\AppData\Local\Temp\_fp_repo\analisis\..\tableros\tablero_final.txt,588610295420051415,"[[5. 0. 0. 2. 2. 2.]
 [0. 0. 2. 2. 2. 2.]
 [5. 0. 0. 2. 0. 5.]
 [2. 2. 2. 2. 2. 0.]
 [0. 2. 2. 0. 2. 2.]
 [0. 3. 0. 0. 0. 0.]
 [0. 5. 0. 1. 1. 3.]
 [0. 5. 1. 3. 0. 1.]]",0,0,26,18,5,6,perdido,0
323,17,7.0,mejorada,6,4,C:\Users\sescu\AppData\Local\Temp\_fp_repo\analisis\..\tableros\tablero_final.txt,588610295420051415,"[[2. 0. 2. 2. 2. 2.]
 [0. 0. 2. 2. 2. 2.]
 [5. 0. 2. 2. 2. 5.]
 [0. 2. 0. 2. 2. 2.]
 [0. 0. 2. 2. 2. 2.]
 [1. 3. 1. 2. 2. 2.]
 [0. 5. 1. 0. 2. 2.]
 [5. 3. 1. 3. 2. 2.]]",0,2,24,28,7,6,perdido,0
324,18,9.0,aleatoria,2,2,C:\Users\sescu\AppData\Local\Temp\_fp_repo\analisis\..\tableros\tablero_final.txt,7633550208585727286,"[[0. 2. 5. 0. 0. 0.]
 [2. 2. 0. 2. 2. 2.]
 [5. 5. 2. 2. 2. 2.]
 [0. 0. 5. 2. 2. 2.]
 [0. 0. 5. 2. 2. 2.]
 [1. 0. 2. 2. 1. 0.]
 [0. 0. 2. 1. 0. 3.]
 [0. 0. 0. 3. 0. 0.]]",0,0,25,20,9,2,perdido,0
325,18,11.0,aleatoria,2,3,C:\Users\sescu\AppData\Local\Temp\_fp_repo\analisis\..\tableros\tablero_final.txt,7633550208585727286,"[[3. 0. 0. 0. 1. 0.]
 [1. 0. 5. 5. 0. 0.]
 [0. 0. 0. 2. 2. 5.]
 [0. 0. 2. 0. 0. 2.]
 [2. 2. 2. 2. 2. 2.]
 [0. 2. 0. 0. 4. 0.]
 [3. 0. 0. 0. 0. 0.]
 [0. 0. 5. 0. 0. 0.]]",0,0,24,11,11,2,perdido,0
326,18,15.0,aleatoria,2,4,C:\Users\sescu\AppData\Local\Temp\_fp_repo\analisis\..\tableros\tablero_final.txt,7633550208585727286,"[[0. 5. 2. 0. 0. 5.]
 [0. 2. 2. 3. 0. 2.]
 [5. 2. 2. 2. 2. 5.]
 [2. 2. 2. 2. 2. 2.]
 [0. 2. 2. 3. 0. 0.]
 [0. 5. 0. 2. 2. 0.]
 [0. 0. 0. 2. 0. 3.]
 [1. 0. 5. 2. 0. 1.]]",1,4,25,22,15,2,perdido,0
327,18,7.0,aleatoria,4,2,C:\Users\sescu\AppData\Local\Temp\_fp_repo\analisis\..\tableros\tablero_final.txt,7633550208585727286,"[[2. 2. 0. 0. 0. 0.]
 [2. 2. 2. 0. 1. 0.]
 [5. 2. 0. 0. 1. 0.]
 [2. 2. 0. 0. 2. 2.]
 [3. 2. 5. 5. 5. 2.]
 [1. 1. 0. 1. 2. 2.]
 [5. 0. 1. 0. 0. 2.]
 [0. 0. 0. 2. 0. 3.]]",0,2,28,16,7,4,perdido,0
328,18,9.0,aleatoria,4,3,C:\Users\sescu\AppData\Local\Temp\_fp_repo\analisis\..\tableros\tablero_final.txt,7633550208585727286,"[[0. 0. 2. 2. 5. 2.]
 [0. 5. 0. 2. 2. 2.]
 [0. 0. 3. 2. 2. 5.]
 [1. 0. 0. 0. 2. 2.]
 [1. 1. 5. 0. 3. 2.]
 [0. 1. 0. 1. 0. 2.]
 [0. 1. 0. 0. 2. 2.]
 [5. 1. 0. 5. 2. 2.]]",0,1,27,18,9,4,perdido,0
329,18,6.0,aleatoria,4,4,C:\Users\sescu\AppData\Local\Temp\_fp_repo\analisis\..\tableros\tablero_final.txt,7633550208585727286,"[[2. 2. 0. 0. 0. 0.]
 [2. 2. 5. 0. 5. 2.]
 [5. 2. 2. 2. 2. 2.]
 [2. 0. 2. 2. 2. 2.]
 [2. 0. 5. 2. 2. 2.]
 [0. 2. 2. 2. 0. 2.]
 [2. 2. 2. 0. 0. 3.]
 [5. 2. 2. 3. 0. 0.]]",0,2,32,28,6,4,perdido,0
330,18,5.0,aleatoria,6,2,C:\Users\sescu\AppData\Local\Temp\_fp_repo\analisis\..\tableros\tablero_final.txt,7633550208585727286,"[[0. 0. 2. 2. 5. 2.]
 [2. 2. 2. 2. 2. 2.]
 [0. 5. 2. 2. 2. 5.]
 [2. 2. 0. 2. 2. 2.]
 [2. 2. 0. 0. 2. 2.]
 [0. 3. 5. 0. 2. 0.]
 [2. 0. 0. 2. 0. 3.]
 [0. 0. 5. 3. 2. 0.]]",0,1,24,27,5,6,perdido,0
331,18,5.0,aleatoria,6,3,C:\Users\sescu\AppData\Local\Temp\_fp_repo\analisis\..\tableros\tablero_final.txt,7633550208585727286,"[[2. 2. 5. 2. 2. 2.]
 [5. 2. 2. 2. 2. 3.]
 [5. 5. 2. 3. 0. 2.]
 [0. 1. 0. 1. 2. 2.]
 [0. 0. 0. 0. 0. 2.]
 [1. 2. 3. 2. 0. 2.]
 [5. 2. 2. 2. 2. 2.]
 [0. 5. 0. 2. 2. 0.]]",0,2,24,24,5,6,perdido,0
332,18,7.0,aleatoria,6,4,C:\Users\sescu\AppData\Local\Temp\_fp_repo\analisis\..\tableros\tablero_final.txt,7633550208585727286,"[[0. 2. 2. 5. 0. 2.]
 [0. 5. 2. 2. 2. 0.]
 [2. 2. 2. 2. 2. 5.]
 [2. 5. 2. 2. 2. 2.]
 [2. 2. 2. 2. 2. 2.]
 [2. 2. 5. 2. 3. 2.]
 [2. 2. 2. 1. 2. 3.]
 [5. 2. 0. 3. 2. 2.]]",0,0,31,35,7,6,perdido,0
333,18,41.0,mejorada,2,2,C:\Users\sescu\AppData\Local\Temp\_fp_repo\analisis\..\tableros\tablero_final.txt,7633550208585727286,"[[2. 2. 0. 1. 0. 0.]
 [2. 0. 0. 0. 0. 0.]
 [0. 0. 0. 0. 5. 0.]
 [1. 0. 5. 0. 0. 0.]
 [0. 0. 0. 5. 0. 1.]
 [3. 0. 5. 0. 3. 0.]
 [0. 0. 5. 5. 0. 3.]
 [1. 1. 0. 1. 0. 1.]]",1,4,13,3,41,2,perdido,0
334,18,22.0,mejorada,2,3,C:\Users\sescu\AppData\Local\Temp\_fp_repo\analisis\..\tableros\tablero_final.txt,7633550208585727286,"[[0. 0. 0. 0. 0. 0.]
 [0. 5. 0. 3. 0. 3.]
 [0. 0. 0. 1. 0. 0.]
 [1. 0. 1. 0. 1. 0.]
 [0. 1. 1. 0. 5. 5.]
 [0. 0. 1. 1. 2. 3.]
 [0. 5. 0. 2. 2. 2.]
 [5. 0. 1. 2. 2. 2.]]",0,4,16,7,22,2,perdido,0
335,18,19.0,mejorada,2,4,C:\Users\sescu\AppData\Local\Temp\_fp_repo\analisis\..\tableros\tablero_final.txt,7633550208585727286,"[[0. 0. 0. 0. 0. 0.]
 [0. 5. 0. 1. 0. 1.]
 [5. 0. 0. 0. 0. 5.]
 [0. 0. 0. 0. 5. 2.]
 [0. 0. 0. 0. 2. 2.]
 [0. 0. 0. 0. 3. 3.]
 [0. 5. 0. 1. 2. 2.]
 [5. 0. 0. 3. 0. 0.]]",7,1,11,5,19,2,ganado,1
336,18,22.0,mejorada,4,2,C:\Users\sescu\AppData\Local\Temp\_fp_repo\analisis\..\tableros\tablero_final.txt,7633550208585727286,"[[5. 0. 1. 1. 0. 0.]
 [0. 5. 0. 1. 0. 0.]
 [0. 0. 0. 0. 0. 5.]
 [0. 0. 0. 0. 2. 0.]
 [5. 0. 0. 0. 2. 0.]
 [2. 0. 0. 2. 2. 0.]
 [0. 5. 0. 3. 2. 2.]
 [5. 0. 0. 3. 2. 2.]]",7,2,17,9,22,4,ganado,1
337,18,18.0,mejorada,4,3,C:\Users\sescu\AppData\Local\Temp\_fp_repo\analisis\..\tableros\tablero_final.txt,7633550208585727286,"[[0. 1. 0. 2. 0. 2.]
 [0. 0. 0. 0. 0. 0.]
 [0. 5. 0. 0. 0. 5.]
 [1. 0. 0. 0. 1. 0.]
 [3. 0. 5. 2. 0. 0.]
 [3. 0. 0. 2. 2. 2.]
 [0. 5. 5. 2. 2. 2.]
 [0. 5. 0. 2. 2. 2.]]",5,3,25,12,18,4,perdido,0
338,18,10.0,mejorada,4,4,C:\Users\sescu\AppData\Local\Temp\_fp_repo\analisis\..\tableros\tablero_final.txt,7633550208585727286,"[[2. 2. 2. 2. 2. 2.]
 [5. 2. 2. 2. 2. 2.]
 [2. 2. 2. 3. 2. 5.]
 [0. 2. 0. 2. 2. 2.]
 [0. 0. 2. 2. 5. 2.]
 [1. 2. 0. 2. 0. 2.]
 [5. 0. 1. 1. 2. 2.]
 [0. 5. 0. 3. 3. 0.]]",1,1,28,28,10,4,perdido,0
339,18,21.0,mejorada,6,2,C:\Users\sescu\AppData\Local\Temp\_fp_repo\analisis\..\tableros\tablero_final.txt,7633550208585727286,"[[2. 2. 2. 2. 5. 2.]
 [2. 2. 2. 2. 2. 2.]
 [5. 0. 2. 2. 0. 5.]
 [0. 0. 0. 2. 0. 0.]
 [0. 0. 2. 0. 5. 1.]
 [3. 0. 0. 0. 2. 2.]
 [2. 0. 5. 0. 2. 0.]
 [5. 0. 0. 0. 0. 0.]]",6,3,30,21,21,6,perdido,0
340,18,7.0,mejorada,6,3,C:\Users\sescu\AppData\Local\Temp\_fp_repo\analisis\..\tableros\tablero_final.txt,7633550208585727286,"[[0. 0. 1. 0. 0. 1.]
 [3. 1. 0. 0. 0. 3.]
 [1. 5. 0. 1. 0. 5.]
 [0. 1. 0. 1. 5. 0.]
 [0. 1. 1. 0. 2. 2.]
 [1. 2. 0. 1. 2. 2.]
 [0. 0. 5. 2. 2. 2.]
 [5. 0. 0. 2. 2. 2.]]",3,3,25,11,7,6,perdido,0
341,18,5.0,mejorada,6,4,C:\Users\sescu\AppData\Local\Temp\_fp_repo\analisis\..\tableros\tablero_final.txt,7633550208585727286,"[[2. 2. 2. 2. 2. 2.]
 [5. 0. 2. 2. 2. 2.]
 [0. 2. 0. 2. 2. 5.]
 [0. 0. 0. 3. 2. 2.]
 [0. 0. 0. 1. 0. 5.]
 [3. 0. 0. 0. 2. 2.]
 [5. 0. 0. 2. 2. 2.]
 [0. 5. 1. 2. 2. 3.]]",1,7,27,23,5,6,perdido,0
342,19,9.0,aleatoria,2,2,C:\Users\sescu\AppData\Local\Temp\_fp_repo\analisis\..\tableros\tablero_final.txt,5826075755539127445,"[[0. 2. 3. 0. 2. 2.]
 [2. 2. 0. 0. 5. 2.]
 [0. 2. 0. 1. 0. 0.]
 [0. 0. 0. 0. 5. 0.]
 [0. 0. 0. 5. 0. 0.]
 [3. 2. 0. 0. 5. 0.]
 [2. 2. 2. 5. 0. 2.]
 [2. 2. 5. 4. 0. 0.]]",0,1,24,14,9,2,perdido,0
343,19,15.0,aleatoria,2,3,C:\Users\sescu\AppData\Local\Temp\_fp_repo\analisis\..\tableros\tablero_final.txt,5826075755539127445,"[[0. 0. 0. 0. 2. 2.]
 [0. 5. 0. 1. 0. 2.]
 [0. 3. 0. 0. 3. 2.]
 [5. 0. 0. 0. 2. 2.]
 [2. 2. 0. 1. 2. 3.]
 [5. 0. 0. 0. 0. 2.]
 [0. 0. 0. 0. 2. 2.]
 [0. 0. 5. 5. 0. 0.]]",0,2,29,12,15,2,perdido,0
344,19,12.0,aleatoria,2,4,C:\Users\sescu\AppData\Local\Temp\_fp_repo\analisis\..\tableros\tablero_final.txt,5826075755539127445,"[[0. 0. 0. 0. 1. 0.]
 [0. 5. 0. 0. 0. 3.]
 [5. 3. 4. 5. 0. 5.]
 [2. 2. 0. 0. 0. 0.]
 [2. 0. 0. 0. 0. 0.]
 [1. 2. 0. 0. 0. 2.]
 [2. 2. 2. 0. 0. 2.]
 [0. 5. 0. 0. 2. 2.]]",1,1,27,12,12,2,perdido,0
345,19,9.0,aleatoria,4,2,C:\Users\sescu\AppData\Local\Temp\_fp_repo\analisis\..\tableros\tablero_final.txt,5826075755539127445,"[[2. 2. 0. 0. 5. 2.]
 [5. 2. 0. 0. 2. 2.]
 [5. 2. 2. 2. 5. 2.]
 [2. 2. 2. 2. 2. 2.]
 [2. 2. 2. 2. 2. 2.]
 [2. 2. 2. 2. 1. 0.]
 [5. 2. 2. 0. 0. 3.]
 [0. 0. 0. 3. 2. 0.]]",0,0,27,29,9,4,perdido,0
346,19,9.0,aleatoria,4,3,C:\Users\sescu\AppData\Local\Temp\_fp_repo\analisis\..\tableros\tablero_final.txt,5826075755539127445,"[[2. 2. 2. 2. 2. 0.]
 [5. 2. 2. 2. 0. 0.]
 [5. 2. 2. 2. 2. 5.]
 [2. 2. 2. 2. 2. 3.]
 [2. 2. 2. 2. 2. 2.]
 [2. 2. 1. 0. 2. 0.]
 [5. 2. 5. 0. 2. 2.]
 [1. 0. 0. 3. 3. 0.]]",0,2,24,31,9,4,perdido,0
347,19,7.0,aleatoria,4,4,C:\Users\sescu\AppData\Local\Temp\_fp_repo\analisis\..\tableros\tablero_final.txt,5826075755539127445,"[[0. 0. 0. 0. 0. 5.]
 [5. 0. 2. 0. 4. 0.]
 [5. 2. 3. 2. 2. 2.]
 [2. 2. 0. 2. 2. 2.]
 [2. 2. 0. 2. 2. 2.]
 [0. 2. 0. 2. 0. 1.]
 [2. 2. 0. 0. 0. 3.]
 [5. 2. 5. 1. 0. 0.]]",0,1,24,21,7,4,perdido,0
348,19,4.0,aleatoria,6,2,C:\Users\sescu\AppData\Local\Temp\_fp_repo\analisis\..\tableros\tablero_final.txt,5826075755539127445,"[[2. 2. 2. 2. 5. 2.]
 [2. 2. 2. 2. 2. 2.]
 [5. 2. 2. 2. 2. 5.]
 [0. 0. 0. 2. 0. 2.]
 [3. 0. 5. 2. 0. 0.]
 [2. 2. 0. 0. 0. 0.]
 [2. 2. 0. 0. 2. 3.]
 [5. 2. 5. 3. 0. 0.]]",0,1,26,28,4,6,perdido,0
349,19,5.0,aleatoria,6,3,C:\Users\sescu\AppData\Local\Temp\_fp_repo\analisis\..\tableros\tablero_final.txt,5826075755539127445,"[[2. 2. 2. 0. 0. 5.]
 [2. 3. 2. 0. 0. 0.]
 [5. 2. 0. 1. 0. 2.]
 [2. 2. 2. 0. 2. 2.]
 [2. 2. 2. 0. 2. 2.]
 [0. 2. 2. 1. 0. 2.]
 [0. 2. 2. 1. 0. 3.]
 [5. 5. 0. 3. 2. 0.]]",0,1,28,23,5,6,perdido,0
350,19,4.0,aleatoria,6,4,C:\Users\sescu\AppData\Local\Temp\_fp_repo\analisis\..\tableros\tablero_final.txt,5826075755539127445,"[[0. 0. 2. 2. 5. 2.]
 [0. 2. 2. 2. 2. 2.]
 [2. 2. 2. 2. 2. 5.]
 [5. 2. 0. 2. 2. 2.]
 [0. 0. 5. 0. 2. 2.]
 [1. 2. 2. 0. 2. 3.]
 [5. 5. 2. 0. 0. 3.]
 [0. 0. 2. 3. 0. 0.]]",0,0,31,26,4,6,perdido,0
351,19,47.0,mejorada,2,2,C:\Users\sescu\AppData\Local\Temp\_fp_repo\analisis\..\tableros\tablero_final.txt,5826075755539127445,"[[0. 0. 0. 0. 0. 0.]
 [0. 0. 0. 0. 0. 0.]
 [0. 0. 5. 0. 5. 5.]
 [0. 0. 0. 0. 2. 2.]
 [0. 0. 1. 0. 2. 2.]
 [2. 2. 0. 0. 2. 2.]
 [0. 0. 5. 0. 2. 2.]
 [5. 0. 0. 0. 2. 2.]]",6,4,18,13,47,2,perdido,0
352,19,56.0,mejorada,2,3,C:\Users\sescu\AppData\Local\Temp\_fp_repo\analisis\..\tableros\tablero_final.txt,5826075755539127445,"[[0. 1. 0. 0. 0. 1.]
 [0. 0. 0. 0. 0. 0.]
 [5. 0. 0. 0. 1. 0.]
 [5. 5. 0. 0. 0. 0.]
 [2. 0. 0. 0. 0. 1.]
 [1. 0. 1. 0. 0. 0.]
 [0. 5. 0. 2. 0. 0.]
 [5. 0. 0. 2. 0. 0.]]",6,4,23,3,56,2,perdido,0
353,19,12.0,mejorada,2,4,C:\Users\sescu\AppData\Local\Temp\_fp_repo\analisis\..\tableros\tablero_final.txt,5826075755539127445,"[[0. 0. 0. 0. 2. 2.]
 [0. 0. 0. 0. 3. 2.]
 [5. 0. 0. 0. 0. 0.]
 [5. 2. 2. 0. 2. 2.]
 [5. 2. 5. 0. 2. 2.]
 [1. 2. 1. 0. 2. 2.]
 [0. 5. 0. 0. 0. 2.]
 [5. 0. 0. 3. 0. 0.]]",7,1,10,14,12,2,ganado,1
354,19,22.0,mejorada,4,2,C:\Users\sescu\AppData\Local\Temp\_fp_repo\analisis\..\tableros\tablero_final.txt,5826075755539127445,"[[2. 2. 0. 0. 0. 1.]
 [2. 2. 0. 0. 0. 0.]
 [5. 2. 5. 0. 0. 0.]
 [2. 2. 0. 0. 0. 0.]
 [0. 0. 0. 0. 0. 0.]
 [1. 0. 1. 0. 0. 1.]
 [0. 1. 0. 0. 5. 1.]
 [5. 0. 0. 2. 0. 0.]]",7,3,21,9,22,4,ganado,1
355,19,12.0,mejorada,4,3,C:\Users\sescu\AppData\Local\Temp\_fp_repo\analisis\..\tableros\tablero_final.txt,5826075755539127445,"[[0. 1. 0. 1. 0. 0.]
 [0. 1. 0. 0. 2. 2.]
 [1. 0. 0. 0. 0. 5.]
 [0. 0. 0. 0. 0. 0.]
 [0. 0. 5. 5. 0. 0.]
 [1. 0. 0. 0. 2. 2.]
 [0. 0. 5. 0. 2. 2.]
 [5. 0. 0. 2. 2. 2.]]",6,3,25,9,12,4,perdido,0
356,19,8.0,mejorada,4,4,C:\Users\sescu\AppData\Local\Temp\_fp_repo\analisis\..\tableros\tablero_final.txt,5826075755539127445,"[[1. 0. 0. 0. 5. 2.]
 [1. 0. 5. 3. 2. 2.]
 [0. 1. 0. 0. 2. 5.]
 [0. 0. 5. 2. 2. 2.]
 [0. 2. 0. 2. 2. 2.]
 [1. 3. 0. 2. 0. 2.]
 [0. 0. 5. 2. 0. 2.]
 [5. 0. 0. 2. 0. 2.]]",1,4,22,19,8,4,perdido,0
357,19,7.0,mejorada,6,2,C:\Users\sescu\AppData\Local\Temp\_fp_repo\analisis\..\tableros\tablero_final.txt,5826075755539127445,"[[0. 1. 0. 0. 5. 0.]
 [5. 0. 1. 0. 0. 5.]
 [0. 0. 0. 0. 0. 5.]
 [2. 2. 0. 1. 0. 0.]
 [2. 0. 0. 0. 3. 0.]
 [0. 2. 0. 0. 2. 3.]
 [0. 0. 5. 0. 2. 2.]
 [5. 0. 0. 2. 2. 2.]]",5,4,13,10,7,6,perdido,0
358,19,7.0,mejorada,6,3,C:\Users\sescu\AppData\Local\Temp\_fp_repo\analisis\..\tableros\tablero_final.txt,5826075755539127445,"[[2. 2. 2. 2. 5. 2.]
 [5. 2. 2. 2. 2. 2.]
 [5. 2. 2. 2. 0. 0.]
 [2. 5. 2. 2. 2. 2.]
 [2. 2. 2. 2. 2. 2.]
 [0. 2. 2. 2. 1. 1.]
 [5. 0. 0. 0. 3. 3.]
 [5. 1. 1. 3. 2. 2.]]",0,0,25,31,7,6,perdido,0
359,19,5.0,mejorada,6,4,C:\Users\sescu\AppData\Local\Temp\_fp_repo\analisis\..\tableros\tablero_final.txt,5826075755539127445,"[[2. 2. 2. 2. 2. 2.]
 [2. 2. 2. 2. 2. 2.]
 [5. 2. 2. 2. 2. 2.]
 [0. 2. 2. 2. 2. 2.]
 [2. 5. 2. 0. 2. 0.]
 [1. 0. 0. 2. 1. 3.]
 [1. 1. 0. 0. 0. 3.]
 [5. 0. 1. 3. 1. 0.]]",0,3,27,27,5,6,perdido,0
360,20,8.0,aleatoria,2,2,C:\Users\sescu\AppData\Local\Temp\_fp_repo\analisis\..\tableros\tablero_final.txt,6992125263385868793,"[[2. 2. 0. 0. 0. 2.]
 [5. 2. 0. 5. 2. 2.]
 [5. 0. 0. 2. 2. 5.]
 [2. 0. 0. 2. 2. 2.]
 [2. 3. 0. 0. 2. 2.]
 [0. 0. 0. 0. 0. 2.]
 [0. 5. 5. 0. 0. 2.]
 [0. 0. 0. 3. 3. 2.]]",0,1,29,19,8,2,perdido,0
361,20,16.0,aleatoria,2,3,C:\Users\sescu\AppData\Local\Temp\_fp_repo\analisis\..\tableros\tablero_final.txt,6992125263385868793,"[[0. 5. 0. 0. 0. 5.]
 [2. 0. 0. 0. 1. 1.]
 [5. 2. 0. 0. 0. 0.]
 [2. 5. 2. 2. 2. 2.]
 [3. 0. 0. 2. 2. 2.]
 [0. 2. 2. 2. 0. 1.]
 [0. 2. 2. 0. 0. 3.]
 [5. 0. 5. 0. 0. 1.]]",0,0,24,16,16,2,perdido,0
362,20,10.0,aleatoria,2,4,C:\Users\sescu\AppData\Local\Temp\_fp_repo\analisis\..\tableros\tablero_final.txt,6992125263385868793,"[[0. 0. 0. 0. 0. 0.]
 [5. 5. 2. 4. 0. 0.]
 [5. 2. 2. 0. 1. 0.]
 [2. 0. 5. 0. 2. 2.]
 [2. 0. 0. 0. 0. 2.]
 [0. 1. 0. 5. 2. 2.]
 [5. 0. 1. 0. 2. 3.]
 [0. 0. 0. 3. 0. 1.]]",0,0,25,11,10,2,perdido,0
363,20,8.0,aleatoria,4,2,C:\Users\sescu\AppData\Local\Temp\_fp_repo\analisis\..\tableros\tablero_final.txt,6992125263385868793,"[[0. 5. 5. 2. 2. 0.]
 [0. 0. 2. 2. 2. 2.]
 [5. 2. 2. 2. 0. 2.]
 [0. 2. 2. 0. 0. 2.]
 [3. 2. 2. 2. 5. 2.]
 [0. 4. 5. 0. 2. 2.]
 [5. 0. 0. 1. 2. 2.]
 [0. 0. 0. 3. 2. 2.]]",0,2,24,24,8,4,perdido,0
364,20,7.0,aleatoria,4,3,C:\Users\sescu\AppData\Local\Temp\_fp_repo\analisis\..\tableros\tablero_final.txt,6992125263385868793,"[[0. 2. 2. 2. 5. 5.]
 [0. 0. 2. 2. 2. 0.]
 [0. 2. 0. 2. 2. 5.]
 [0. 0. 0. 2. 2. 5.]
 [1. 3. 2. 2. 2. 2.]
 [0. 2. 2. 2. 0. 1.]
 [0. 0. 5. 2. 0. 3.]
 [0. 0. 0. 2. 1. 3.]]",0,1,25,21,7,4,perdido,0
365,20,8.0,aleatoria,4,4,C:\Users\sescu\AppData\Local\Temp\_fp_repo\analisis\..\tableros\tablero_final.txt,6992125263385868793,"[[2. 2. 2. 2. 5. 3.]
 [2. 2. 2. 2. 2. 2.]
 [5. 5. 0. 2. 2. 5.]
 [2. 0. 2. 2. 2. 3.]
 [2. 2. 2. 2. 2. 2.]
 [0. 2. 0. 2. 0. 2.]
 [5. 0. 0. 2. 0. 2.]
 [0. 1. 5. 3. 0. 2.]]",0,2,28,29,8,4,perdido,0
366,20,4.0,aleatoria,6,2,C:\Users\sescu\AppData\Local\Temp\_fp_repo\analisis\..\tableros\tablero_final.txt,6992125263385868793,"[[2. 2. 0. 1. 5. 2.]
 [2. 2. 2. 5. 2. 2.]
 [5. 2. 2. 2. 2. 2.]
 [5. 2. 2. 0. 2. 2.]
 [2. 3. 2. 0. 2. 2.]
 [2. 2. 0. 2. 1. 0.]
 [0. 5. 0. 0. 0. 3.]
 [1. 0. 5. 3. 2. 0.]]",0,0,27,26,4,6,perdido,0
367,20,5.0,aleatoria,6,3,C:\Users\sescu\AppData\Local\Temp\_fp_repo\analisis\..\tableros\tablero_final.txt,6992125263385868793,"[[2. 2. 2. 2. 5. 2.]
 [2. 2. 2. 2. 2. 2.]
 [5. 2. 2. 2. 2. 2.]
 [0. 2. 0. 0. 0. 2.]
 [0. 2. 0. 0. 2. 2.]
 [0. 3. 2. 1. 0. 0.]
 [0. 2. 2. 0. 0. 3.]
 [5. 5. 0. 3. 1. 1.]]",0,1,33,26,5,6,perdido,0
368,20,6.0,aleatoria,6,4,C:\Users\sescu\AppData\Local\Temp\_fp_repo\analisis\..\tableros\tablero_final.txt,6992125263385868793,"[[5. 2. 5. 0. 2. 2.]
 [2. 3. 0. 2. 2. 2.]
 [2. 2. 2. 2. 2. 5.]
 [2. 2. 0. 2. 2. 2.]
 [2. 2. 2. 2. 0. 2.]
 [1. 2. 2. 0. 2. 2.]
 [5. 0. 2. 2. 2. 2.]
 [0. 3. 2. 2. 0. 3.]]",1,5,31,33,6,6,perdido,0
369,20,21.0,mejorada,2,2,C:\Users\sescu\AppData\Local\Temp\_fp_repo\analisis\..\tableros\tablero_final.txt,6992125263385868793,"[[0. 0. 0. 0. 0. 0.]
 [1. 0. 5. 0. 0. 1.]
 [5. 5. 0. 0. 1. 0.]
 [0. 0. 0. 2. 0. 2.]
 [0. 0. 1. 2. 2. 2.]
 [2. 2. 0. 0. 0. 2.]
 [0. 5. 0. 2. 2. 2.]
 [5. 0. 1. 3. 2. 2.]]",7,2,7,13,21,2,ganado,1
370,20,21.0,mejorada,2,3,C:\Users\sescu\AppData\Local\Temp\_fp_repo\analisis\..\tableros\tablero_final.txt,6992125263385868793,"[[1. 1. 0. 0. 5. 0.]
 [3. 0. 0. 0. 0. 0.]
 [5. 0. 0. 0. 0. 0.]
 [0. 5. 3. 1. 0. 2.]
 [1. 0. 0. 0. 0. 0.]
 [0. 3. 0. 1. 2. 2.]
 [0. 5. 0. 2. 2. 2.]
 [5. 0. 0. 2. 2. 2.]]",1,6,11,9,21,2,perdido,0
371,20,36.0,mejorada,2,4,C:\Users\sescu\AppData\Local\Temp\_fp_repo\analisis\..\tableros\tablero_final.txt,6992125263385868793,"[[0. 1. 0. 0. 0. 1.]
 [1. 1. 1. 0. 0. 1.]
 [5. 1. 0. 0. 0. 5.]
 [0. 1. 5. 0. 1. 0.]
 [0. 0. 0. 5. 0. 0.]
 [3. 0. 1. 1. 0. 0.]
 [0. 0. 0. 2. 1. 0.]
 [5. 5. 0. 3. 1. 0.]]",7,1,11,1,36,2,ganado,1
372,20,16.0,mejorada,4,2,C:\Users\sescu\AppData\Local\Temp\_fp_repo\analisis\..\tableros\tablero_final.txt,6992125263385868793,"[[1. 1. 0. 0. 1. 1.]
 [5. 5. 3. 0. 5. 0.]
 [0. 5. 0. 0. 0. 0.]
 [0. 0. 0. 3. 1. 0.]
 [3. 0. 1. 0. 0. 1.]
 [0. 0. 0. 1. 2. 0.]
 [0. 0. 0. 2. 0. 2.]
 [5. 5. 0. 2. 0. 2.]]",3,4,7,5,16,4,perdido,0
373,20,10.0,mejorada,4,3,C:\Users\sescu\AppData\Local\Temp\_fp_repo\analisis\..\tableros\tablero_final.txt,6992125263385868793,"[[0. 0. 2. 2. 2. 2.]
 [0. 0. 2. 0. 2. 0.]
 [5. 3. 0. 5. 0. 5.]
 [5. 0. 0. 0. 2. 2.]
 [0. 0. 0. 2. 2. 0.]
 [0. 2. 1. 2. 0. 3.]
 [0. 5. 0. 2. 2. 2.]
 [1. 0. 5. 2. 2. 2.]]",3,4,9,18,10,4,perdido,0
374,20,11.0,mejorada,4,4,C:\Users\sescu\AppData\Local\Temp\_fp_repo\analisis\..\tableros\tablero_final.txt,6992125263385868793,"[[5. 0. 5. 2. 2. 2.]
 [0. 0. 0. 0. 2. 2.]
 [0. 3. 0. 3. 2. 5.]
 [0. 0. 1. 2. 2. 2.]
 [0. 1. 0. 2. 2. 2.]
 [0. 0. 1. 2. 2. 2.]
 [0. 0. 0. 2. 2. 2.]
 [0. 5. 5. 2. 2. 2.]]",0,5,25,22,11,4,perdido,0
375,20,6.0,mejorada,6,2,C:\Users\sescu\AppData\Local\Temp\_fp_repo\analisis\..\tableros\tablero_final.txt,6992125263385868793,"[[0. 0. 1. 0. 0. 1.]
 [1. 3. 0. 0. 0. 5.]
 [1. 0. 0. 0. 0. 5.]
 [0. 1. 0. 0. 5. 0.]
 [1. 1. 1. 2. 0. 5.]
 [1. 2. 0. 0. 2. 2.]
 [0. 5. 5. 2. 0. 3.]
 [1. 0. 1. 2. 2. 2.]]",2,4,12,8,6,6,perdido,0
376,20,10.0,mejorada,6,3,C:\Users\sescu\AppData\Local\Temp\_fp_repo\analisis\..\tableros\tablero_final.txt,6992125263385868793,"[[0. 1. 0. 0. 1. 1.]
 [0. 0. 0. 1. 0. 0.]
 [0. 1. 0. 5. 0. 5.]
 [0. 0. 0. 1. 3. 2.]
 [0. 5. 5. 0. 2. 2.]
 [1. 1. 2. 2. 2. 2.]
 [0. 0. 0. 2. 2. 2.]
 [5. 5. 1. 3. 2. 2.]]",3,3,26,13,10,6,perdido,0
377,20,6.0,mejorada,6,4,C:\Users\sescu\AppData\Local\Temp\_fp_repo\analisis\..\tableros\tablero_final.txt,6992125263385868793,"[[1. 3. 2. 2. 2. 2.]
 [0. 0. 2. 2. 2. 2.]
 [5. 3. 2. 2. 2. 2.]
 [5. 3. 1. 2. 2. 2.]
 [0. 0. 0. 2. 2. 2.]
 [2. 2. 5. 5. 0. 1.]
 [5. 1. 0. 2. 1. 5.]
 [1. 0. 0. 2. 0. 0.]]",0,2,24,22,6,6,perdido,0
378,21,9.0,aleatoria,2,2,C:\Users\sescu\AppData\Local\Temp\_fp_repo\analisis\..\tableros\tablero_final.txt,3269924900787895439,"[[2. 2. 0. 1. 0. 1.]
 [2. 2. 5. 0. 0. 0.]
 [2. 2. 2. 2. 2. 0.]
 [0. 5. 0. 2. 5. 0.]
 [0. 0. 0. 2. 2. 0.]
 [1. 4. 5. 5. 0. 1.]
 [0. 1. 5. 0. 2. 3.]
 [0. 0. 0. 0. 0. 0.]]",0,1,25,13,9,2,perdido,0
379,21,11.0,aleatoria,2,3,C:\Users\sescu\AppData\Local\Temp\_fp_repo\analisis\..\tableros\tablero_final.txt,3269924900787895439,"[[0. 5. 0. 0. 0. 0.]
 [0. 0. 0. 0. 5. 0.]
 [2. 5. 2. 2. 2. 2.]
 [2. 0. 2. 2. 2. 2.]
 [2. 2. 2. 0. 2. 3.]
 [2. 2. 2. 0. 3. 0.]
 [2. 2. 2. 0. 0. 5.]
 [2. 0. 5. 3. 1. 0.]]",0,0,30,21,11,2,perdido,0
380,21,8.0,aleatoria,2,4,C:\Users\sescu\AppData\Local\Temp\_fp_repo\analisis\..\tableros\tablero_final.txt,3269924900787895439,"[[2. 2. 0. 0. 1. 0.]
 [2. 2. 5. 5. 0. 5.]
 [2. 2. 2. 2. 2. 0.]
 [2. 2. 0. 2. 0. 2.]
 [2. 3. 0. 0. 2. 2.]
 [0. 5. 5. 0. 2. 0.]
 [5. 0. 1. 0. 2. 2.]
 [0. 0. 0. 4. 2. 2.]]",0,2,25,21,8,2,perdido,0
381,21,9.0,aleatoria,4,2,C:\Users\sescu\AppData\Local\Temp\_fp_repo\analisis\..\tableros\tablero_final.txt,3269924900787895439,"[[3. 2. 5. 0. 0. 1.]
 [2. 2. 2. 5. 0. 0.]
 [5. 2. 2. 2. 2. 2.]
 [0. 0. 5. 2. 2. 2.]
 [2. 2. 0. 2. 2. 2.]
 [0. 2. 3. 2. 1. 0.]
 [1. 0. 5. 0. 0. 3.]
 [0. 0. 0. 2. 1. 0.]]",0,1,31,21,9,4,perdido,0
382,21,6.0,aleatoria,4,3,C:\Users\sescu\AppData\Local\Temp\_fp_repo\analisis\..\tableros\tablero_final.txt,3269924900787895439,"[[2. 2. 0. 5. 0. 2.]
 [2. 2. 2. 2. 2. 2.]
 [5. 2. 2. 2. 2. 2.]
 [5. 2. 0. 2. 2. 2.]
 [5. 0. 2. 2. 2. 2.]
 [0. 2. 0. 0. 1. 0.]
 [2. 2. 0. 5. 0. 3.]
 [3. 0. 5. 0. 3. 0.]]",0,0,26,26,6,4,perdido,0
383,21,6.0,aleatoria,4,4,C:\Users\sescu\AppData\Local\Temp\_fp_repo\analisis\..\tableros\tablero_final.txt,3269924900787895439,"[[2. 2. 2. 0. 0. 5.]
 [2. 2. 2. 0. 5. 2.]
 [5. 2. 2. 0. 2. 2.]
 [2. 2. 2. 5. 0. 2.]
 [2. 2. 2. 2. 0. 2.]
 [0. 3. 0. 2. 1. 0.]
 [0. 5. 0. 0. 1. 3.]
 [0. 1. 1. 3. 0. 1.]]",0,0,25,22,6,4,perdido,0
384,21,5.0,aleatoria,6,2,C:\Users\sescu\AppData\Local\Temp\_fp_repo\analisis\..\tableros\tablero_final.txt,3269924900787895439,"[[2. 2. 2. 2. 2. 2.]
 [0. 2. 2. 2. 2. 0.]
 [5. 2. 0. 2. 2. 5.]
 [2. 5. 5. 2. 2. 2.]
 [2. 2. 2. 2. 0. 2.]
 [2. 2. 0. 2. 0. 1.]
 [5. 0. 0. 0. 0. 3.]
 [2. 0. 0. 3. 3. 0.]]",0,0,25,27,5,6,perdido,0
385,21,4.0,aleatoria,6,3,C:\Users\sescu\AppData\Local\Temp\_fp_repo\analisis\..\tableros\tablero_final.txt,3269924900787895439,"[[0. 2. 2. 2. 2. 2.]
 [2. 2. 0. 2. 2. 2.]
 [5. 2. 2. 2. 2. 5.]
 [0. 0. 0. 2. 2. 2.]
 [3. 2. 2. 2. 2. 2.]
 [0. 2. 5. 0. 2. 0.]
 [0. 0. 5. 0. 2. 3.]
 [0. 1. 0. 3. 0. 2.]]",0,0,29,28,4,6,perdido,0
386,21,4.0,aleatoria,6,4,C:\Users\sescu\AppData\Local\Temp\_fp_repo\analisis\..\tableros\tablero_final.txt,3269924900787895439,"[[5. 2. 0. 2. 5. 2.]
 [0. 2. 5. 2. 2. 0.]
 [5. 2. 2. 2. 2. 2.]
 [2. 2. 2. 2. 0. 2.]
 [2. 2. 2. 2. 2. 2.]
 [0. 2. 5. 2. 0. 0.]
 [0. 0. 5. 2. 1. 3.]
 [0. 0. 4. 3. 1. 0.]]",0,1,27,27,4,6,perdido,0
387,21,17.0,mejorada,2,2,C:\Users\sescu\AppData\Local\Temp\_fp_repo\analisis\..\tableros\tablero_final.txt,3269924900787895439,"[[0. 0. 0. 0. 0. 0.]
 [0. 0. 5. 5. 0. 5.]
 [0. 0. 0. 0. 0. 0.]
 [0. 1. 1. 0. 0. 0.]
 [0. 0. 0. 0. 0. 1.]
 [3. 0. 3. 0. 1. 0.]
 [0. 5. 0. 0. 0. 0.]
 [1. 0. 0. 2. 1. 0.]]",7,2,14,1,17,2,ganado,1
388,21,31.0,mejorada,2,3,C:\Users\sescu\AppData\Local\Temp\_fp_repo\analisis\..\tableros\tablero_final.txt,3269924900787895439,"[[0. 0. 1. 0. 0. 0.]
 [0. 5. 0. 1. 1. 0.]
 [5. 0. 0. 1. 1. 0.]
 [0. 0. 1. 0. 0. 0.]
 [5. 5. 0. 0. 0. 0.]
 [0. 0. 0. 0. 0. 0.]
 [0. 0. 5. 2. 0. 0.]
 [5. 0. 0. 2. 0. 0.]]",6,4,15,2,31,2,perdido,0
389,21,38.0,mejorada,2,4,C:\Users\sescu\AppData\Local\Temp\_fp_repo\analisis\..\tableros\tablero_final.txt,3269924900787895439,"[[1. 0. 1. 1. 1. 1.]
 [0. 1. 1. 1. 1. 0.]
 [0. 0. 0. 0. 0. 5.]
 [5. 5. 0. 0. 3. 2.]
 [0. 0. 5. 0. 2. 2.]
 [0. 1. 1. 0. 0. 1.]
 [0. 1. 0. 0. 0. 0.]
 [5. 0. 0. 0. 1. 0.]]",5,4,22,3,38,2,perdido,0
390,21,19.0,mejorada,4,2,C:\Users\sescu\AppData\Local\Temp\_fp_repo\analisis\..\tableros\tablero_final.txt,3269924900787895439,"[[2. 2. 5. 2. 0. 1.]
 [2. 0. 0. 0. 0. 0.]
 [5. 5. 0. 0. 0. 0.]
 [3. 0. 0. 5. 1. 0.]
 [0. 0. 0. 0. 1. 1.]
 [0. 2. 0. 0. 0. 0.]
 [2. 2. 5. 3. 1. 1.]
 [5. 0. 0. 3. 1. 0.]]",3,3,24,7,19,4,perdido,0
391,21,15.0,mejorada,4,3,C:\Users\sescu\AppData\Local\Temp\_fp_repo\analisis\..\tableros\tablero_final.txt,3269924900787895439,"[[2. 2. 0. 0. 0. 1.]
 [2. 2. 2. 0. 1. 0.]
 [5. 2. 2. 2. 0. 5.]
 [2. 2. 2. 0. 0. 0.]
 [2. 2. 2. 0. 0. 0.]
 [0. 3. 3. 0. 5. 0.]
 [0. 5. 5. 1. 0. 5.]
 [0. 0. 0. 3. 2. 0.]]",3,2,29,16,15,4,perdido,0
392,21,11.0,mejorada,4,4,C:\Users\sescu\AppData\Local\Temp\_fp_repo\analisis\..\tableros\tablero_final.txt,3269924900787895439,"[[3. 2. 2. 2. 2. 2.]
 [2. 0. 2. 2. 2. 2.]
 [5. 5. 2. 2. 2. 5.]
 [0. 0. 2. 2. 2. 2.]
 [0. 0. 2. 0. 2. 2.]
 [1. 2. 0. 0. 2. 0.]
 [1. 5. 0. 1. 2. 2.]
 [5. 0. 3. 3. 0. 5.]]",1,3,25,25,11,4,perdido,0
393,21,9.0,mejorada,6,2,C:\Users\sescu\AppData\Local\Temp\_fp_repo\analisis\..\tableros\tablero_final.txt,3269924900787895439,"[[0. 1. 0. 0. 0. 0.]
 [0. 0. 0. 0. 0. 0.]
 [0. 0. 0. 5. 0. 0.]
 [0. 0. 0. 5. 2. 2.]
 [3. 1. 3. 5. 2. 2.]
 [0. 5. 1. 1. 2. 2.]
 [0. 5. 0. 2. 2. 2.]
 [1. 0. 3. 2. 2. 2.]]",3,4,20,12,9,6,perdido,0
394,21,11.0,mejorada,6,3,C:\Users\sescu\AppData\Local\Temp\_fp_repo\analisis\..\tableros\tablero_final.txt,3269924900787895439,"[[3. 0. 0. 2. 5. 0.]
 [0. 2. 2. 2. 2. 2.]
 [2. 2. 2. 5. 0. 0.]
 [2. 2. 0. 5. 0. 2.]
 [2. 2. 2. 0. 0. 0.]
 [0. 0. 0. 3. 0. 0.]
 [0. 0. 0. 3. 5. 0.]
 [5. 2. 2. 1. 2. 2.]]",2,4,14,20,11,6,perdido,0
395,21,7.0,mejorada,6,4,C:\Users\sescu\AppData\Local\Temp\_fp_repo\analisis\..\tableros\tablero_final.txt,3269924900787895439,"[[2. 2. 2. 2. 2. 2.]
 [0. 0. 2. 2. 2. 2.]
 [5. 0. 2. 0. 2. 5.]
 [2. 0. 0. 0. 2. 2.]
 [2. 5. 2. 2. 2. 2.]
 [1. 3. 0. 2. 2. 3.]
 [0. 5. 0. 2. 0. 2.]
 [5. 0. 0. 2. 2. 2.]]",1,3,27,28,7,6,perdido,0
396,22,9.0,aleatoria,2,2,C:\Users\sescu\AppData\Local\Temp\_fp_repo\analisis\..\tableros\tablero_final.txt,8953109014434126403,"[[0. 2. 0. 0. 5. 1.]
 [0. 2. 0. 1. 0. 0.]
 [5. 3. 0. 1. 0. 1.]
 [2. 2. 5. 0. 2. 2.]
 [2. 2. 5. 0. 0. 0.]
 [0. 1. 0. 0. 0. 0.]
 [0. 0. 0. 0. 0. 3.]
 [0. 0. 0. 5. 0. 0.]]",0,1,24,9,9,2,perdido,0
397,22,8.0,aleatoria,2,3,C:\Users\sescu\AppData\Local\Temp\_fp_repo\analisis\..\tableros\tablero_final.txt,8953109014434126403,"[[0. 2. 0. 0. 5. 1.]
 [0. 5. 0. 3. 1. 0.]
 [0. 0. 5. 0. 5. 2.]
 [0. 2. 0. 0. 2. 2.]
 [2. 2. 0. 0. 0. 2.]
 [5. 2. 0. 1. 0. 0.]
 [5. 2. 2. 0. 0. 3.]
 [0. 2. 2. 3. 0. 0.]]",0,1,26,13,8,2,perdido,0
398,22,11.0,aleatoria,2,4,C:\Users\sescu\AppData\Local\Temp\_fp_repo\analisis\..\tableros\tablero_final.txt,8953109014434126403,"[[0. 0. 0. 2. 2. 2.]
 [0. 5. 2. 2. 3. 2.]
 [0. 5. 0. 0. 0. 5.]
 [0. 5. 0. 0. 2. 2.]
 [0. 0. 1. 0. 0. 2.]
 [0. 0. 0. 0. 0. 0.]
 [5. 0. 0. 0. 0. 5.]
 [0. 0. 0. 0. 0. 0.]]",0,1,24,10,11,2,perdido,0
399,22,7.0,aleatoria,4,2,C:\Users\sescu\AppData\Local\Temp\_fp_repo\analisis\..\tableros\tablero_final.txt,8953109014434126403,"[[5. 2. 1. 0. 0. 0.]
 [2. 3. 0. 0. 2. 5.]
 [5. 0. 2. 2. 2. 0.]
 [5. 2. 2. 2. 2. 2.]
 [2. 2. 2. 2. 2. 2.]
 [2. 2. 2. 2. 0. 1.]
 [2. 2. 2. 0. 0. 3.]
 [5. 2. 2. 3. 0. 0.]]",0,1,28,26,7,4,perdido,0
400,22,7.0,aleatoria,4,3,C:\Users\sescu\AppData\Local\Temp\_fp_repo\analisis\..\tableros\tablero_final.txt,8953109014434126403,"[[0. 2. 1. 0. 5. 0.]
 [0. 2. 0. 2. 0. 0.]
 [0. 2. 3. 2. 2. 5.]
 [0. 0. 2. 2. 2. 2.]
 [2. 2. 2. 2. 2. 2.]
 [0. 1. 2. 2. 2. 2.]
 [0. 0. 0. 0. 2. 2.]
 [0. 5. 5. 3. 2. 2.]]",0,3,31,24,7,4,perdido,0
401,22,7.0,aleatoria,4,4,C:\Users\sescu\AppData\Local\Temp\_fp_repo\analisis\..\tableros\tablero_final.txt,8953109014434126403,"[[2. 2. 0. 0. 2. 0.]
 [2. 2. 2. 0. 2. 2.]
 [5. 2. 2. 2. 2. 5.]
 [2. 2. 2. 2. 2. 2.]
 [0. 2. 0. 2. 2. 0.]
 [0. 1. 0. 0. 1. 1.]
 [0. 0. 0. 3. 1. 3.]
 [0. 5. 0. 3. 0. 1.]]",0,1,24,23,7,4,perdido,0
402,22,3.0,aleatoria,6,2,C:\Users\sescu\AppData\Local\Temp\_fp_repo\analisis\..\tableros\tablero_final.txt,8953109014434126403,"[[2. 2. 2. 2. 2. 0.]
 [2. 2. 2. 5. 2. 0.]
 [2. 2. 2. 2. 2. 5.]
 [2. 2. 5. 2. 2. 2.]
 [2. 2. 2. 5. 0. 2.]
 [3. 2. 5. 0. 0. 1.]
 [2. 2. 2. 0. 0. 3.]
 [5. 0. 0. 3. 1. 1.]]",0,0,25,28,3,6,perdido,0
403,22,4.0,aleatoria,6,3,C:\Users\sescu\AppData\Local\Temp\_fp_repo\analisis\..\tableros\tablero_final.txt,8953109014434126403,"[[2. 2. 0. 0. 5. 0.]
 [2. 2. 0. 0. 4. 0.]
 [5. 2. 2. 2. 0. 5.]
 [2. 2. 2. 2. 2. 2.]
 [2. 2. 2. 2. 2. 2.]
 [2. 2. 0. 2. 2. 0.]
 [0. 2. 0. 0. 0. 2.]
 [5. 2. 0. 3. 3. 0.]]",0,1,26,27,4,6,perdido,0
404,22,4.0,aleatoria,6,4,C:\Users\sescu\AppData\Local\Temp\_fp_repo\analisis\..\tableros\tablero_final.txt,8953109014434126403,"[[2. 2. 0. 2. 5. 2.]
 [2. 2. 0. 2. 0. 2.]
 [5. 2. 0. 2. 0. 2.]
 [0. 2. 2. 2. 2. 2.]
 [2. 2. 2. 2. 2. 2.]
 [3. 2. 2. 2. 0. 0.]
 [0. 5. 0. 0. 0. 3.]
 [0. 4. 5. 0. 1. 0.]]",0,1,29,25,4,6,perdido,0
405,22,24.0,mejorada,2,2,C:\Users\sescu\AppData\Local\Temp\_fp_repo\analisis\..\tableros\tablero_final.txt,8953109014434126403,"[[0. 0. 0. 0. 1. 1.]
 [0. 0. 0. 0. 0. 0.]
 [5. 5. 0. 0. 0. 0.]
 [0. 0. 1. 0. 0. 5.]
 [0. 0. 0. 0. 0. 0.]
 [1. 0. 0. 0. 1. 0.]
 [0. 5. 0. 3. 0. 2.]
 [5. 0. 1. 3. 3. 2.]]",7,1,9,2,24,2,ganado,1
406,22,20.0,mejorada,2,3,C:\Users\sescu\AppData\Local\Temp\_fp_repo\analisis\..\tableros\tablero_final.txt,8953109014434126403,"[[1. 0. 0. 1. 0. 0.]
 [0. 0. 0. 0. 0. 1.]
 [1. 0. 5. 5. 0. 0.]
 [1. 0. 0. 5. 0. 0.]
 [0. 1. 0. 0. 0. 0.]
 [0. 0. 0. 0. 0. 0.]
 [0. 5. 0. 1. 5. 0.]
 [5. 0. 1. 3. 4. 0.]]",7,1,14,0,20,2,ganado,1
407,22,23.0,mejorada,2,4,C:\Users\sescu\AppData\Local\Temp\_fp_repo\analisis\..\tableros\tablero_final.txt,8953109014434126403,"[[0. 1. 0. 2. 2. 2.]
 [0. 3. 0. 2. 0. 2.]
 [0. 1. 3. 2. 2. 5.]
 [0. 1. 0. 2. 2. 2.]
 [0. 0. 0. 2. 5. 2.]
 [1. 0. 5. 2. 2. 2.]
 [0. 0. 5. 5. 2. 2.]
 [5. 0. 0. 3. 2. 2.]]",1,2,26,20,23,2,perdido,0
408,22,28.0,mejorada,4,2,C:\Users\sescu\AppData\Local\Temp\_fp_repo\analisis\..\tableros\tablero_final.txt,8953109014434126403,"[[1. 0. 1. 0. 0. 1.]
 [0. 0. 0. 2. 2. 0.]
 [0. 0. 5. 5. 2. 5.]
 [0. 0. 0. 0. 0. 1.]
 [0. 0. 0. 0. 0. 1.]
 [2. 5. 0. 0. 0. 1.]
 [0. 5. 0. 0. 0. 0.]
 [3. 0. 0. 0. 0. 0.]]",7,3,14,4,28,4,ganado,1
409,22,17.0,mejorada,4,3,C:\Users\sescu\AppData\Local\Temp\_fp_repo\analisis\..\tableros\tablero_final.txt,8953109014434126403,"[[0. 0. 0. 0. 0. 0.]
 [0. 0. 0. 1. 0. 0.]
 [0. 0. 0. 5. 0. 5.]
 [1. 0. 1. 1. 5. 5.]
 [1. 1. 0. 0. 1. 0.]
 [2. 0. 0. 0. 0. 2.]
 [0. 0. 0. 5. 5. 2.]
 [0. 0. 0. 0. 2. 2.]]",7,3,23,5,17,4,ganado,1
410,22,6.0,mejorada,4,4,C:\Users\sescu\AppData\Local\Temp\_fp_repo\analisis\..\tableros\tablero_final.txt,8953109014434126403,"[[0. 0. 0. 2. 2. 2.]
 [0. 2. 2. 2. 2. 2.]
 [5. 0. 2. 2. 2. 5.]
 [0. 0. 2. 2. 2. 2.]
 [0. 0. 2. 2. 2. 2.]
 [3. 2. 0. 2. 0. 0.]
 [0. 5. 0. 0. 2. 3.]
 [5. 0. 0. 3. 0. 0.]]",1,0,25,23,6,4,perdido,0
411,22,14.0,mejorada,6,2,C:\Users\sescu\AppData\Local\Temp\_fp_repo\analisis\..\tableros\tablero_final.txt,8953109014434126403,"[[0. 2. 2. 2. 2. 2.]
 [0. 0. 2. 2. 2. 0.]
 [5. 0. 2. 0. 5. 5.]
 [0. 0. 5. 0. 0. 0.]
 [1. 0. 0. 0. 0. 0.]
 [1. 0. 1. 0. 1. 0.]
 [0. 0. 5. 1. 0. 3.]
 [5. 0. 0. 3. 3. 2.]]",1,3,25,10,14,6,perdido,0
412,22,9.0,mejorada,6,3,C:\Users\sescu\AppData\Local\Temp\_fp_repo\analisis\..\tableros\tablero_final.txt,8953109014434126403,"[[1. 1. 0. 0. 0. 0.]
 [0. 0. 0. 0. 0. 0.]
 [5. 5. 3. 0. 5. 0.]
 [0. 1. 0. 2. 2. 2.]
 [0. 0. 0. 2. 2. 2.]
 [0. 0. 1. 0. 2. 2.]
 [5. 5. 0. 0. 2. 2.]
 [3. 0. 0. 2. 2. 2.]]",5,2,24,13,9,6,perdido,0
413,22,6.0,mejorada,6,4,C:\Users\sescu\AppData\Local\Temp\_fp_repo\analisis\..\tableros\tablero_final.txt,8953109014434126403,"[[3. 0. 2. 2. 2. 2.]
 [0. 5. 2. 2. 2. 0.]
 [0. 0. 0. 2. 2. 5.]
 [0. 0. 2. 2. 2. 2.]
 [5. 1. 5. 2. 2. 3.]
 [0. 2. 0. 2. 2. 2.]
 [0. 2. 0. 2. 2. 2.]
 [2. 2. 3. 2. 2. 2.]]",2,2,32,28,6,6,perdido,0
414,23,10.0,aleatoria,2,2,C:\Users\sescu\AppData\Local\Temp\_fp_repo\analisis\..\tableros\tablero_final.txt,8237588375927540125,"[[0. 0. 0. 0. 0. 0.]
 [0. 5. 0. 0. 0. 1.]
 [5. 0. 2. 0. 0. 0.]
 [0. 2. 2. 2. 0. 1.]
 [2. 2. 2. 0. 1. 1.]
 [0. 2. 2. 5. 1. 0.]
 [5. 0. 2. 0. 0. 3.]
 [0. 0. 2. 3. 3. 0.]]",0,1,24,11,10,2,perdido,0
415,23,8.0,aleatoria,2,3,C:\Users\sescu\AppData\Local\Temp\_fp_repo\analisis\..\tableros\tablero_final.txt,8237588375927540125,"[[0. 2. 0. 0. 0. 0.]
 [0. 2. 0. 0. 2. 2.]
 [0. 5. 0. 0. 2. 0.]
 [0. 1. 0. 0. 0. 4.]
 [0. 0. 0. 0. 0. 0.]
 [1. 2. 5. 0. 0. 0.]
 [2. 5. 0. 5. 0. 3.]
 [2. 0. 0. 3. 0. 1.]]",0,0,25,8,8,2,perdido,0
416,23,10.0,aleatoria,2,4,C:\Users\sescu\AppData\Local\Temp\_fp_repo\analisis\..\tableros\tablero_final.txt,8237588375927540125,"[[0. 0. 2. 0. 5. 5.]
 [0. 0. 2. 2. 2. 0.]
 [0. 5. 2. 2. 2. 2.]
 [0. 0. 0. 2. 0. 0.]
 [2. 0. 0. 2. 0. 0.]
 [0. 5. 5. 2. 0. 1.]
 [2. 0. 0. 0. 0. 3.]
 [0. 5. 4. 3. 1. 0.]]",0,1,24,13,10,2,perdido,0
417,23,6.0,aleatoria,4,2,C:\Users\sescu\AppData\Local\Temp\_fp_repo\analisis\..\tableros\tablero_final.txt,8237588375927540125,"[[2. 2. 2. 0. 5. 2.]
 [2. 2. 2. 2. 2. 2.]
 [5. 2. 2. 2. 2. 2.]
 [2. 2. 2. 2. 2. 2.]
 [2. 2. 2. 3. 2. 3.]
 [2. 2. 0. 0. 0. 0.]
 [5. 2. 2. 0. 0. 2.]
 [0. 2. 5. 3. 0. 0.]]",0,2,24,33,6,4,perdido,0
418,23,5.0,aleatoria,4,3,C:\Users\sescu\AppData\Local\Temp\_fp_repo\analisis\..\tableros\tablero_final.txt,8237588375927540125,"[[2. 2. 0. 2. 2. 2.]
 [2. 2. 0. 2. 5. 2.]
 [5. 2. 2. 2. 2. 0.]
 [2. 2. 2. 2. 5. 2.]
 [2. 0. 0. 2. 2. 2.]
 [1. 2. 0. 2. 0. 1.]
 [2. 2. 0. 2. 0. 3.]
 [5. 0. 5. 4. 0. 0.]]",0,1,24,27,5,4,perdido,0
419,23,7.0,aleatoria,4,4,C:\Users\sescu\AppData\Local\Temp\_fp_repo\analisis\..\tableros\tablero_final.txt,8237588375927540125,"[[0. 0. 0. 1. 0. 0.]
 [2. 2. 4. 0. 0. 0.]
 [5. 2. 0. 0. 0. 0.]
 [2. 0. 2. 5. 2. 2.]
 [2. 2. 2. 2. 0. 2.]
 [2. 0. 2. 0. 1. 1.]
 [2. 0. 0. 5. 0. 3.]
 [1. 0. 5. 4. 1. 0.]]",0,0,24,16,7,4,perdido,0
420,23,5.0,aleatoria,6,2,C:\Users\sescu\AppData\Local\Temp\_fp_repo\analisis\..\tableros\tablero_final.txt,8237588375927540125,"[[5. 2. 2. 0. 5. 0.]
 [2. 2. 0. 2. 0. 0.]
 [5. 2. 2. 2. 2. 2.]
 [2. 2. 2. 2. 2. 2.]
 [2. 2. 2. 2. 0. 0.]
 [2. 3. 1. 2. 0. 1.]
 [5. 5. 1. 0. 1. 3.]
 [0. 1. 0. 3. 0. 1.]]",0,0,25,23,5,6,perdido,0
421,23,4.0,aleatoria,6,3,C:\Users\sescu\AppData\Local\Temp\_fp_repo\analisis\..\tableros\tablero_final.txt,8237588375927540125,"[[2. 2. 5. 2. 2. 2.]
 [2. 2. 0. 0. 2. 2.]
 [5. 2. 2. 2. 2. 5.]
 [3. 2. 1. 2. 0. 2.]
 [2. 2. 5. 2. 0. 0.]
 [2. 2. 2. 2. 0. 0.]
 [2. 2. 5. 1. 0. 3.]
 [5. 2. 0. 3. 1. 0.]]",0,2,24,28,4,6,perdido,0
422,23,7.0,aleatoria,6,4,C:\Users\sescu\AppData\Local\Temp\_fp_repo\analisis\..\tableros\tablero_final.txt,8237588375927540125,"[[2. 2. 2. 2. 5. 0.]
 [2. 2. 2. 2. 2. 2.]
 [5. 3. 2. 2. 3. 5.]
 [2. 2. 2. 3. 0. 2.]
 [0. 2. 2. 2. 2. 2.]
 [0. 2. 0. 2. 2. 2.]
 [0. 5. 5. 2. 2. 2.]
 [2. 2. 0. 2. 2. 0.]]",0,4,24,34,7,6,perdido,0
423,23,20.0,mejorada,2,2,C:\Users\sescu\AppData\Local\Temp\_fp_repo\analisis\..\tableros\tablero_final.txt,8237588375927540125,"[[0. 1. 0. 0. 0. 0.]
 [0. 0. 5. 0. 0. 0.]
 [0. 0. 5. 0. 1. 0.]
 [5. 0. 0. 0. 0. 0.]
 [0. 0. 0. 0. 0. 1.]
 [0. 2. 0. 0. 1. 5.]
 [0. 0. 5. 2. 1. 0.]
 [5. 0. 0. 2. 0. 0.]]",6,4,9,3,20,2,perdido,0
424,23,41.0,mejorada,2,3,C:\Users\sescu\AppData\Local\Temp\_fp_repo\analisis\..\tableros\tablero_final.txt,8237588375927540125,"[[1. 0. 0. 0. 5. 0.]
 [1. 0. 0. 0. 0. 0.]
 [1. 0. 0. 1. 0. 1.]
 [0. 0. 0. 5. 0. 0.]
 [0. 5. 1. 0. 0. 1.]
 [2. 0. 0. 5. 0. 0.]
 [0. 5. 0. 0. 1. 0.]
 [0. 5. 0. 0. 0. 0.]]",7,3,8,1,41,2,ganado,1
425,23,36.0,mejorada,2,4,C:\Users\sescu\AppData\Local\Temp\_fp_repo\analisis\..\tableros\tablero_final.txt,8237588375927540125,"[[2. 0. 0. 0. 0. 0.]
 [0. 0. 0. 0. 0. 0.]
 [1. 3. 0. 0. 5. 2.]
 [3. 1. 5. 0. 2. 2.]
 [0. 0. 5. 0. 2. 2.]
 [3. 0. 0. 2. 0. 2.]
 [0. 0. 5. 2. 2. 2.]
 [5. 0. 0. 2. 2. 2.]]",3,3,25,14,36,2,perdido,0
426,23,14.0,mejorada,4,2,C:\Users\sescu\AppData\Local\Temp\_fp_repo\analisis\..\tableros\tablero_final.txt,8237588375927540125,"[[0. 0. 0. 2. 2. 2.]
 [1. 0. 5. 0. 5. 2.]
 [5. 5. 0. 0. 5. 0.]
 [0. 1. 0. 0. 2. 2.]
 [0. 1. 0. 0. 2. 2.]
 [1. 0. 0. 0. 1. 1.]
 [0. 0. 0. 0. 1. 0.]
 [1. 0. 0. 0. 0. 0.]]",6,4,8,8,14,4,perdido,0
427,23,23.0,mejorada,4,3,C:\Users\sescu\AppData\Local\Temp\_fp_repo\analisis\..\tableros\tablero_final.txt,8237588375927540125,"[[0. 1. 1. 1. 1. 1.]
 [0. 0. 0. 1. 1. 0.]
 [5. 5. 0. 0. 1. 0.]
 [2. 0. 2. 0. 0. 0.]
 [2. 2. 2. 0. 0. 2.]
 [0. 0. 1. 5. 0. 0.]
 [5. 0. 0. 0. 0. 0.]
 [0. 5. 0. 5. 0. 0.]]",5,4,20,6,23,4,perdido,0
428,23,9.0,mejorada,4,4,C:\Users\sescu\AppData\Local\Temp\_fp_repo\analisis\..\tableros\tablero_final.txt,8237588375927540125,"[[5. 2. 2. 2. 2. 3.]
 [0. 2. 2. 2. 2. 2.]
 [0. 0. 2. 2. 2. 5.]
 [0. 5. 2. 2. 2. 2.]
 [0. 0. 5. 2. 2. 0.]
 [0. 2. 1. 2. 1. 1.]
 [5. 5. 1. 2. 1. 3.]
 [3. 0. 0. 2. 0. 0.]]",1,4,24,22,9,4,perdido,0
429,23,6.0,mejorada,6,2,C:\Users\sescu\AppData\Local\Temp\_fp_repo\analisis\..\tableros\tablero_final.txt,8237588375927540125,"[[0. 1. 1. 0. 5. 2.]
 [0. 0. 0. 1. 0. 0.]
 [5. 2. 0. 5. 0. 0.]
 [2. 2. 2. 1. 2. 2.]
 [3. 2. 2. 0. 2. 3.]
 [0. 2. 1. 5. 0. 0.]
 [0. 5. 0. 2. 0. 0.]
 [5. 0. 1. 2. 0. 3.]]",0,5,2,13,6,6,perdido,0
430,23,7.0,mejorada,6,3,C:\Users\sescu\AppData\Local\Temp\_fp_repo\analisis\..\tableros\tablero_final.txt,8237588375927540125,"[[0. 0. 2. 2. 5. 2.]
 [1. 0. 2. 2. 2. 2.]
 [5. 2. 2. 2. 2. 2.]
 [0. 0. 3. 2. 0. 3.]
 [2. 2. 0. 2. 1. 0.]
 [2. 0. 5. 2. 2. 2.]
 [0. 0. 1. 3. 2. 2.]
 [0. 5. 0. 2. 0. 2.]]",0,2,25,25,7,6,perdido,0
431,23,8.0,mejorada,6,4,C:\Users\sescu\AppData\Local\Temp\_fp_repo\analisis\..\tableros\tablero_final.txt,8237588375927540125,"[[0. 0. 2. 2. 2. 2.]
 [0. 0. 0. 3. 2. 2.]
 [0. 0. 5. 2. 2. 5.]
 [0. 0. 2. 2. 2. 2.]
 [0. 1. 3. 0. 2. 2.]
 [3. 0. 0. 5. 2. 2.]
 [0. 1. 5. 0. 2. 2.]
 [0. 1. 0. 1. 2. 2.]]",1,1,26,20,8,6,perdido,0
432,24,11.0,aleatoria,2,2,C:\Users\sescu\AppData\Local\Temp\_fp_repo\analisis\..\tableros\tablero_final.txt,7179320580859366615,"[[1. 0. 0. 0. 0. 0.]
 [0. 0. 5. 0. 2. 2.]
 [0. 0. 5. 0. 0. 2.]
 [5. 0. 1. 0. 2. 2.]
 [1. 3. 1. 0. 0. 2.]
 [5. 0. 0. 2. 2. 2.]
 [5. 0. 5. 2. 2. 2.]
 [0. 0. 3. 0. 2. 2.]]",0,2,28,14,11,2,perdido,0
433,24,14.0,aleatoria,2,3,C:\Users\sescu\AppData\Local\Temp\_fp_repo\analisis\..\tableros\tablero_final.txt,7179320580859366615,"[[5. 0. 0. 0. 0. 1.]
 [2. 0. 0. 0. 0. 1.]
 [5. 5. 0. 1. 0. 0.]
 [2. 2. 2. 3. 0. 2.]
 [2. 2. 2. 1. 5. 0.]
 [2. 2. 0. 0. 1. 0.]
 [0. 0. 0. 5. 1. 3.]
 [5. 0. 0. 0. 3. 0.]]",0,1,25,11,14,2,perdido,0
434,24,13.0,aleatoria,2,4,C:\Users\sescu\AppData\Local\Temp\_fp_repo\analisis\..\tableros\tablero_final.txt,7179320580859366615,"[[0. 0. 0. 0. 2. 2.]
 [2. 2. 0. 0. 0. 0.]
 [0. 0. 2. 2. 2. 0.]
 [5. 0. 0. 2. 5. 0.]
 [0. 5. 1. 2. 0. 0.]
 [2. 1. 3. 0. 0. 0.]
 [1. 5. 0. 0. 2. 4.]
 [5. 0. 5. 4. 2. 2.]]",0,2,26,13,13,2,perdido,0
435,24,8.0,aleatoria,4,2,C:\Users\sescu\AppData\Local\Temp\_fp_repo\analisis\..\tableros\tablero_final.txt,7179320580859366615,"[[0. 0. 0. 0. 5. 2.]
 [5. 0. 0. 2. 2. 2.]
 [5. 2. 2. 2. 2. 2.]
 [2. 3. 0. 0. 0. 2.]
 [2. 2. 1. 0. 0. 0.]
 [0. 2. 0. 0. 2. 3.]
 [2. 5. 5. 5. 2. 2.]
 [0. 0. 1. 4. 2. 2.]]",0,1,26,21,8,4,perdido,0
436,24,7.0,aleatoria,4,3,C:\Users\sescu\AppData\Local\Temp\_fp_repo\analisis\..\tableros\tablero_final.txt,7179320580859366615,"[[0. 2. 2. 0. 5. 2.]
 [5. 2. 2. 2. 2. 2.]
 [5. 2. 2. 2. 2. 5.]
 [2. 2. 2. 0. 0. 2.]
 [2. 2. 2. 2. 0. 3.]
 [2. 2. 0. 0. 0. 2.]
 [2. 0. 5. 0. 0. 3.]
 [5. 0. 0. 3. 0. 0.]]",0,0,25,24,7,4,perdido,0
437,24,7.0,aleatoria,4,4,C:\Users\sescu\AppData\Local\Temp\_fp_repo\analisis\..\tableros\tablero_final.txt,7179320580859366615,"[[2. 2. 0. 2. 5. 0.]
 [2. 2. 5. 2. 0. 0.]
 [5. 2. 2. 2. 2. 2.]
 [2. 2. 0. 2. 2. 2.]
 [2. 2. 2. 2. 2. 2.]
 [0. 2. 0. 5. 3. 0.]
 [0. 5. 2. 0. 1. 3.]
 [2. 0. 2. 3. 0. 1.]]",0,1,28,27,7,4,perdido,0
438,24,5.0,aleatoria,6,2,C:\Users\sescu\AppData\Local\Temp\_fp_repo\analisis\..\tableros\tablero_final.txt,7179320580859366615,"[[2. 2. 5. 2. 0. 0.]
 [2. 2. 5. 2. 2. 2.]
 [5. 2. 2. 2. 2. 2.]
 [2. 2. 5. 2. 3. 2.]
 [2. 0. 0. 2. 0. 2.]
 [3. 2. 0. 2. 0. 0.]
 [2. 2. 2. 2. 0. 3.]
 [5. 2. 0. 2. 1. 1.]]",0,2,31,29,5,6,perdido,0
439,24,6.0,aleatoria,6,3,C:\Users\sescu\AppData\Local\Temp\_fp_repo\analisis\..\tableros\tablero_final.txt,7179320580859366615,"[[0. 5. 0. 0. 0. 3.]
 [0. 0. 2. 0. 0. 2.]
 [5. 2. 2. 2. 2. 5.]
 [2. 2. 2. 2. 2. 2.]
 [2. 2. 2. 3. 2. 2.]
 [2. 3. 0. 2. 2. 2.]
 [2. 2. 0. 0. 2. 2.]
 [5. 0. 1. 5. 0. 2.]]",0,1,29,28,6,6,perdido,0
440,24,4.0,aleatoria,6,4,C:\Users\sescu\AppData\Local\Temp\_fp_repo\analisis\..\tableros\tablero_final.txt,7179320580859366615,"[[2. 2. 0. 0. 0. 1.]
 [2. 2. 2. 0. 0. 5.]
 [5. 2. 2. 2. 2. 5.]
 [2. 2. 2. 2. 2. 2.]
 [2. 2. 2. 2. 2. 2.]
 [5. 2. 2. 2. 0. 0.]
 [0. 2. 3. 1. 0. 3.]
 [0. 5. 0. 3. 0. 1.]]",0,1,26,27,4,6,perdido,0
441,24,110.0,mejorada,2,2,C:\Users\sescu\AppData\Local\Temp\_fp_repo\analisis\..\tableros\tablero_final.txt,7179320580859366615,"[[1. 0. 0. 0. 5. 0.]
 [0. 1. 5. 0. 0. 0.]
 [0. 0. 0. 0. 0. 0.]
 [0. 0. 0. 0. 1. 1.]
 [0. 0. 0. 0. 0. 0.]
 [0. 1. 0. 1. 0. 1.]
 [1. 0. 5. 2. 1. 1.]
 [5. 5. 0. 2. 0. 1.]]",6,4,16,2,110,2,perdido,0
442,24,40.0,mejorada,2,3,C:\Users\sescu\AppData\Local\Temp\_fp_repo\analisis\..\tableros\tablero_final.txt,7179320580859366615,"[[0. 0. 0. 0. 0. 0.]
 [0. 0. 5. 5. 0. 1.]
 [5. 0. 0. 0. 1. 0.]
 [0. 0. 5. 0. 2. 2.]
 [0. 0. 1. 0. 2. 3.]
 [5. 0. 0. 0. 0. 0.]
 [0. 0. 0. 1. 0. 0.]
 [5. 0. 1. 3. 0. 0.]]",7,1,8,3,40,2,ganado,1
443,24,30.0,mejorada,2,4,C:\Users\sescu\AppData\Local\Temp\_fp_repo\analisis\..\tableros\tablero_final.txt,7179320580859366615,"[[0. 0. 0. 0. 2. 2.]
 [0. 0. 2. 2. 2. 2.]
 [5. 0. 0. 0. 0. 2.]
 [0. 2. 0. 0. 0. 0.]
 [1. 0. 5. 0. 0. 0.]
 [3. 0. 1. 1. 0. 0.]
 [2. 0. 0. 0. 5. 0.]
 [5. 5. 0. 3. 2. 2.]]",5,3,25,11,30,2,perdido,0
444,24,11.0,mejorada,4,2,C:\Users\sescu\AppData\Local\Temp\_fp_repo\analisis\..\tableros\tablero_final.txt,7179320580859366615,"[[0. 2. 0. 2. 2. 2.]
 [0. 0. 2. 2. 2. 0.]
 [5. 0. 0. 0. 0. 0.]
 [0. 0. 5. 0. 0. 1.]
 [1. 1. 1. 0. 5. 0.]
 [0. 2. 0. 1. 2. 2.]
 [0. 5. 0. 0. 3. 3.]
 [5. 0. 0. 3. 2. 2.]]",0,4,8,12,11,4,perdido,0
445,24,15.0,mejorada,4,3,C:\Users\sescu\AppData\Local\Temp\_fp_repo\analisis\..\tableros\tablero_final.txt,7179320580859366615,"[[2. 2. 1. 0. 0. 0.]
 [0. 2. 1. 1. 0. 0.]
 [5. 5. 0. 0. 0. 5.]
 [1. 0. 2. 0. 0. 0.]
 [0. 5. 2. 2. 0. 0.]
 [2. 0. 1. 2. 0. 0.]
 [0. 0. 0. 2. 0. 0.]
 [5. 0. 0. 2. 0. 1.]]",6,4,23,10,15,4,perdido,0
446,24,12.0,mejorada,4,4,C:\Users\sescu\AppData\Local\Temp\_fp_repo\analisis\..\tableros\tablero_final.txt,7179320580859366615,"[[1. 0. 0. 2. 2. 2.]
 [0. 0. 2. 2. 2. 2.]
 [5. 0. 0. 2. 2. 5.]
 [5. 5. 0. 2. 2. 2.]
 [2. 2. 2. 2. 2. 2.]
 [2. 0. 0. 3. 2. 2.]
 [0. 0. 0. 0. 0. 2.]
 [5. 5. 0. 3. 1. 3.]]",3,3,25,23,12,4,perdido,0
447,24,5.0,mejorada,6,2,C:\Users\sescu\AppData\Local\Temp\_fp_repo\analisis\..\tableros\tablero_final.txt,7179320580859366615,"[[0. 0. 0. 5. 5. 2.]
 [0. 0. 0. 1. 0. 0.]
 [5. 3. 5. 0. 2. 2.]
 [2. 2. 3. 2. 2. 2.]
 [2. 2. 2. 2. 2. 2.]
 [0. 2. 0. 2. 2. 2.]
 [0. 5. 0. 1. 2. 2.]
 [0. 5. 0. 3. 2. 2.]]",1,5,19,23,5,6,perdido,0
448,24,11.0,mejorada,6,3,C:\Users\sescu\AppData\Local\Temp\_fp_repo\analisis\..\tableros\tablero_final.txt,7179320580859366615,"[[0. 1. 5. 2. 2. 2.]
 [0. 0. 0. 0. 2. 2.]
 [2. 2. 2. 2. 2. 5.]
 [0. 2. 0. 2. 2. 2.]
 [2. 0. 0. 2. 2. 2.]
 [1. 2. 0. 2. 2. 2.]
 [0. 0. 0. 3. 2. 2.]
 [5. 5. 0. 3. 2. 2.]]",5,2,27,27,11,6,perdido,0
449,24,6.0,mejorada,6,4,C:\Users\sescu\AppData\Local\Temp\_fp_repo\analisis\..\tableros\tablero_final.txt,7179320580859366615,"[[2. 2. 2. 2. 2. 2.]
 [0. 0. 2. 2. 2. 2.]
 [5. 2. 2. 2. 2. 5.]
 [0. 5. 0. 2. 2. 2.]
 [0. 1. 0. 0. 2. 2.]
 [0. 0. 1. 0. 2. 3.]
 [0. 5. 5. 2. 2. 2.]
 [0. 0. 0. 3. 2. 0.]]",2,3,29,25,6,6,perdido,0
450,25,9.0,aleatoria,2,2,C:\Users\sescu\AppData\Local\Temp\_fp_repo\analisis\..\tableros\tablero_final.txt,1795225215291384455,"[[2. 2. 2. 0. 0. 0.]
 [0. 2. 0. 0. 5. 0.]
 [5. 0. 5. 2. 0. 0.]
 [0. 0. 0. 0. 2. 2.]
 [0. 0. 0. 4. 0. 2.]
 [0. 2. 0. 1. 5. 2.]
 [2. 0. 0. 5. 0. 3.]
 [0. 0. 0. 5. 0. 0.]]",0,0,24,11,9,2,perdido,0
451,25,8.0,aleatoria,2,3,C:\Users\sescu\AppData\Local\Temp\_fp_repo\analisis\..\tableros\tablero_final.txt,1795225215291384455,"[[0. 2. 0. 0. 0. 0.]
 [5. 3. 0. 0. 0. 0.]
 [2. 0. 0. 0. 0. 5.]
 [2. 0. 0. 5. 0. 2.]
 [2. 2. 0. 0. 0. 0.]
 [0. 2. 1. 0. 1. 0.]
 [0. 0. 0. 0. 0. 3.]
 [1. 5. 5. 4. 0. 0.]]",0,1,24,7,8,2,perdido,0
452,25,9.0,aleatoria,2,4,C:\Users\sescu\AppData\Local\Temp\_fp_repo\analisis\..\tableros\tablero_final.txt,1795225215291384455,"[[0. 2. 0. 0. 1. 1.]
 [2. 2. 2. 2. 0. 0.]
 [0. 2. 0. 0. 5. 5.]
 [0. 0. 5. 3. 0. 0.]
 [1. 0. 0. 5. 0. 0.]
 [0. 0. 1. 0. 0. 0.]
 [2. 0. 5. 1. 1. 3.]
 [0. 0. 0. 5. 0. 1.]]",0,0,26,7,9,2,perdido,0
453,25,6.0,aleatoria,4,2,C:\Users\sescu\AppData\Local\Temp\_fp_repo\analisis\..\tableros\tablero_final.txt,1795225215291384455,"[[2. 2. 2. 0. 5. 0.]
 [2. 2. 5. 2. 2. 2.]
 [5. 2. 2. 2. 2. 0.]
 [2. 2. 0. 0. 2. 2.]
 [2. 2. 0. 0. 2. 2.]
 [0. 2. 0. 1. 0. 1.]
 [0. 2. 0. 1. 0. 3.]
 [5. 0. 0. 5. 1. 0.]]",0,1,29,24,6,4,perdido,0
454,25,8.0,aleatoria,4,3,C:\Users\sescu\AppData\Local\Temp\_fp_repo\analisis\..\tableros\tablero_final.txt,1795225215291384455,"[[0. 0. 0. 2. 5. 2.]
 [0. 0. 2. 2. 2. 2.]
 [0. 0. 0. 2. 5. 2.]
 [0. 5. 0. 2. 2. 2.]
 [0. 1. 1. 0. 2. 2.]
 [0. 5. 1. 5. 0. 2.]
 [3. 0. 5. 0. 3. 2.]
 [0. 0. 1. 3. 2. 2.]]",0,2,28,17,8,4,perdido,0
455,25,6.0,aleatoria,4,4,C:\Users\sescu\AppData\Local\Temp\_fp_repo\analisis\..\tableros\tablero_final.txt,1795225215291384455,"[[2. 2. 2. 2. 2. 2.]
 [2. 2. 2. 2. 2. 2.]
 [2. 2. 2. 2. 2. 5.]
 [2. 2. 0. 4. 2. 2.]
 [2. 2. 5. 0. 2. 2.]
 [0. 2. 0. 0. 0. 0.]
 [0. 0. 5. 5. 0. 3.]
 [0. 0. 5. 3. 0. 1.]]",0,0,27,27,6,4,perdido,0
456,25,6.0,aleatoria,6,2,C:\Users\sescu\AppData\Local\Temp\_fp_repo\analisis\..\tableros\tablero_final.txt,1795225215291384455,"[[5. 2. 0. 2. 2. 2.]
 [2. 2. 2. 2. 2. 2.]
 [5. 2. 2. 2. 2. 2.]
 [0. 2. 2. 2. 2. 2.]
 [5. 2. 2. 2. 3. 0.]
 [0. 2. 2. 2. 2. 2.]
 [5. 2. 2. 1. 0. 3.]
 [0. 0. 2. 3. 0. 0.]]",0,1,28,31,6,6,perdido,0
457,25,5.0,aleatoria,6,3,C:\Users\sescu\AppData\Local\Temp\_fp_repo\analisis\..\tableros\tablero_final.txt,1795225215291384455,"[[2. 2. 2. 2. 5. 2.]
 [2. 2. 2. 2. 2. 2.]
 [5. 2. 0. 2. 2. 5.]
 [2. 2. 2. 3. 2. 2.]
 [2. 0. 0. 0. 2. 2.]
 [1. 0. 0. 0. 0. 0.]
 [2. 0. 0. 5. 0. 3.]
 [2. 2. 5. 3. 0. 0.]]",0,0,34,28,5,6,perdido,0
458,25,7.0,aleatoria,6,4,C:\Users\sescu\AppData\Local\Temp\_fp_repo\analisis\..\tableros\tablero_final.txt,1795225215291384455,"[[2. 2. 0. 0. 2. 2.]
 [2. 3. 0. 0. 2. 0.]
 [5. 2. 0. 0. 5. 5.]
 [2. 2. 2. 0. 2. 2.]
 [2. 2. 2. 0. 2. 2.]
 [2. 2. 2. 2. 2. 2.]
 [2. 2. 2. 2. 0. 3.]
 [5. 0. 0. 3. 0. 0.]]",0,0,33,29,7,6,perdido,0
459,25,27.0,mejorada,2,2,C:\Users\sescu\AppData\Local\Temp\_fp_repo\analisis\..\tableros\tablero_final.txt,1795225215291384455,"[[0. 0. 1. 1. 5. 0.]
 [0. 5. 1. 0. 1. 1.]
 [0. 0. 0. 0. 0. 1.]
 [0. 0. 0. 0. 0. 0.]
 [0. 5. 0. 0. 0. 0.]
 [0. 0. 1. 2. 0. 0.]
 [5. 0. 0. 2. 0. 0.]
 [5. 0. 1. 2. 0. 0.]]",6,4,18,3,27,2,perdido,0
460,25,40.0,mejorada,2,3,C:\Users\sescu\AppData\Local\Temp\_fp_repo\analisis\..\tableros\tablero_final.txt,1795225215291384455,"[[0. 0. 0. 1. 1. 1.]
 [2. 0. 0. 0. 0. 0.]
 [5. 0. 1. 0. 0. 0.]
 [0. 0. 1. 1. 0. 0.]
 [3. 1. 0. 1. 5. 5.]
 [3. 0. 0. 0. 1. 0.]
 [1. 0. 5. 0. 0. 0.]
 [0. 5. 0. 3. 0. 1.]]",2,4,17,1,40,2,perdido,0
461,25,29.0,mejorada,2,4,C:\Users\sescu\AppData\Local\Temp\_fp_repo\analisis\..\tableros\tablero_final.txt,1795225215291384455,"[[0. 0. 0. 0. 5. 0.]
 [0. 1. 0. 0. 0. 5.]
 [5. 0. 0. 0. 0. 1.]
 [0. 0. 3. 0. 0. 0.]
 [1. 0. 0. 1. 1. 1.]
 [5. 3. 1. 0. 2. 2.]
 [0. 3. 1. 2. 2. 2.]
 [5. 0. 1. 2. 2. 0.]]",4,4,15,7,29,2,perdido,0
462,25,21.0,mejorada,4,2,C:\Users\sescu\AppData\Local\Temp\_fp_repo\analisis\..\tableros\tablero_final.txt,1795225215291384455,"[[1. 1. 0. 5. 0. 1.]
 [0. 0. 2. 0. 5. 0.]
 [5. 0. 0. 0. 0. 0.]
 [2. 0. 0. 0. 0. 0.]
 [2. 2. 0. 0. 0. 0.]
 [2. 1. 1. 0. 0. 1.]
 [1. 0. 0. 0. 5. 0.]
 [2. 0. 0. 0. 0. 0.]]",7,2,11,6,21,4,ganado,1
463,25,15.0,mejorada,4,3,C:\Users\sescu\AppData\Local\Temp\_fp_repo\analisis\..\tableros\tablero_final.txt,1795225215291384455,"[[0. 0. 0. 0. 0. 0.]
 [0. 0. 0. 0. 5. 0.]
 [0. 0. 0. 5. 0. 0.]
 [0. 0. 1. 5. 0. 2.]
 [2. 2. 5. 2. 0. 2.]
 [0. 0. 0. 2. 2. 2.]
 [0. 5. 0. 0. 2. 2.]
 [0. 0. 0. 2. 2. 2.]]",6,3,27,13,15,4,perdido,0
464,25,16.0,mejorada,4,4,C:\Users\sescu\AppData\Local\Temp\_fp_repo\analisis\..\tableros\tablero_final.txt,1795225215291384455,"[[0. 2. 0. 2. 2. 0.]
 [2. 0. 2. 2. 2. 0.]
 [5. 0. 0. 0. 0. 5.]
 [2. 0. 2. 5. 5. 2.]
 [0. 2. 2. 0. 0. 0.]
 [2. 0. 2. 0. 0. 2.]
 [0. 2. 2. 2. 3. 2.]
 [5. 0. 3. 3. 0. 2.]]",2,4,20,21,16,4,perdido,0
465,25,7.0,mejorada,6,2,C:\Users\sescu\AppData\Local\Temp\_fp_repo\analisis\..\tableros\tablero_final.txt,1795225215291384455,"[[0. 0. 3. 0. 0. 1.]
 [0. 0. 0. 0. 0. 0.]
 [0. 0. 5. 0. 0. 5.]
 [0. 0. 0. 0. 2. 0.]
 [1. 3. 1. 5. 2. 2.]
 [0. 3. 1. 0. 2. 2.]
 [0. 5. 0. 0. 2. 2.]
 [5. 0. 1. 2. 2. 2.]]",4,2,24,10,7,6,perdido,0
466,25,9.0,mejorada,6,3,C:\Users\sescu\AppData\Local\Temp\_fp_repo\analisis\..\tableros\tablero_final.txt,1795225215291384455,"[[0. 0. 2. 2. 2. 2.]
 [0. 0. 5. 0. 2. 2.]
 [5. 0. 2. 2. 2. 2.]
 [5. 5. 2. 2. 2. 2.]
 [1. 0. 2. 2. 2. 2.]
 [2. 0. 1. 2. 0. 0.]
 [0. 5. 0. 0. 3. 3.]
 [5. 0. 0. 3. 2. 2.]]",1,0,29,22,9,6,perdido,0
467,25,6.0,mejorada,6,4,C:\Users\sescu\AppData\Local\Temp\_fp_repo\analisis\..\tableros\tablero_final.txt,1795225215291384455,"[[0. 2. 2. 2. 0. 2.]
 [0. 2. 2. 2. 2. 2.]
 [5. 2. 2. 2. 2. 5.]
 [2. 2. 0. 2. 2. 2.]
 [2. 5. 2. 2. 0. 2.]
 [1. 0. 2. 2. 2. 3.]
 [0. 0. 0. 2. 0. 2.]
 [5. 5. 2. 2. 0. 3.]]",2,4,28,31,6,6,perdido,0
468,26,11.0,aleatoria,2,2,C:\Users\sescu\AppData\Local\Temp\_fp_repo\analisis\..\tableros\tablero_final.txt,4304741454788720907,"[[0. 0. 0. 3. 5. 0.]
 [5. 0. 0. 2. 2. 0.]
 [2. 2. 2. 2. 2. 5.]
 [0. 0. 0. 2. 2. 2.]
 [1. 0. 5. 2. 2. 2.]
 [0. 3. 0. 0. 2. 0.]
 [5. 0. 0. 1. 2. 3.]
 [0. 0. 1. 0. 0. 0.]]",1,4,27,16,11,2,perdido,0
469,26,9.0,aleatoria,2,3,C:\Users\sescu\AppData\Local\Temp\_fp_repo\analisis\..\tableros\tablero_final.txt,4304741454788720907,"[[2. 2. 2. 2. 2. 2.]
 [5. 2. 0. 0. 5. 3.]
 [5. 0. 2. 2. 2. 0.]
 [0. 2. 0. 0. 0. 0.]
 [2. 2. 2. 0. 0. 0.]
 [0. 2. 0. 0. 1. 0.]
 [0. 5. 0. 0. 0. 5.]
 [0. 0. 0. 5. 3. 0.]]",0,2,25,15,9,2,perdido,0
470,26,10.0,aleatoria,2,4,C:\Users\sescu\AppData\Local\Temp\_fp_repo\analisis\..\tableros\tablero_final.txt,4304741454788720907,"[[2. 2. 0. 0. 0. 0.]
 [0. 2. 0. 0. 2. 0.]
 [0. 0. 1. 0. 2. 3.]
 [0. 0. 0. 5. 2. 2.]
 [1. 5. 5. 5. 0. 2.]
 [5. 0. 0. 1. 0. 0.]
 [0. 1. 1. 3. 0. 0.]
 [3. 0. 0. 2. 0. 5.]]",0,1,24,9,10,2,perdido,0
471,26,10.0,aleatoria,4,2,C:\Users\sescu\AppData\Local\Temp\_fp_repo\analisis\..\tableros\tablero_final.txt,4304741454788720907,"[[5. 2. 0. 4. 5. 1.]
 [0. 0. 0. 5. 0. 1.]
 [0. 2. 0. 2. 0. 0.]
 [0. 0. 2. 2. 0. 2.]
 [2. 0. 2. 0. 1. 0.]
 [5. 2. 2. 2. 3. 0.]
 [2. 2. 2. 2. 0. 2.]
 [5. 0. 2. 3. 1. 0.]]",0,3,24,17,10,4,perdido,0
472,26,7.0,aleatoria,4,3,C:\Users\sescu\AppData\Local\Temp\_fp_repo\analisis\..\tableros\tablero_final.txt,4304741454788720907,"[[2. 2. 2. 2. 5. 2.]
 [2. 2. 2. 2. 2. 2.]
 [2. 0. 2. 3. 2. 2.]
 [0. 1. 0. 0. 5. 2.]
 [0. 5. 0. 1. 0. 2.]
 [1. 2. 5. 1. 1. 1.]
 [1. 0. 0. 1. 0. 3.]
 [0. 0. 1. 3. 2. 0.]]",0,0,27,20,7,4,perdido,0
473,26,5.0,aleatoria,4,4,C:\Users\sescu\AppData\Local\Temp\_fp_repo\analisis\..\tableros\tablero_final.txt,4304741454788720907,"[[2. 2. 0. 5. 0. 0.]
 [2. 2. 5. 5. 0. 1.]
 [5. 2. 0. 2. 0. 0.]
 [2. 2. 3. 0. 2. 2.]
 [2. 2. 2. 0. 0. 0.]
 [2. 2. 0. 0. 0. 0.]
 [2. 2. 0. 0. 0. 2.]
 [5. 2. 5. 4. 0. 2.]]",0,2,26,20,5,4,perdido,0
474,26,4.0,aleatoria,6,2,C:\Users\sescu\AppData\Local\Temp\_fp_repo\analisis\..\tableros\tablero_final.txt,4304741454788720907,"[[2. 2. 0. 2. 0. 0.]
 [2. 2. 2. 2. 5. 5.]
 [5. 2. 2. 2. 2. 2.]
 [2. 2. 2. 2. 2. 2.]
 [2. 2. 2. 0. 2. 2.]
 [0. 2. 0. 0. 3. 1.]
 [5. 2. 2. 1. 0. 3.]
 [5. 2. 0. 3. 0. 0.]]",0,0,27,28,4,6,perdido,0
475,26,5.0,aleatoria,6,3,C:\Users\sescu\AppData\Local\Temp\_fp_repo\analisis\..\tableros\tablero_final.txt,4304741454788720907,"[[2. 2. 2. 2. 5. 2.]
 [5. 2. 2. 2. 2. 2.]
 [5. 2. 2. 2. 2. 2.]
 [2. 2. 2. 2. 2. 2.]
 [0. 2. 0. 0. 2. 2.]
 [0. 2. 3. 2. 2. 2.]
 [3. 5. 1. 5. 2. 2.]
 [3. 0. 0. 0. 2. 0.]]",0,3,29,32,5,6,perdido,0
476,26,3.0,aleatoria,6,4,C:\Users\sescu\AppData\Local\Temp\_fp_repo\analisis\..\tableros\tablero_final.txt,4304741454788720907,"[[2. 2. 0. 2. 5. 2.]
 [2. 2. 2. 2. 2. 2.]
 [5. 2. 0. 2. 0. 2.]
 [2. 0. 0. 0. 3. 2.]
 [2. 2. 0. 5. 0. 2.]
 [2. 2. 0. 0. 2. 0.]
 [2. 5. 1. 0. 0. 3.]
 [5. 0. 1. 3. 0. 0.]]",0,2,24,24,3,6,perdido,0
477,26,51.0,mejorada,2,2,C:\Users\sescu\AppData\Local\Temp\_fp_repo\analisis\..\tableros\tablero_final.txt,4304741454788720907,"[[1. 0. 0. 0. 0. 0.]
 [0. 5. 1. 0. 5. 0.]
 [1. 0. 1. 0. 0. 5.]
 [0. 0. 0. 1. 0. 1.]
 [0. 5. 0. 0. 1. 1.]
 [0. 0. 0. 0. 0. 1.]
 [5. 5. 0. 0. 1. 0.]
 [0. 0. 0. 0. 0. 1.]]",7,3,21,0,51,2,ganado,1
478,26,85.0,mejorada,2,3,C:\Users\sescu\AppData\Local\Temp\_fp_repo\analisis\..\tableros\tablero_final.txt,4304741454788720907,"[[0. 1. 0. 0. 0. 0.]
 [0. 0. 0. 1. 0. 0.]
 [5. 0. 0. 1. 0. 0.]
 [0. 0. 2. 1. 5. 5.]
 [0. 0. 2. 1. 0. 0.]
 [2. 0. 1. 0. 0. 5.]
 [0. 5. 0. 0. 0. 0.]
 [0. 5. 0. 0. 0. 0.]]",6,4,15,3,85,2,perdido,0
479,26,20.0,mejorada,2,4,C:\Users\sescu\AppData\Local\Temp\_fp_repo\analisis\..\tableros\tablero_final.txt,4304741454788720907,"[[2. 0. 0. 0. 5. 1.]
 [0. 0. 0. 0. 0. 0.]
 [0. 0. 0. 0. 5. 0.]
 [0. 0. 1. 0. 2. 0.]
 [0. 0. 0. 0. 0. 2.]
 [0. 2. 0. 2. 2. 2.]
 [0. 5. 0. 0. 2. 5.]
 [5. 0. 1. 3. 2. 2.]]",7,2,14,10,20,2,ganado,1
480,26,11.0,mejorada,4,2,C:\Users\sescu\AppData\Local\Temp\_fp_repo\analisis\..\tableros\tablero_final.txt,4304741454788720907,"[[0. 0. 0. 1. 0. 1.]
 [0. 5. 0. 0. 0. 0.]
 [0. 5. 5. 0. 5. 0.]
 [1. 0. 1. 0. 2. 2.]
 [0. 3. 1. 1. 2. 0.]
 [1. 0. 0. 1. 2. 2.]
 [1. 5. 0. 2. 0. 3.]
 [5. 0. 0. 2. 2. 0.]]",7,2,3,8,11,4,ganado,1
481,26,10.0,mejorada,4,3,C:\Users\sescu\AppData\Local\Temp\_fp_repo\analisis\..\tableros\tablero_final.txt,4304741454788720907,"[[0. 0. 0. 0. 0. 0.]
 [0. 0. 0. 0. 0. 0.]
 [5. 0. 1. 0. 0. 5.]
 [5. 0. 2. 0. 0. 2.]
 [2. 2. 2. 0. 2. 0.]
 [5. 0. 0. 1. 2. 2.]
 [0. 0. 0. 0. 2. 3.]
 [5. 0. 1. 3. 0. 0.]]",7,0,9,9,10,4,ganado,1
482,26,10.0,mejorada,4,4,C:\Users\sescu\AppData\Local\Temp\_fp_repo\analisis\..\tableros\tablero_final.txt,4304741454788720907,"[[2. 2. 0. 5. 5. 0.]
 [2. 2. 0. 0. 0. 0.]
 [2. 2. 5. 5. 5. 2.]
 [2. 0. 2. 0. 2. 2.]
 [2. 2. 2. 0. 2. 2.]
 [3. 2. 0. 0. 0. 2.]
 [0. 2. 0. 0. 0. 0.]
 [2. 0. 1. 1. 0. 0.]]",6,2,26,20,10,4,perdido,0
483,26,10.0,mejorada,6,2,C:\Users\sescu\AppData\Local\Temp\_fp_repo\analisis\..\tableros\tablero_final.txt,4304741454788720907,"[[0. 0. 2. 2. 2. 2.]
 [0. 0. 0. 2. 2. 0.]
 [2. 2. 2. 2. 2. 5.]
 [0. 2. 2. 2. 2. 0.]
 [2. 2. 2. 2. 2. 2.]
 [3. 2. 0. 2. 0. 5.]
 [1. 0. 0. 1. 0. 0.]
 [5. 5. 0. 3. 3. 0.]]",2,2,33,23,10,6,perdido,0
484,26,9.0,mejorada,6,3,C:\Users\sescu\AppData\Local\Temp\_fp_repo\analisis\..\tableros\tablero_final.txt,4304741454788720907,"[[2. 2. 2. 2. 2. 0.]
 [2. 2. 2. 2. 2. 2.]
 [5. 2. 2. 2. 2. 5.]
 [0. 2. 0. 0. 2. 2.]
 [0. 2. 0. 2. 2. 3.]
 [1. 2. 0. 2. 2. 2.]
 [1. 5. 0. 3. 2. 2.]
 [5. 0. 1. 3. 2. 2.]]",3,1,29,31,9,6,perdido,0
485,26,5.0,mejorada,6,4,C:\Users\sescu\AppData\Local\Temp\_fp_repo\analisis\..\tableros\tablero_final.txt,4304741454788720907,"[[0. 2. 2. 2. 2. 2.]
 [2. 2. 2. 2. 2. 2.]
 [5. 2. 2. 2. 2. 2.]
 [2. 2. 0. 2. 0. 2.]
 [0. 0. 3. 2. 2. 2.]
 [0. 0. 0. 5. 0. 2.]
 [1. 5. 0. 0. 0. 2.]
 [5. 0. 0. 3. 1. 0.]]",1,3,26,26,5,6,perdido,0
486,27,12.0,aleatoria,2,2,C:\Users\sescu\AppData\Local\Temp\_fp_repo\analisis\..\tableros\tablero_final.txt,404018428470862364,"[[2. 2. 5. 0. 0. 0.]
 [2. 0. 5. 0. 2. 5.]
 [2. 0. 0. 0. 2. 0.]
 [2. 0. 0. 0. 2. 3.]
 [2. 2. 2. 2. 2. 2.]
 [2. 2. 2. 0. 2. 0.]
 [0. 5. 5. 0. 0. 3.]
 [0. 0. 0. 3. 1. 0.]]",1,0,24,18,12,2,perdido,0
487,27,11.0,aleatoria,2,3,C:\Users\sescu\AppData\Local\Temp\_fp_repo\analisis\..\tableros\tablero_final.txt,404018428470862364,"[[2. 2. 2. 0. 0. 0.]
 [5. 2. 5. 2. 0. 0.]
 [5. 0. 5. 0. 0. 0.]
 [0. 0. 0. 0. 2. 2.]
 [0. 2. 0. 2. 2. 2.]
 [1. 2. 2. 0. 1. 0.]
 [0. 5. 0. 0. 3. 3.]
 [5. 0. 0. 3. 0. 0.]]",0,0,26,13,11,2,perdido,0
488,27,9.0,aleatoria,2,4,C:\Users\sescu\AppData\Local\Temp\_fp_repo\analisis\..\tableros\tablero_final.txt,404018428470862364,"[[0. 2. 0. 0. 5. 0.]
 [2. 2. 0. 1. 0. 0.]
 [5. 2. 2. 2. 2. 5.]
 [2. 0. 5. 2. 2. 2.]
 [3. 0. 0. 2. 2. 2.]
 [2. 2. 0. 2. 0. 1.]
 [0. 0. 2. 0. 0. 3.]
 [5. 0. 0. 3. 1. 1.]]",0,1,24,19,9,2,perdido,0
489,27,8.0,aleatoria,4,2,C:\Users\sescu\AppData\Local\Temp\_fp_repo\analisis\..\tableros\tablero_final.txt,404018428470862364,"[[0. 0. 2. 0. 2. 2.]
 [0. 0. 2. 2. 2. 2.]
 [5. 0. 5. 2. 2. 2.]
 [0. 2. 2. 0. 5. 0.]
 [2. 2. 2. 0. 0. 0.]
 [0. 2. 2. 2. 0. 0.]
 [0. 5. 4. 1. 1. 3.]
 [0. 1. 0. 3. 1. 0.]]",0,1,25,18,8,4,perdido,0
490,27,6.0,aleatoria,4,3,C:\Users\sescu\AppData\Local\Temp\_fp_repo\analisis\..\tableros\tablero_final.txt,404018428470862364,"[[2. 2. 0. 1. 0. 5.]
 [2. 2. 2. 0. 2. 2.]
 [5. 0. 2. 2. 2. 0.]
 [2. 2. 2. 0. 0. 1.]
 [2. 2. 3. 5. 0. 0.]
 [2. 2. 2. 0. 0. 0.]
 [2. 2. 2. 0. 0. 3.]
 [5. 0. 0. 3. 0. 1.]]",0,0,25,23,6,4,perdido,0
491,27,7.0,aleatoria,4,4,C:\Users\sescu\AppData\Local\Temp\_fp_repo\analisis\..\tableros\tablero_final.txt,404018428470862364,"[[2. 2. 3. 0. 5. 2.]
 [5. 2. 0. 2. 5. 2.]
 [2. 2. 2. 2. 2. 2.]
 [0. 2. 0. 2. 1. 3.]
 [0. 2. 0. 2. 0. 1.]
 [2. 5. 5. 2. 2. 2.]
 [0. 5. 0. 0. 2. 2.]
 [0. 2. 0. 3. 2. 2.]]",0,1,29,25,7,4,perdido,0
492,27,7.0,aleatoria,6,2,C:\Users\sescu\AppData\Local\Temp\_fp_repo\analisis\..\tableros\tablero_final.txt,404018428470862364,"[[2. 2. 2. 0. 1. 5.]
 [2. 2. 2. 0. 1. 1.]
 [5. 2. 0. 5. 5. 0.]
 [2. 2. 2. 2. 2. 2.]
 [2. 2. 2. 2. 2. 2.]
 [0. 2. 2. 2. 0. 2.]
 [5. 5. 2. 0. 0. 2.]
 [2. 2. 2. 3. 1. 0.]]",0,3,34,29,7,6,perdido,0
493,27,6.0,aleatoria,6,3,C:\Users\sescu\AppData\Local\Temp\_fp_repo\analisis\..\tableros\tablero_final.txt,404018428470862364,"[[5. 2. 2. 0. 5. 0.]
 [2. 2. 2. 2. 2. 0.]
 [5. 2. 2. 2. 2. 5.]
 [0. 2. 2. 0. 2. 2.]
 [2. 3. 2. 0. 2. 2.]
 [1. 2. 0. 1. 2. 0.]
 [0. 2. 2. 0. 2. 3.]
 [5. 2. 0. 3. 2. 2.]]",0,2,30,30,6,6,perdido,0
494,27,6.0,aleatoria,6,4,C:\Users\sescu\AppData\Local\Temp\_fp_repo\analisis\..\tableros\tablero_final.txt,404018428470862364,"[[2. 2. 2. 2. 2. 2.]
 [2. 2. 2. 2. 2. 2.]
 [5. 2. 2. 2. 2. 3.]
 [0. 0. 0. 2. 2. 2.]
 [0. 0. 0. 2. 0. 2.]
 [2. 2. 3. 2. 2. 2.]
 [2. 2. 2. 2. 3. 2.]
 [5. 2. 2. 2. 2. 2.]]",0,2,28,36,6,6,perdido,0
495,27,11.0,mejorada,2,2,C:\Users\sescu\AppData\Local\Temp\_fp_repo\analisis\..\tableros\tablero_final.txt,404018428470862364,"[[3. 1. 1. 0. 0. 0.]
 [0. 0. 0. 0. 0. 1.]
 [5. 5. 5. 5. 0. 0.]
 [1. 0. 0. 0. 2. 2.]
 [0. 0. 0. 1. 2. 2.]
 [0. 2. 0. 0. 0. 0.]
 [0. 5. 0. 0. 1. 3.]
 [5. 0. 0. 3. 0. 1.]]",7,0,2,5,11,2,ganado,1
496,27,17.0,mejorada,2,3,C:\Users\sescu\AppData\Local\Temp\_fp_repo\analisis\..\tableros\tablero_final.txt,404018428470862364,"[[0. 1. 0. 0. 5. 0.]
 [0. 0. 0. 0. 1. 0.]
 [0. 0. 0. 1. 5. 0.]
 [5. 0. 1. 0. 0. 0.]
 [0. 0. 0. 0. 3. 0.]
 [0. 3. 1. 0. 2. 2.]
 [0. 5. 3. 2. 2. 2.]
 [5. 0. 1. 2. 2. 2.]]",0,4,7,8,17,2,perdido,0
497,27,12.0,mejorada,2,4,C:\Users\sescu\AppData\Local\Temp\_fp_repo\analisis\..\tableros\tablero_final.txt,404018428470862364,"[[0. 0. 0. 1. 5. 0.]
 [3. 0. 0. 0. 0. 0.]
 [5. 0. 0. 0. 5. 1.]
 [0. 0. 0. 0. 2. 2.]
 [0. 0. 0. 0. 2. 0.]
 [0. 0. 0. 0. 2. 2.]
 [0. 5. 0. 0. 2. 2.]
 [5. 0. 1. 3. 2. 2.]]",7,2,9,9,12,2,ganado,1
498,27,22.0,mejorada,4,2,C:\Users\sescu\AppData\Local\Temp\_fp_repo\analisis\..\tableros\tablero_final.txt,404018428470862364,"[[1. 0. 0. 1. 0. 1.]
 [1. 0. 1. 1. 1. 0.]
 [0. 0. 0. 0. 0. 5.]
 [1. 0. 1. 0. 0. 0.]
 [0. 0. 0. 0. 0. 0.]
 [2. 3. 0. 1. 0. 5.]
 [1. 0. 5. 2. 0. 5.]
 [5. 0. 0. 2. 0. 0.]]",7,2,14,3,22,4,ganado,1
499,27,11.0,mejorada,4,3,C:\Users\sescu\AppData\Local\Temp\_fp_repo\analisis\..\tableros\tablero_final.txt,404018428470862364,"[[0. 0. 0. 0. 0. 1.]
 [0. 0. 0. 5. 0. 1.]
 [5. 0. 1. 5. 0. 0.]
 [0. 0. 0. 2. 2. 2.]
 [3. 2. 1. 2. 2. 2.]
 [2. 0. 0. 2. 2. 2.]
 [0. 0. 0. 1. 2. 2.]
 [5. 5. 0. 3. 2. 2.]]",4,4,10,15,11,4,perdido,0
500,27,7.0,mejorada,4,4,C:\Users\sescu\AppData\Local\Temp\_fp_repo\analisis\..\tableros\tablero_final.txt,404018428470862364,"[[0. 0. 5. 2. 2. 3.]
 [1. 0. 0. 2. 2. 2.]
 [0. 1. 5. 2. 2. 5.]
 [0. 5. 0. 2. 2. 2.]
 [0. 0. 0. 2. 2. 2.]
 [0. 2. 0. 2. 2. 3.]
 [0. 0. 5. 0. 2. 2.]
 [5. 0. 0. 3. 2. 2.]]",1,2,24,21,7,4,perdido,0
501,27,11.0,mejorada,6,2,C:\Users\sescu\AppData\Local\Temp\_fp_repo\analisis\..\tableros\tablero_final.txt,404018428470862364,"[[2. 2. 0. 0. 0. 1.]
 [2. 2. 0. 0. 0. 0.]
 [0. 2. 0. 0. 5. 5.]
 [2. 0. 2. 5. 0. 5.]
 [2. 0. 2. 0. 2. 2.]
 [0. 0. 0. 5. 0. 3.]
 [0. 0. 1. 0. 2. 2.]
 [1. 0. 0. 3. 3. 2.]]",2,4,15,14,11,6,perdido,0
502,27,7.0,mejorada,6,3,C:\Users\sescu\AppData\Local\Temp\_fp_repo\analisis\..\tableros\tablero_final.txt,404018428470862364,"[[0. 0. 2. 2. 5. 2.]
 [0. 0. 5. 2. 2. 2.]
 [0. 0. 1. 0. 2. 5.]
 [0. 1. 0. 0. 2. 2.]
 [0. 0. 0. 5. 2. 2.]
 [0. 2. 1. 2. 2. 2.]
 [0. 5. 0. 0. 2. 3.]
 [5. 0. 1. 3. 2. 2.]]",1,3,25,21,7,6,perdido,0
503,27,6.0,mejorada,6,4,C:\Users\sescu\AppData\Local\Temp\_fp_repo\analisis\..\tableros\tablero_final.txt,404018428470862364,"[[1. 0. 2. 2. 5. 2.]
 [5. 2. 2. 2. 0. 2.]
 [0. 2. 2. 2. 2. 5.]
 [0. 2. 3. 2. 2. 2.]
 [0. 2. 3. 2. 2. 2.]
 [3. 0. 1. 2. 2. 2.]
 [0. 5. 0. 2. 2. 2.]
 [5. 0. 0. 2. 2. 2.]]",1,4,26,29,6,6,perdido,0
504,28,10.0,aleatoria,2,2,C:\Users\sescu\AppData\Local\Temp\_fp_repo\analisis\..\tableros\tablero_final.txt,1423069386716347727,"[[0. 0. 0. 0. 0. 0.]
 [5. 5. 0. 0. 0. 0.]
 [2. 3. 0. 0. 0. 5.]
 [2. 2. 1. 5. 2. 2.]
 [2. 2. 1. 0. 0. 0.]
 [0. 1. 0. 5. 0. 5.]
 [2. 0. 0. 1. 0. 3.]
 [0. 0. 0. 3. 1. 1.]]",0,1,24,8,10,2,perdido,0
505,28,10.0,aleatoria,2,3,C:\Users\sescu\AppData\Local\Temp\_fp_repo\analisis\..\tableros\tablero_final.txt,1423069386716347727,"[[3. 2. 0. 0. 1. 3.]
 [0. 2. 2. 0. 0. 0.]
 [5. 2. 5. 0. 0. 5.]
 [0. 2. 0. 0. 0. 2.]
 [2. 2. 2. 2. 1. 0.]
 [0. 0. 0. 0. 1. 1.]
 [0. 0. 0. 0. 0. 3.]
 [0. 0. 0. 5. 1. 1.]]",0,1,25,10,10,2,perdido,0
506,28,10.0,aleatoria,2,4,C:\Users\sescu\AppData\Local\Temp\_fp_repo\analisis\..\tableros\tablero_final.txt,1423069386716347727,"[[0. 0. 0. 0. 5. 0.]
 [4. 0. 2. 2. 2. 0.]
 [5. 2. 2. 2. 2. 5.]
 [0. 0. 0. 2. 2. 2.]
 [0. 0. 2. 2. 2. 2.]
 [5. 2. 0. 2. 0. 0.]
 [0. 0. 0. 5. 0. 3.]
 [0. 0. 0. 3. 0. 1.]]",0,0,24,17,10,2,perdido,0
507,28,6.0,aleatoria,4,2,C:\Users\sescu\AppData\Local\Temp\_fp_repo\analisis\..\tableros\tablero_final.txt,1423069386716347727,"[[2. 2. 0. 4. 0. 2.]
 [5. 2. 2. 2. 0. 2.]
 [5. 2. 2. 2. 2. 2.]
 [0. 2. 0. 2. 2. 2.]
 [3. 0. 5. 2. 2. 2.]
 [3. 2. 0. 2. 0. 2.]
 [2. 2. 5. 5. 0. 2.]
 [0. 0. 0. 0. 1. 0.]]",0,1,28,26,6,4,perdido,0
508,28,5.0,aleatoria,4,3,C:\Users\sescu\AppData\Local\Temp\_fp_repo\analisis\..\tableros\tablero_final.txt,1423069386716347727,"[[3. 2. 5. 5. 2. 2.]
 [0. 2. 2. 0. 2. 0.]
 [2. 2. 2. 2. 2. 2.]
 [0. 5. 0. 0. 2. 2.]
 [0. 1. 5. 0. 2. 2.]
 [1. 3. 2. 0. 3. 2.]
 [5. 0. 2. 0. 0. 2.]
 [5. 0. 0. 0. 0. 0.]]",0,4,23,20,5,4,perdido,0
509,28,6.0,aleatoria,4,4,C:\Users\sescu\AppData\Local\Temp\_fp_repo\analisis\..\tableros\tablero_final.txt,1423069386716347727,"[[0. 2. 2. 2. 3. 5.]
 [5. 2. 2. 2. 2. 2.]
 [5. 2. 2. 2. 2. 2.]
 [0. 2. 0. 2. 2. 5.]
 [2. 2. 2. 2. 2. 2.]
 [5. 2. 0. 2. 0. 2.]
 [2. 2. 0. 2. 0. 3.]
 [5. 2. 2. 3. 0. 0.]]",0,0,30,31,6,4,perdido,0
510,28,5.0,aleatoria,6,2,C:\Users\sescu\AppData\Local\Temp\_fp_repo\analisis\..\tableros\tablero_final.txt,1423069386716347727,"[[5. 2. 2. 2. 5. 2.]
 [2. 2. 2. 2. 2. 2.]
 [0. 2. 2. 2. 2. 5.]
 [4. 0. 0. 2. 2. 2.]
 [0. 1. 5. 2. 2. 2.]
 [1. 5. 1. 2. 2. 2.]
 [1. 1. 3. 1. 2. 2.]
 [1. 1. 0. 3. 0. 2.]]",0,2,30,28,5,6,perdido,0
511,28,4.0,aleatoria,6,3,C:\Users\sescu\AppData\Local\Temp\_fp_repo\analisis\..\tableros\tablero_final.txt,1423069386716347727,"[[2. 2. 2. 0. 5. 2.]
 [2. 2. 2. 2. 2. 2.]
 [2. 2. 2. 2. 2. 2.]
 [2. 2. 5. 2. 2. 2.]
 [5. 0. 0. 0. 2. 2.]
 [1. 2. 1. 5. 2. 2.]
 [0. 5. 5. 0. 0. 3.]
 [0. 1. 0. 3. 0. 3.]]",0,1,30,27,4,6,perdido,0
512,28,5.0,aleatoria,6,4,C:\Users\sescu\AppData\Local\Temp\_fp_repo\analisis\..\tableros\tablero_final.txt,1423069386716347727,"[[5. 0. 2. 2. 5. 3.]
 [3. 5. 2. 2. 2. 2.]
 [0. 0. 2. 2. 5. 2.]
 [2. 2. 2. 2. 2. 2.]
 [2. 2. 2. 2. 2. 2.]
 [1. 2. 2. 2. 0. 0.]
 [0. 5. 0. 2. 0. 3.]
 [1. 5. 0. 2. 0. 0.]]",0,3,24,27,5,6,perdido,0
513,28,27.0,mejorada,2,2,C:\Users\sescu\AppData\Local\Temp\_fp_repo\analisis\..\tableros\tablero_final.txt,1423069386716347727,"[[0. 0. 0. 1. 1. 1.]
 [0. 0. 0. 0. 0. 1.]
 [5. 5. 0. 5. 0. 5.]
 [5. 0. 1. 1. 0. 0.]
 [0. 0. 0. 1. 0. 0.]
 [3. 0. 0. 0. 1. 0.]
 [0. 0. 0. 0. 0. 0.]
 [5. 0. 0. 0. 1. 0.]]",8,1,16,0,27,2,ganado,1
514,28,12.0,mejorada,2,3,C:\Users\sescu\AppData\Local\Temp\_fp_repo\analisis\..\tableros\tablero_final.txt,1423069386716347727,"[[0. 0. 1. 0. 5. 0.]
 [0. 0. 0. 0. 0. 0.]
 [0. 1. 0. 0. 0. 5.]
 [0. 0. 0. 0. 0. 5.]
 [0. 1. 1. 1. 5. 0.]
 [0. 2. 1. 0. 0. 0.]
 [5. 0. 1. 0. 0. 3.]
 [0. 5. 3. 3. 1. 1.]]",7,0,10,1,12,2,ganado,1
515,28,20.0,mejorada,2,4,C:\Users\sescu\AppData\Local\Temp\_fp_repo\analisis\..\tableros\tablero_final.txt,1423069386716347727,"[[0. 2. 2. 0. 5. 0.]
 [0. 2. 2. 2. 0. 2.]
 [0. 3. 2. 2. 2. 5.]
 [3. 0. 1. 2. 2. 2.]
 [2. 0. 0. 2. 2. 2.]
 [0. 0. 5. 0. 3. 2.]
 [0. 5. 0. 2. 2. 2.]
 [0. 0. 0. 2. 2. 0.]]",2,3,24,23,20,2,perdido,0
516,28,28.0,mejorada,4,2,C:\Users\sescu\AppData\Local\Temp\_fp_repo\analisis\..\tableros\tablero_final.txt,1423069386716347727,"[[0. 0. 1. 0. 0. 0.]
 [0. 0. 0. 3. 0. 5.]
 [0. 0. 0. 0. 5. 0.]
 [0. 0. 0. 0. 0. 0.]
 [1. 0. 0. 1. 5. 0.]
 [1. 0. 0. 0. 1. 0.]
 [0. 0. 0. 0. 5. 0.]
 [5. 5. 0. 1. 0. 3.]]",7,2,22,0,28,4,ganado,1
517,28,20.0,mejorada,4,3,C:\Users\sescu\AppData\Local\Temp\_fp_repo\analisis\..\tableros\tablero_final.txt,1423069386716347727,"[[1. 1. 0. 3. 3. 2.]
 [1. 0. 0. 0. 5. 2.]
 [0. 0. 0. 0. 0. 5.]
 [5. 0. 0. 0. 0. 0.]
 [1. 5. 2. 1. 0. 0.]
 [2. 2. 0. 0. 2. 2.]
 [0. 0. 5. 1. 2. 2.]
 [5. 0. 0. 3. 2. 2.]]",2,4,13,11,20,4,perdido,0
518,28,9.0,mejorada,4,4,C:\Users\sescu\AppData\Local\Temp\_fp_repo\analisis\..\tableros\tablero_final.txt,1423069386716347727,"[[2. 0. 2. 2. 5. 2.]
 [2. 2. 0. 2. 2. 2.]
 [2. 2. 2. 2. 2. 5.]
 [2. 2. 2. 2. 2. 3.]
 [2. 2. 5. 2. 2. 2.]
 [0. 2. 0. 2. 2. 2.]
 [0. 5. 0. 1. 2. 2.]
 [5. 0. 0. 3. 2. 2.]]",4,4,25,33,9,4,perdido,0
519,28,9.0,mejorada,6,2,C:\Users\sescu\AppData\Local\Temp\_fp_repo\analisis\..\tableros\tablero_final.txt,1423069386716347727,"[[3. 0. 1. 0. 1. 0.]
 [0. 1. 1. 0. 0. 0.]
 [0. 0. 0. 0. 0. 0.]
 [0. 0. 1. 5. 0. 0.]
 [1. 0. 5. 3. 0. 5.]
 [0. 2. 2. 1. 2. 2.]
 [0. 5. 0. 3. 2. 2.]
 [5. 0. 0. 2. 2. 2.]]",2,2,24,9,9,6,perdido,0
520,28,5.0,mejorada,6,3,C:\Users\sescu\AppData\Local\Temp\_fp_repo\analisis\..\tableros\tablero_final.txt,1423069386716347727,"[[0. 2. 2. 2. 5. 2.]
 [0. 0. 2. 2. 2. 2.]
 [5. 0. 2. 2. 2. 5.]
 [0. 0. 3. 2. 2. 0.]
 [1. 0. 1. 2. 0. 0.]
 [0. 2. 0. 2. 0. 0.]
 [0. 5. 0. 0. 0. 3.]
 [5. 0. 0. 2. 3. 0.]]",1,4,15,19,5,6,perdido,0
521,28,4.0,mejorada,6,4,C:\Users\sescu\AppData\Local\Temp\_fp_repo\analisis\..\tableros\tablero_final.txt,1423069386716347727,"[[0. 0. 0. 2. 2. 2.]
 [0. 0. 2. 2. 2. 2.]
 [5. 5. 2. 2. 2. 5.]
 [0. 5. 1. 0. 2. 2.]
 [1. 0. 0. 2. 2. 2.]
 [3. 0. 0. 0. 0. 0.]
 [0. 5. 1. 0. 0. 3.]
 [5. 0. 0. 3. 1. 0.]]",0,0,24,16,4,6,perdido,0
522,29,6.0,aleatoria,2,2,C:\Users\sescu\AppData\Local\Temp\_fp_repo\analisis\..\tableros\tablero_final.txt,6300014615139381524,"[[0. 1. 0. 2. 2. 2.]
 [0. 0. 0. 2. 5. 2.]
 [1. 0. 2. 2. 2. 5.]
 [5. 0. 0. 0. 2. 2.]
 [2. 0. 5. 0. 0. 2.]
 [3. 2. 0. 0. 0. 0.]
 [3. 5. 0. 0. 0. 3.]
 [0. 0. 0. 5. 0. 0.]]",0,0,24,14,6,2,perdido,0
523,29,13.0,aleatoria,2,3,C:\Users\sescu\AppData\Local\Temp\_fp_repo\analisis\..\tableros\tablero_final.txt,6300014615139381524,"[[5. 1. 0. 0. 0. 0.]
 [2. 0. 0. 0. 2. 0.]
 [2. 0. 2. 2. 2. 2.]
 [0. 0. 0. 2. 2. 2.]
 [5. 0. 5. 2. 2. 0.]
 [1. 0. 5. 2. 3. 2.]
 [0. 0. 5. 0. 3. 2.]
 [1. 1. 0. 0. 0. 2.]]",0,1,26,16,13,2,perdido,0
524,29,10.0,aleatoria,2,4,C:\Users\sescu\AppData\Local\Temp\_fp_repo\analisis\..\tableros\tablero_final.txt,6300014615139381524,"[[2. 2. 1. 0. 0. 0.]
 [2. 2. 0. 0. 5. 0.]
 [0. 2. 0. 0. 5. 5.]
 [0. 0. 0. 0. 2. 2.]
 [1. 0. 0. 2. 2. 2.]
 [3. 5. 0. 0. 0. 0.]
 [5. 0. 0. 0. 0. 3.]
 [0. 5. 0. 3. 1. 0.]]",1,1,26,10,10,2,perdido,0
525,29,7.0,aleatoria,4,2,C:\Users\sescu\AppData\Local\Temp\_fp_repo\analisis\..\tableros\tablero_final.txt,6300014615139381524,"[[2. 0. 0. 2. 0. 0.]
 [2. 0. 5. 0. 5. 0.]
 [5. 2. 0. 0. 0. 0.]
 [2. 2. 2. 0. 2. 2.]
 [2. 2. 2. 2. 2. 2.]
 [0. 2. 0. 0. 2. 0.]
 [2. 2. 3. 5. 2. 2.]
 [5. 0. 3. 0. 2. 0.]]",0,2,26,23,7,4,perdido,0
526,29,9.0,aleatoria,4,3,C:\Users\sescu\AppData\Local\Temp\_fp_repo\analisis\..\tableros\tablero_final.txt,6300014615139381524,"[[2. 2. 2. 0. 2. 2.]
 [5. 2. 0. 5. 2. 2.]
 [1. 0. 2. 2. 2. 2.]
 [5. 2. 0. 0. 2. 2.]
 [0. 2. 0. 3. 0. 2.]
 [5. 1. 0. 2. 3. 2.]
 [0. 0. 5. 0. 0. 2.]
 [0. 0. 0. 3. 2. 2.]]",1,4,16,22,9,4,perdido,0
527,29,5.0,aleatoria,4,4,C:\Users\sescu\AppData\Local\Temp\_fp_repo\analisis\..\tableros\tablero_final.txt,6300014615139381524,"[[1. 5. 0. 1. 0. 0.]
 [0. 0. 5. 0. 0. 0.]
 [5. 0. 0. 0. 0. 3.]
 [0. 3. 2. 0. 2. 2.]
 [2. 2. 2. 2. 0. 0.]
 [0. 2. 0. 0. 0. 0.]
 [2. 2. 0. 5. 0. 3.]
 [5. 2. 2. 2. 1. 0.]]",0,0,24,14,5,4,perdido,0
528,29,6.0,aleatoria,6,2,C:\Users\sescu\AppData\Local\Temp\_fp_repo\analisis\..\tableros\tablero_final.txt,6300014615139381524,"[[2. 2. 3. 2. 2. 2.]
 [0. 2. 2. 0. 0. 5.]
 [5. 2. 2. 2. 2. 2.]
 [0. 0. 5. 2. 2. 2.]
 [1. 1. 0. 2. 2. 2.]
 [0. 2. 0. 2. 2. 2.]
 [2. 2. 2. 2. 3. 3.]
 [5. 2. 2. 2. 0. 0.]]",0,3,27,31,6,6,perdido,0
529,29,6.0,aleatoria,6,3,C:\Users\sescu\AppData\Local\Temp\_fp_repo\analisis\..\tableros\tablero_final.txt,6300014615139381524,"[[2. 2. 2. 0. 0. 2.]
 [2. 2. 2. 0. 0. 5.]
 [5. 2. 2. 2. 5. 5.]
 [0. 2. 0. 0. 2. 2.]
 [2. 3. 2. 2. 2. 2.]
 [2. 2. 2. 2. 2. 2.]
 [2. 2. 2. 0. 2. 2.]
 [5. 2. 2. 2. 2. 3.]]",0,5,31,35,6,6,perdido,0
530,29,5.0,aleatoria,6,4,C:\Users\sescu\AppData\Local\Temp\_fp_repo\analisis\..\tableros\tablero_final.txt,6300014615139381524,"[[2. 2. 0. 5. 2. 2.]
 [2. 2. 2. 2. 2. 2.]
 [5. 2. 2. 2. 2. 2.]
 [2. 0. 5. 0. 2. 3.]
 [2. 2. 0. 2. 2. 2.]
 [2. 2. 0. 3. 1. 0.]
 [2. 2. 5. 2. 0. 3.]
 [5. 0. 2. 2. 1. 0.]]",0,2,28,30,5,6,perdido,0
531,29,21.0,mejorada,2,2,C:\Users\sescu\AppData\Local\Temp\_fp_repo\analisis\..\tableros\tablero_final.txt,6300014615139381524,"[[0. 1. 0. 1. 1. 1.]
 [0. 0. 0. 0. 1. 0.]
 [5. 0. 0. 0. 1. 0.]
 [0. 0. 0. 0. 5. 0.]
 [0. 5. 0. 0. 0. 0.]
 [0. 0. 0. 0. 0. 1.]
 [0. 5. 0. 2. 0. 3.]
 [5. 0. 0. 3. 2. 0.]]",7,1,6,2,21,2,ganado,1
532,29,47.0,mejorada,2,3,C:\Users\sescu\AppData\Local\Temp\_fp_repo\analisis\..\tableros\tablero_final.txt,6300014615139381524,"[[0. 0. 0. 0. 0. 0.]
 [1. 0. 0. 0. 0. 0.]
 [0. 0. 0. 0. 5. 5.]
 [1. 0. 0. 0. 5. 0.]
 [0. 1. 1. 1. 0. 0.]
 [2. 0. 0. 0. 0. 1.]
 [0. 0. 5. 1. 0. 0.]
 [5. 0. 0. 3. 1. 0.]]",7,2,10,1,47,2,ganado,1
533,29,21.0,mejorada,2,4,C:\Users\sescu\AppData\Local\Temp\_fp_repo\analisis\..\tableros\tablero_final.txt,6300014615139381524,"[[0. 1. 0. 0. 5. 2.]
 [5. 0. 0. 0. 2. 2.]
 [0. 0. 0. 0. 2. 2.]
 [0. 0. 0. 0. 2. 2.]
 [0. 1. 5. 0. 3. 2.]
 [2. 0. 5. 0. 2. 2.]
 [0. 0. 0. 0. 2. 2.]
 [0. 0. 0. 0. 5. 2.]]",5,3,27,14,21,2,perdido,0
534,29,24.0,mejorada,4,2,C:\Users\sescu\AppData\Local\Temp\_fp_repo\analisis\..\tableros\tablero_final.txt,6300014615139381524,"[[1. 0. 0. 0. 0. 0.]
 [0. 0. 0. 0. 0. 0.]
 [0. 4. 5. 2. 0. 5.]
 [5. 4. 2. 0. 0. 0.]
 [2. 0. 2. 0. 0. 0.]
 [0. 0. 0. 5. 0. 2.]
 [2. 0. 0. 0. 0. 0.]
 [1. 5. 0. 0. 1. 0.]]",7,1,19,6,24,4,ganado,1
535,29,11.0,mejorada,4,3,C:\Users\sescu\AppData\Local\Temp\_fp_repo\analisis\..\tableros\tablero_final.txt,6300014615139381524,"[[0. 0. 0. 1. 0. 2.]
 [2. 0. 0. 5. 0. 2.]
 [2. 0. 0. 0. 5. 5.]
 [2. 0. 2. 5. 2. 2.]
 [2. 2. 0. 0. 2. 2.]
 [1. 3. 0. 3. 2. 2.]
 [0. 0. 5. 1. 2. 2.]
 [5. 0. 0. 3. 2. 2.]]",4,1,24,18,11,4,perdido,0
536,29,14.0,mejorada,4,4,C:\Users\sescu\AppData\Local\Temp\_fp_repo\analisis\..\tableros\tablero_final.txt,6300014615139381524,"[[0. 0. 0. 0. 5. 0.]
 [2. 0. 0. 0. 0. 2.]
 [2. 0. 3. 2. 2. 5.]
 [0. 1. 1. 2. 2. 2.]
 [0. 0. 1. 2. 2. 2.]
 [1. 0. 2. 2. 2. 2.]
 [0. 0. 0. 1. 2. 3.]
 [5. 5. 0. 3. 2. 2.]]",3,2,24,19,14,4,perdido,0
537,29,9.0,mejorada,6,2,C:\Users\sescu\AppData\Local\Temp\_fp_repo\analisis\..\tableros\tablero_final.txt,6300014615139381524,"[[2. 2. 2. 2. 5. 2.]
 [2. 2. 0. 2. 2. 2.]
 [5. 2. 0. 0. 5. 2.]
 [2. 2. 2. 0. 0. 0.]
 [2. 3. 0. 0. 1. 0.]
 [0. 1. 0. 0. 0. 5.]
 [3. 0. 0. 0. 2. 3.]
 [5. 5. 0. 1. 2. 2.]]",0,4,27,21,9,6,perdido,0
538,29,7.0,mejorada,6,3,C:\Users\sescu\AppData\Local\Temp\_fp_repo\analisis\..\tableros\tablero_final.txt,6300014615139381524,"[[3. 0. 0. 1. 0. 2.]
 [0. 3. 2. 0. 3. 2.]
 [5. 5. 2. 2. 2. 5.]
 [0. 2. 2. 2. 2. 2.]
 [0. 0. 2. 2. 2. 2.]
 [0. 0. 0. 2. 2. 2.]
 [0. 5. 5. 2. 2. 2.]
 [0. 1. 1. 2. 2. 2.]]",1,5,24,25,7,6,perdido,0
539,29,4.0,mejorada,6,4,C:\Users\sescu\AppData\Local\Temp\_fp_repo\analisis\..\tableros\tablero_final.txt,6300014615139381524,"[[0. 0. 2. 2. 2. 2.]
 [5. 2. 2. 2. 2. 2.]
 [5. 2. 2. 2. 2. 5.]
 [0. 5. 2. 2. 2. 2.]
 [1. 0. 2. 2. 3. 0.]
 [0. 2. 2. 2. 0. 0.]
 [2. 2. 2. 2. 0. 3.]
 [0. 5. 2. 5. 0. 3.]]",0,1,27,29,4,6,perdido,0
